Order_ID,Order_Date,Customer_ID,Product_ID,Store_ID,Quantity,Discount,Sales,Cost,Profit,Profit_Margin,Order_Month,Month_Name,Quarter
O000144,2025-12-31,C0758,P0083,S014,5,0.05,72140.39,58826.75,13313.64,0.1845518162571619,12,December,2025Q4
O000934,2025-12-31,C0469,P0017,S023,2,0.2,14948.19,16517.96,-1569.77,-0.10501405186848708,12,December,2025Q4
O001380,2025-12-31,C0818,P0010,S001,3,0.2,4100.69,3697.65,403.04,0.09828589822688379,12,December,2025Q4
O001426,2025-12-31,C0793,P0088,S013,4,0.0,136634.16,93721.72,42912.44,0.3140681656768703,12,December,2025Q4
O002127,2025-12-31,C0303,P0017,S012,5,0.1,42041.79,41294.9,746.89,0.01776541864654193,12,December,2025Q4
O002179,2025-12-31,C0613,P0118,S022,7,0.05,179112.23,136435.6,42676.63,0.23826753762152364,12,December,2025Q4
O002601,2025-12-31,C0576,P0035,S002,1,0.15,35344.51,28471.07,6873.44,0.194469805918939,12,December,2025Q4
O003240,2025-12-31,C0507,P0072,S005,4,0.0,118050.68,80442.44,37608.24,0.318577072152401,12,December,2025Q4
O003348,2025-12-31,C0336,P0090,S010,4,0.2,66701.73,73388.28,-6686.55,-0.10024552586567095,12,December,2025Q4
O004751,2025-12-31,C0020,P0072,S005,7,0.2,165270.95,140774.27,24496.68,0.14822132988283784,12,December,2025Q4
O005009,2025-12-31,C0374,P0026,S025,8,0.15,46071.7,35477.2,10594.5,0.2299567847507255,12,December,2025Q4
O005293,2025-12-31,C0391,P0056,S019,7,0.15,259101.26,197866.62,61234.64,0.23633478277952025,12,December,2025Q4
O005814,2025-12-31,C0800,P0004,S018,4,0.0,34066.32,24371.84,9694.48,0.28457667279588755,12,December,2025Q4
O000629,2025-12-30,C0793,P0027,S005,6,0.0,75140.16,56458.68,18681.48,0.24862177562571067,12,December,2025Q4
O000695,2025-12-30,C0312,P0004,S024,2,0.0,17033.16,12185.92,4847.24,0.28457667279588755,12,December,2025Q4
O000991,2025-12-30,C0367,P0025,S003,5,0.2,5915.56,5202.8,712.76,0.12048901541020629,12,December,2025Q4
O001162,2025-12-30,C0501,P0082,S023,6,0.2,66900.58,58371.18,8529.4,0.12749366298468562,12,December,2025Q4
O002438,2025-12-30,C0289,P0093,S016,4,0.05,129172.91,89693.36,39479.55,0.3056333560961041,12,December,2025Q4
O003722,2025-12-30,C0002,P0120,S012,3,0.1,33083.56,29667.24,3416.32,0.10326337310736815,12,December,2025Q4
O003932,2025-12-30,C0793,P0036,S024,7,0.0,96247.55,67585.35,28662.2,0.29779667118799386,12,December,2025Q4
O004121,2025-12-30,C0348,P0045,S009,3,0.1,21082.0,15609.15,5472.85,0.25959823546153116,12,December,2025Q4
O005614,2025-12-30,C0769,P0063,S021,1,0.0,2046.14,1824.24,221.9,0.10844810228039137,12,December,2025Q4
O005748,2025-12-30,C0117,P0097,S015,3,0.0,32072.55,24686.16,7386.39,0.23030254844095654,12,December,2025Q4
O000322,2025-12-29,C0060,P0106,S020,5,0.15,66052.56,56497.55,9555.01,0.14465767867286294,12,December,2025Q4
O000708,2025-12-29,C0487,P0047,S023,3,0.1,1763.07,1618.77,144.3,0.0818458711225306,12,December,2025Q4
O001550,2025-12-29,C0465,P0084,S005,2,0.0,47511.26,31373.42,16137.84,0.33966348187776957,12,December,2025Q4
O001820,2025-12-29,C0495,P0066,S018,2,0.0,33481.56,28624.82,4856.74,0.14505715982170483,12,December,2025Q4
O002157,2025-12-29,C0500,P0072,S020,7,0.15,175600.39,140774.27,34826.12,0.19832598321677988,12,December,2025Q4
O002323,2025-12-29,C0351,P0017,S012,5,0.15,39706.14,41294.9,-1588.76,-0.04001295517519457,12,December,2025Q4
O002566,2025-12-29,C0938,P0021,S003,1,0.05,23193.11,19774.56,3418.55,0.14739506689702245,12,December,2025Q4
O003034,2025-12-29,C0557,P0104,S004,3,0.0,23522.91,18400.41,5122.5,0.2177664243071967,12,December,2025Q4
O003629,2025-12-29,C0919,P0019,S019,5,0.1,144638.28,121489.45,23148.83,0.1600463584052576,12,December,2025Q4
O003833,2025-12-29,C0349,P0021,S004,2,0.15,41503.46,39549.12,1954.34,0.04708860417902507,12,December,2025Q4
O004589,2025-12-29,C0833,P0102,S025,7,0.05,8500.43,7438.62,1061.81,0.12491250442624666,12,December,2025Q4
O005530,2025-12-29,C0216,P0082,S010,4,0.1,50175.43,38914.12,11261.31,0.22443873425698593,12,December,2025Q4
O005711,2025-12-29,C0660,P0002,S014,1,0.0,26523.14,18982.87,7540.27,0.2842902461774888,12,December,2025Q4
O000654,2025-12-28,C0303,P0061,S010,3,0.15,63278.66,59657.46,3621.2,0.057226243412866196,12,December,2025Q4
O001069,2025-12-28,C0619,P0018,S025,5,0.0,7880.8,5366.2,2514.6,0.31907928129123947,12,December,2025Q4
O001168,2025-12-28,C0601,P0116,S003,4,0.1,44528.08,36815.68,7712.4,0.17320306646951764,12,December,2025Q4
O001218,2025-12-28,C0588,P0062,S021,4,0.1,58147.7,47633.96,10513.74,0.1808109349123009,12,December,2025Q4
O001637,2025-12-28,C0538,P0050,S017,2,0.0,38213.02,29787.68,8425.34,0.2204834896587603,12,December,2025Q4
O001686,2025-12-28,C0753,P0105,S012,4,0.1,65688.73,48115.52,17573.21,0.26752245019807813,12,December,2025Q4
O001690,2025-12-28,C0974,P0080,S016,5,0.0,99005.45,64082.85,34922.6,0.352734117162237,12,December,2025Q4
O001763,2025-12-28,C0942,P0109,S004,8,0.1,100418.26,93757.28,6660.98,0.06633235827826532,12,December,2025Q4
O001769,2025-12-28,C0814,P0067,S011,4,0.15,70542.79,59100.36,11442.43,0.16220552093275586,12,December,2025Q4
O001911,2025-12-28,C0249,P0098,S004,7,0.0,141508.15,93542.05,47966.1,0.33896351552896425,12,December,2025Q4
O002051,2025-12-28,C0499,P0032,S009,7,0.0,265199.76,177975.91,87223.85,0.32889867622806296,12,December,2025Q4
O003616,2025-12-28,C0610,P0051,S007,6,0.15,21795.92,19335.42,2460.5,0.11288810015819475,12,December,2025Q4
O003987,2025-12-28,C0789,P0070,S003,3,0.0,35737.71,24148.02,11589.69,0.32429861902175605,12,December,2025Q4
O004476,2025-12-28,C0619,P0090,S016,4,0.2,66701.73,73388.28,-6686.55,-0.10024552586567095,12,December,2025Q4
O004785,2025-12-28,C0101,P0075,S022,5,0.0,175358.1,132366.45,42991.65,0.24516489400831784,12,December,2025Q4
O005763,2025-12-28,C0333,P0041,S009,1,0.2,29670.75,25552.56,4118.19,0.13879628927479082,12,December,2025Q4
O000053,2025-12-27,C0890,P0087,S017,4,0.2,111192.96,91198.6,19994.36,0.17981677976735216,12,December,2025Q4
O000161,2025-12-27,C0992,P0067,S021,5,0.2,82991.52,73875.45,9116.07,0.10984339122840502,12,December,2025Q4
O000468,2025-12-27,C0824,P0037,S019,4,0.0,147855.84,106840.36,41015.48,0.27740182599483393,12,December,2025Q4
O000472,2025-12-27,C0611,P0115,S019,8,0.15,229124.03,204618.16,24505.87,0.10695460445593594,12,December,2025Q4
O000497,2025-12-27,C0574,P0106,S012,2,0.05,29529.38,22599.02,6930.36,0.2346937185948367,12,December,2025Q4
O001331,2025-12-27,C0457,P0119,S004,2,0.15,6674.23,6843.04,-168.81,-0.025292805312373115,12,December,2025Q4
O001803,2025-12-27,C0781,P0094,S014,1,0.0,15004.92,10268.41,4736.51,0.3156637956083738,12,December,2025Q4
O002045,2025-12-27,C0208,P0027,S022,5,0.05,59485.96,47048.9,12437.06,0.20907555329022176,12,December,2025Q4
O003002,2025-12-27,C0342,P0075,S008,5,0.0,175358.1,132366.45,42991.65,0.24516489400831784,12,December,2025Q4
O003272,2025-12-27,C0804,P0071,S004,1,0.2,5341.45,4703.69,637.76,0.11939829072630091,12,December,2025Q4
O003373,2025-12-27,C0966,P0057,S022,7,0.0,311238.69,206928.61,104310.08,0.33514496542830197,12,December,2025Q4
O003384,2025-12-27,C0196,P0109,S005,8,0.15,94839.46,93757.28,1082.18,0.011410651220494086,12,December,2025Q4
O003984,2025-12-27,C0280,P0111,S013,7,0.1,165697.12,137321.1,28376.02,0.17125234282889165,12,December,2025Q4
O004331,2025-12-27,C0061,P0032,S020,7,0.2,212159.81,177975.91,34183.9,0.1611233531930482,12,December,2025Q4
O004826,2025-12-27,C0119,P0120,S008,6,0.2,58815.22,59334.48,-519.26,-0.008828667137519846,12,December,2025Q4
O005012,2025-12-27,C0014,P0059,S001,6,0.2,10882.42,10775.76,106.66,0.009801128793044194,12,December,2025Q4
O005441,2025-12-27,C0207,P0021,S005,1,0.0,24413.8,19774.56,4639.24,0.1900253135521713,12,December,2025Q4
O000873,2025-12-26,C0456,P0063,S016,1,0.1,1841.53,1824.24,17.29,0.009388932029345164,12,December,2025Q4
O001418,2025-12-26,C0691,P0013,S011,7,0.2,51622.03,43006.88,8615.15,0.16688902005597223,12,December,2025Q4
O001677,2025-12-26,C0438,P0071,S005,2,0.1,12018.26,9407.38,2610.88,0.21724276226342248,12,December,2025Q4
O002952,2025-12-26,C0603,P0070,S024,7,0.1,75049.19,56345.38,18703.81,0.2492206777981215,12,December,2025Q4
O003110,2025-12-26,C0728,P0111,S010,1,0.0,26301.13,19617.3,6683.83,0.25412710404457906,12,December,2025Q4
O003278,2025-12-26,C0137,P0108,S016,2,0.05,60594.02,45038.08,15555.94,0.2567240133597342,12,December,2025Q4
O003796,2025-12-26,C0849,P0111,S020,1,0.0,26301.13,19617.3,6683.83,0.25412710404457906,12,December,2025Q4
O003995,2025-12-26,C0340,P0014,S018,2,0.2,44525.7,37992.96,6532.74,0.14671841206314556,12,December,2025Q4
O004910,2025-12-26,C0715,P0010,S007,3,0.05,4869.57,3697.65,1171.92,0.24066190649277044,12,December,2025Q4
O004970,2025-12-26,C0106,P0056,S003,2,0.05,82738.22,56533.32,26204.9,0.31672061593783385,12,December,2025Q4
O005190,2025-12-26,C0491,P0032,S024,7,0.15,225419.8,177975.91,47443.89,0.2104690448665113,12,December,2025Q4
O005431,2025-12-26,C0745,P0068,S021,3,0.0,59069.19,49244.88,9824.31,0.16631868491848287,12,December,2025Q4
O001243,2025-12-25,C0021,P0051,S018,8,0.0,34189.68,25780.56,8409.12,0.2459549197301642,12,December,2025Q4
O001566,2025-12-25,C0734,P0052,S013,7,0.0,194196.31,159569.62,34626.69,0.17830766197359776,12,December,2025Q4
O001747,2025-12-25,C0138,P0094,S006,2,0.0,30009.84,20536.82,9473.02,0.3156637956083738,12,December,2025Q4
O001888,2025-12-25,C0992,P0065,S018,5,0.0,18680.15,15451.05,3229.1,0.172862637612653,12,December,2025Q4
O002177,2025-12-25,C0658,P0072,S010,3,0.1,79684.21,60331.83,19352.38,0.2428634230043819,12,December,2025Q4
O002641,2025-12-25,C0528,P0013,S016,4,0.2,29498.3,24575.36,4922.94,0.16688893936260732,12,December,2025Q4
O003136,2025-12-25,C0875,P0061,S001,1,0.0,24815.16,19885.82,4929.34,0.19864228157303843,12,December,2025Q4
O003347,2025-12-25,C0850,P0084,S003,5,0.15,100961.43,78433.55,22527.88,0.22313352732820843,12,December,2025Q4
O003528,2025-12-25,C0631,P0025,S017,3,0.0,4436.67,3121.68,1314.99,0.29639121232816507,12,December,2025Q4
O004203,2025-12-25,C0448,P0091,S016,3,0.1,16738.7,13460.43,3278.27,0.19584973743480674,12,December,2025Q4
O004414,2025-12-25,C0630,P0012,S018,5,0.0,12509.6,10085.9,2423.7,0.19374720214874974,12,December,2025Q4
O004452,2025-12-25,C0418,P0049,S001,4,0.1,60447.49,46803.72,13643.77,0.22571276325948358,12,December,2025Q4
O004814,2025-12-25,C0525,P0057,S025,2,0.0,88925.34,59122.46,29802.88,0.335144965428302,12,December,2025Q4
O005063,2025-12-25,C0705,P0025,S015,7,0.0,10352.23,7283.92,3068.31,0.29639121232816507,12,December,2025Q4
O005485,2025-12-25,C0638,P0063,S009,8,0.05,15550.66,14593.92,956.74,0.06152407679159599,12,December,2025Q4
O005508,2025-12-25,C0142,P0064,S005,1,0.2,27500.4,24752.14,2748.26,0.09993527366874663,12,December,2025Q4
O005588,2025-12-25,C0220,P0024,S012,6,0.05,51929.28,43495.32,8433.96,0.16241241935185696,12,December,2025Q4
O005636,2025-12-25,C0028,P0025,S002,6,0.1,7986.01,6243.36,1742.65,0.2182128497209495,12,December,2025Q4
O005693,2025-12-25,C0079,P0033,S006,5,0.15,126536.78,105976.15,20560.63,0.16248738113930195,12,December,2025Q4
O000185,2025-12-24,C0543,P0055,S008,8,0.1,228270.17,213282.8,14987.37,0.06565627913625333,12,December,2025Q4
O000268,2025-12-24,C0553,P0023,S019,8,0.2,277792.51,224553.12,53239.39,0.1916516395636441,12,December,2025Q4
O000881,2025-12-24,C0447,P0003,S006,5,0.2,46511.2,39564.3,6946.9,0.1493597241094618,12,December,2025Q4
O001101,2025-12-24,C0969,P0006,S008,3,0.05,5531.54,4417.05,1114.49,0.20147915408728853,12,December,2025Q4
O001631,2025-12-24,C0820,P0014,S015,7,0.1,175319.93,132975.36,42344.57,0.2415274179039428,12,December,2025Q4
O001642,2025-12-24,C0332,P0076,S019,6,0.15,197266.67,162616.56,34650.11,0.17565111227355334,12,December,2025Q4
O001902,2025-12-24,C0966,P0068,S007,3,0.0,59069.19,49244.88,9824.31,0.16631868491848287,12,December,2025Q4
O002489,2025-12-24,C0441,P0003,S023,6,0.2,55813.44,47477.16,8336.28,0.1493597241094618,12,December,2025Q4
O002556,2025-12-24,C0700,P0049,S006,7,0.0,117536.79,81906.51,35630.28,0.3031415099901912,12,December,2025Q4
O002695,2025-12-24,C0069,P0096,S008,8,0.15,44000.49,33637.52,10362.97,0.23551942262461167,12,December,2025Q4
O002798,2025-12-24,C0652,P0012,S017,3,0.15,6379.9,6051.54,328.36,0.05146789134625935,12,December,2025Q4
O003376,2025-12-24,C0964,P0011,S022,3,0.0,35000.4,26982.39,8018.01,0.2290833819042068,12,December,2025Q4
O003402,2025-12-24,C0987,P0048,S008,1,0.0,9154.82,7848.41,1306.41,0.1427018772624694,12,December,2025Q4
O003715,2025-12-24,C0204,P0015,S024,1,0.0,29950.22,23501.09,6449.13,0.2153283014281698,12,December,2025Q4
O004146,2025-12-24,C0619,P0029,S024,4,0.0,1335.16,881.48,453.68,0.33979448156026243,12,December,2025Q4
O004663,2025-12-24,C0226,P0035,S020,1,0.0,41581.78,28471.07,13110.71,0.31529939314767186,12,December,2025Q4
O004691,2025-12-24,C0542,P0103,S012,1,0.0,10049.49,7634.81,2414.68,0.2402788599222448,12,December,2025Q4
O004941,2025-12-24,C0721,P0035,S011,2,0.2,66530.85,56942.14,9588.71,0.14412426716327836,12,December,2025Q4
O005049,2025-12-24,C0263,P0099,S015,1,0.05,18661.94,14636.92,4025.02,0.21568068485913042,12,December,2025Q4
O005927,2025-12-24,C0831,P0076,S018,4,0.05,146983.01,108411.04,38571.97,0.26242468432235805,12,December,2025Q4
O000546,2025-12-23,C0189,P0033,S010,8,0.2,190549.5,169561.84,20987.66,0.1101428237806974,12,December,2025Q4
O000582,2025-12-23,C0379,P0071,S006,8,0.0,53414.48,37629.52,15784.96,0.29551836880186794,12,December,2025Q4
O000616,2025-12-23,C0842,P0013,S015,8,0.0,73745.76,49150.72,24595.04,0.3335112418666511,12,December,2025Q4
O000748,2025-12-23,C0481,P0076,S001,6,0.1,208870.6,162616.56,46254.04,0.22144830339932953,12,December,2025Q4
O001116,2025-12-23,C0049,P0108,S021,2,0.1,57404.86,45038.08,12366.78,0.21543088860420528,12,December,2025Q4
O001175,2025-12-23,C0428,P0068,S014,5,0.2,78758.92,82074.8,-3315.88,-0.042101643851896395,12,December,2025Q4
O001224,2025-12-23,C0946,P0025,S023,7,0.0,10352.23,7283.92,3068.31,0.29639121232816507,12,December,2025Q4
O001227,2025-12-23,C0495,P0038,S005,4,0.0,117810.36,80131.36,37679.0,0.31982756015684866,12,December,2025Q4
O001260,2025-12-23,C0662,P0025,S023,6,0.15,7542.34,6243.36,1298.98,0.17222506543062233,12,December,2025Q4
O001394,2025-12-23,C0721,P0019,S013,1,0.2,25713.47,24297.89,1415.58,0.05505207970763961,12,December,2025Q4
O001534,2025-12-23,C0466,P0064,S021,2,0.05,65313.45,49504.28,15809.17,0.2420507567736814,12,December,2025Q4
O001784,2025-12-23,C0408,P0091,S005,8,0.1,44636.54,35894.48,8742.06,0.19584985753824108,12,December,2025Q4
O001875,2025-12-23,C0089,P0073,S015,2,0.0,16001.0,13959.76,2041.24,0.12756952690456846,12,December,2025Q4
O002407,2025-12-23,C0425,P0071,S003,1,0.0,6676.81,4703.69,1973.12,0.29551836880186794,12,December,2025Q4
O002770,2025-12-23,C0747,P0001,S016,4,0.1,21733.99,16381.24,5352.75,0.24628473648879012,12,December,2025Q4
O003444,2025-12-23,C0153,P0029,S005,3,0.2,801.1,661.11,139.99,0.1747472225689677,12,December,2025Q4
O003572,2025-12-23,C0591,P0068,S018,8,0.2,126014.27,131319.68,-5305.41,-0.04210166039131917,12,December,2025Q4
O004293,2025-12-23,C0606,P0069,S022,4,0.0,26247.6,23040.68,3206.92,0.12217955165424649,12,December,2025Q4
O004684,2025-12-23,C0086,P0048,S022,8,0.05,69576.63,62787.28,6789.35,0.09758089749388552,12,December,2025Q4
O005231,2025-12-23,C0598,P0099,S013,1,0.1,17679.74,14636.92,3042.82,0.17210773461600679,12,December,2025Q4
O005703,2025-12-23,C0070,P0008,S009,7,0.1,95301.11,81237.38,14063.73,0.14757152356357653,12,December,2025Q4
O000019,2025-12-22,C0899,P0045,S010,3,0.0,23424.45,15609.15,7815.3,0.33363856995575136,12,December,2025Q4
O000030,2025-12-22,C0703,P0081,S001,5,0.1,187101.54,149593.1,37508.44,0.20047103834634392,12,December,2025Q4
O000431,2025-12-22,C0881,P0036,S011,7,0.15,81810.42,67585.35,14225.07,0.17387846193675574,12,December,2025Q4
O000586,2025-12-22,C0827,P0102,S025,8,0.2,8180.86,8501.28,-320.42,-0.03916703133900348,12,December,2025Q4
O000795,2025-12-22,C0029,P0098,S002,3,0.2,48517.08,40089.45,8427.63,0.17370439441120528,12,December,2025Q4
O001014,2025-12-22,C0067,P0101,S005,1,0.1,16228.25,15302.5,925.75,0.057045584089473605,12,December,2025Q4
O001055,2025-12-22,C0495,P0092,S016,8,0.05,136551.94,95956.96,40594.98,0.29728599974485903,12,December,2025Q4
O001131,2025-12-22,C0137,P0043,S006,6,0.2,107688.62,115568.82,-7880.2,-0.07317579146245907,12,December,2025Q4
O001385,2025-12-22,C0997,P0053,S020,6,0.0,163457.82,144096.0,19361.82,0.11845147573851161,12,December,2025Q4
O002255,2025-12-22,C0408,P0037,S018,5,0.05,175578.81,133550.45,42028.36,0.23937034315245673,12,December,2025Q4
O002260,2025-12-22,C0826,P0009,S008,7,0.15,200894.19,190872.29,10021.9,0.04988646013107696,12,December,2025Q4
O002433,2025-12-22,C0571,P0035,S009,1,0.2,33265.42,28471.07,4794.35,0.1441241385198203,12,December,2025Q4
O002869,2025-12-22,C0099,P0015,S024,3,0.1,80865.59,70503.27,10362.32,0.12814251401615942,12,December,2025Q4
O002901,2025-12-22,C0580,P0079,S014,6,0.0,256870.5,175023.06,81847.44,0.31863308554310443,12,December,2025Q4
O002970,2025-12-22,C0671,P0057,S003,6,0.0,266776.02,177367.38,89408.64,0.33514496542830197,12,December,2025Q4
O003665,2025-12-22,C0037,P0103,S021,4,0.15,34168.27,30539.24,3629.03,0.10621052807180464,12,December,2025Q4
O003742,2025-12-22,C0114,P0046,S019,7,0.15,172019.74,141167.11,30852.63,0.17935517167971537,12,December,2025Q4
O004215,2025-12-22,C0455,P0006,S005,7,0.1,12227.61,10306.45,1921.16,0.15711655834623448,12,December,2025Q4
O004223,2025-12-22,C0048,P0054,S001,3,0.1,25106.84,23944.83,1162.01,0.04628260665221111,12,December,2025Q4
O004472,2025-12-22,C0490,P0109,S016,2,0.15,23709.87,23439.32,270.55,0.01141085969682668,12,December,2025Q4
O005254,2025-12-22,C0432,P0116,S008,2,0.0,24737.82,18407.84,6329.98,0.25588269297779676,12,December,2025Q4
O005859,2025-12-22,C0569,P0020,S009,7,0.0,323023.82,209917.75,113106.07,0.3501477692883454,12,December,2025Q4
O001033,2025-12-21,C0340,P0110,S019,6,0.15,183583.68,154451.46,29132.22,0.158686327673571,12,December,2025Q4
O001205,2025-12-21,C0341,P0112,S008,2,0.2,61222.11,54726.32,6495.79,0.106102027519143,12,December,2025Q4
O001455,2025-12-21,C0585,P0050,S001,4,0.0,76426.04,59575.36,16850.68,0.2204834896587603,12,December,2025Q4
O003021,2025-12-21,C0439,P0043,S001,3,0.0,67305.39,57784.41,9520.98,0.14145939871977564,12,December,2025Q4
O003289,2025-12-21,C0535,P0050,S015,7,0.1,120371.01,104256.88,16114.13,0.13387052247879286,12,December,2025Q4
O003627,2025-12-21,C0691,P0103,S022,7,0.15,59794.47,53443.67,6350.8,0.10621049070256831,12,December,2025Q4
O004110,2025-12-21,C0142,P0046,S020,3,0.0,86732.64,60500.19,26232.45,0.3024518797075703,12,December,2025Q4
O000028,2025-12-20,C0119,P0054,S015,7,0.0,65091.81,55871.27,9220.54,0.14165438017471016,12,December,2025Q4
O000342,2025-12-20,C0720,P0074,S004,5,0.0,85575.05,63376.2,22198.85,0.2594079699632077,12,December,2025Q4
O000539,2025-12-20,C0185,P0041,S018,1,0.2,29670.75,25552.56,4118.19,0.13879628927479082,12,December,2025Q4
O000623,2025-12-20,C0341,P0068,S002,5,0.1,88603.78,82074.8,6528.98,0.07368737541445748,12,December,2025Q4
O001117,2025-12-20,C0316,P0057,S002,1,0.0,44462.67,29561.23,14901.44,0.335144965428302,12,December,2025Q4
O002017,2025-12-20,C0735,P0059,S006,1,0.15,1927.09,1795.96,131.13,0.06804560243683482,12,December,2025Q4
O002351,2025-12-20,C0362,P0053,S015,8,0.05,207046.57,192128.0,14918.57,0.07205417602426352,12,December,2025Q4
O002754,2025-12-20,C0789,P0071,S014,6,0.0,40060.86,28222.14,11838.72,0.29551836880186794,12,December,2025Q4
O002802,2025-12-20,C0025,P0111,S024,1,0.0,26301.13,19617.3,6683.83,0.25412710404457906,12,December,2025Q4
O002882,2025-12-20,C0711,P0003,S020,1,0.15,9883.63,7912.86,1970.77,0.19939738739714055,12,December,2025Q4
O003709,2025-12-20,C0066,P0006,S010,3,0.15,4949.27,4417.05,532.22,0.10753505062362732,12,December,2025Q4
O003714,2025-12-20,C0540,P0013,S021,3,0.15,23506.46,18431.52,5074.94,0.2158955453096723,12,December,2025Q4
O004704,2025-12-20,C0965,P0043,S023,1,0.2,17948.1,19261.47,-1313.37,-0.07317599077339662,12,December,2025Q4
O004749,2025-12-20,C0171,P0100,S025,1,0.0,18484.96,15555.04,2929.92,0.1585029126381664,12,December,2025Q4
O005057,2025-12-20,C0888,P0013,S017,8,0.1,66371.18,49150.72,17220.46,0.25945689077699086,12,December,2025Q4
O005093,2025-12-20,C0095,P0104,S021,5,0.05,37244.61,30667.35,6577.26,0.17659629138283364,12,December,2025Q4
O000434,2025-12-19,C0620,P0120,S023,5,0.1,55139.26,49445.4,5693.86,0.10326326468654094,12,December,2025Q4
O001085,2025-12-19,C0618,P0063,S001,3,0.0,6138.42,5472.72,665.7,0.10844810228039138,12,December,2025Q4
O001234,2025-12-19,C0611,P0023,S021,7,0.2,243068.45,196483.98,46584.47,0.1916516520346429,12,December,2025Q4
O001353,2025-12-19,C0392,P0084,S009,4,0.1,85520.27,62746.84,22773.43,0.26629277480064084,12,December,2025Q4
O001520,2025-12-19,C0012,P0092,S011,4,0.1,64682.5,47978.48,16704.02,0.25824635720635414,12,December,2025Q4
O001540,2025-12-19,C0628,P0102,S013,5,0.2,5113.04,5313.3,-200.26,-0.039166523242532815,12,December,2025Q4
O001621,2025-12-19,C0206,P0015,S003,1,0.0,29950.22,23501.09,6449.13,0.2153283014281698,12,December,2025Q4
O001768,2025-12-19,C0323,P0115,S002,7,0.0,235862.97,179040.89,56822.08,0.2409114071615396,12,December,2025Q4
O002308,2025-12-19,C0838,P0047,S015,3,0.1,1763.07,1618.77,144.3,0.0818458711225306,12,December,2025Q4
O002471,2025-12-19,C0602,P0080,S012,8,0.0,158408.72,102532.56,55876.16,0.35273411716223707,12,December,2025Q4
O002649,2025-12-19,C0328,P0075,S008,8,0.1,252515.66,211786.32,40729.34,0.16129431339030614,12,December,2025Q4
O002804,2025-12-19,C0195,P0062,S004,8,0.15,109834.55,95267.92,14566.63,0.1326233867212093,12,December,2025Q4
O002841,2025-12-19,C0349,P0005,S010,1,0.05,38115.71,27171.32,10944.39,0.2871359342381396,12,December,2025Q4
O002855,2025-12-19,C0387,P0043,S016,8,0.05,170506.99,154091.76,16415.23,0.09627306188444239,12,December,2025Q4
O003338,2025-12-19,C0269,P0092,S015,4,0.0,71869.44,47978.48,23890.96,0.33242168020232243,12,December,2025Q4
O003717,2025-12-19,C0764,P0022,S023,1,0.0,26771.84,17355.62,9416.22,0.3517210621309555,12,December,2025Q4
O003919,2025-12-19,C0391,P0028,S002,8,0.0,69272.72,57057.44,12215.28,0.17633608150510044,12,December,2025Q4
O003991,2025-12-19,C0333,P0116,S005,8,0.0,98951.28,73631.36,25319.92,0.25588269297779676,12,December,2025Q4
O005473,2025-12-19,C0677,P0020,S019,3,0.05,131516.84,89964.75,41552.09,0.3159450151022485,12,December,2025Q4
O000022,2025-12-18,C0138,P0044,S016,6,0.0,69683.7,60412.92,9270.78,0.13304086895500672,12,December,2025Q4
O000178,2025-12-18,C0351,P0119,S015,2,0.0,7852.04,6843.04,1009.0,0.1285016377909435,12,December,2025Q4
O000233,2025-12-18,C0795,P0023,S015,2,0.2,69448.13,56138.28,13309.85,0.19165166866264072,12,December,2025Q4
O000393,2025-12-18,C0027,P0046,S003,8,0.0,231287.04,161333.84,69953.2,0.30245187970757026,12,December,2025Q4
O000767,2025-12-18,C0616,P0031,S013,4,0.0,4682.08,3412.0,1270.08,0.2712640535830229,12,December,2025Q4
O000799,2025-12-18,C0421,P0102,S011,8,0.1,9203.47,8501.28,702.19,0.07629622305499992,12,December,2025Q4
O000852,2025-12-18,C0731,P0020,S016,2,0.05,87677.89,59976.5,27701.39,0.31594498909588264,12,December,2025Q4
O001885,2025-12-18,C0852,P0022,S002,7,0.0,187402.88,121489.34,65913.54,0.35172106213095544,12,December,2025Q4
O001970,2025-12-18,C0984,P0082,S025,6,0.15,71081.86,58371.18,12710.68,0.178817492958119,12,December,2025Q4
O002483,2025-12-18,C0159,P0108,S003,4,0.1,114809.72,90076.16,24733.56,0.21543088860420528,12,December,2025Q4
O002525,2025-12-18,C0703,P0047,S023,6,0.0,3917.94,3237.54,680.4,0.1736626900871376,12,December,2025Q4
O002559,2025-12-18,C0958,P0073,S008,2,0.1,14400.9,13959.76,441.14,0.03063280767174274,12,December,2025Q4
O002907,2025-12-18,C0904,P0019,S025,4,0.15,109282.26,97191.56,12090.7,0.11063735321725596,12,December,2025Q4
O002948,2025-12-18,C0622,P0057,S008,7,0.0,311238.69,206928.61,104310.08,0.33514496542830197,12,December,2025Q4
O003212,2025-12-18,C0800,P0062,S012,4,0.2,51686.85,47633.96,4052.89,0.0784124008330939,12,December,2025Q4
O003273,2025-12-18,C0667,P0097,S024,6,0.0,64145.1,49372.32,14772.78,0.23030254844095654,12,December,2025Q4
O003374,2025-12-18,C0720,P0023,S006,1,0.1,39064.57,28069.14,10995.43,0.28146809244284526,12,December,2025Q4
O003394,2025-12-18,C0581,P0044,S005,1,0.05,11033.25,10068.82,964.43,0.08741123422382344,12,December,2025Q4
O004471,2025-12-18,C0480,P0007,S025,3,0.0,56292.78,39324.18,16968.6,0.3014347488256931,12,December,2025Q4
O005210,2025-12-18,C0672,P0119,S023,5,0.2,15704.08,17107.6,-1403.52,-0.08937295276132062,12,December,2025Q4
O005324,2025-12-18,C0099,P0050,S016,5,0.05,90755.92,74469.2,16286.72,0.17945628230092317,12,December,2025Q4
O005434,2025-12-18,C0086,P0082,S016,6,0.2,66900.58,58371.18,8529.4,0.12749366298468562,12,December,2025Q4
O005943,2025-12-18,C0973,P0114,S023,7,0.1,255270.77,203121.31,52149.46,0.20429076153137316,12,December,2025Q4
O000096,2025-12-17,C0321,P0071,S002,1,0.2,5341.45,4703.69,637.76,0.11939829072630091,12,December,2025Q4
O000687,2025-12-17,C0715,P0089,S012,2,0.15,55281.7,52722.46,2559.24,0.04629452422772816,12,December,2025Q4
O001093,2025-12-17,C0470,P0036,S007,1,0.0,13749.65,9655.05,4094.6,0.29779667118799386,12,December,2025Q4
O001373,2025-12-17,C0394,P0088,S023,2,0.1,61485.37,46860.86,14624.51,0.23785349262759578,12,December,2025Q4
O001675,2025-12-17,C0756,P0003,S018,8,0.0,93022.4,63302.88,29719.52,0.3194877792875695,12,December,2025Q4
O002036,2025-12-17,C0308,P0119,S020,4,0.15,13348.47,13686.08,-337.61,-0.025292037214751956,12,December,2025Q4
O003069,2025-12-17,C0216,P0089,S024,6,0.2,156089.52,158167.38,-2077.86,-0.013311976358182152,12,December,2025Q4
O003356,2025-12-17,C0188,P0009,S015,5,0.0,168818.65,136337.35,32481.3,0.19240350518144766,12,December,2025Q4
O003465,2025-12-17,C0314,P0078,S025,4,0.2,17506.24,15137.6,2368.64,0.13530261209717218,12,December,2025Q4
O003574,2025-12-17,C0586,P0116,S023,5,0.0,61844.55,46019.6,15824.95,0.25588269297779676,12,December,2025Q4
O004318,2025-12-17,C0116,P0093,S020,7,0.0,237950.09,156963.38,80986.71,0.3403516678644669,12,December,2025Q4
O004520,2025-12-17,C0462,P0056,S024,3,0.0,130639.29,84799.98,45839.31,0.3508845616047056,12,December,2025Q4
O004676,2025-12-17,C0450,P0049,S009,2,0.05,31902.84,23401.86,8500.98,0.2664646783797304,12,December,2025Q4
O005178,2025-12-17,C0707,P0059,S022,6,0.05,12922.87,10775.76,2147.11,0.16614807701385217,12,December,2025Q4
O005484,2025-12-17,C0807,P0091,S011,3,0.15,15808.78,13460.43,2348.35,0.14854719972066155,12,December,2025Q4
O000091,2025-12-16,C0257,P0019,S002,5,0.0,160709.2,121489.45,39219.75,0.2440417225647318,12,December,2025Q4
O000112,2025-12-16,C0907,P0042,S013,2,0.1,12727.78,11252.08,1475.7,0.1159432359767375,12,December,2025Q4
O000224,2025-12-16,C0953,P0117,S007,8,0.2,126640.06,140941.76,-14301.7,-0.11293187953322197,12,December,2025Q4
O001437,2025-12-16,C0044,P0080,S021,1,0.2,15840.87,12816.57,3024.3,0.19091754430154403,12,December,2025Q4
O001656,2025-12-16,C0748,P0117,S024,8,0.0,158300.08,140941.76,17358.32,0.10965452449550248,12,December,2025Q4
O001922,2025-12-16,C0530,P0107,S004,8,0.0,179776.72,141512.24,38264.48,0.21284446618004824,12,December,2025Q4
O002431,2025-12-16,C0812,P0004,S016,3,0.0,25549.74,18278.88,7270.86,0.2845766727958875,12,December,2025Q4
O002721,2025-12-16,C0522,P0031,S014,1,0.2,936.42,853.0,83.42,0.0890839580530104,12,December,2025Q4
O003453,2025-12-16,C0905,P0105,S022,2,0.1,32844.37,24057.76,8786.61,0.26752256170540034,12,December,2025Q4
O003526,2025-12-16,C0219,P0117,S008,3,0.0,59362.53,52853.16,6509.37,0.10965452449550246,12,December,2025Q4
O005043,2025-12-16,C0052,P0080,S024,4,0.0,79204.36,51266.28,27938.08,0.35273411716223707,12,December,2025Q4
O005398,2025-12-16,C0717,P0097,S014,7,0.05,71094.15,57601.04,13493.11,0.1897921277629735,12,December,2025Q4
O005613,2025-12-16,C0021,P0050,S009,1,0.15,16240.53,14893.84,1346.69,0.08292155489999403,12,December,2025Q4
O005626,2025-12-16,C0860,P0080,S021,2,0.0,39602.18,25633.14,13969.04,0.35273411716223707,12,December,2025Q4
O000293,2025-12-15,C0985,P0040,S011,3,0.2,865.34,760.74,104.6,0.12087734300968404,12,December,2025Q4
O001403,2025-12-15,C0971,P0113,S015,5,0.15,40329.23,34341.75,5987.48,0.14846502152409058,12,December,2025Q4
O001593,2025-12-15,C0154,P0067,S010,3,0.05,59131.46,44325.27,14806.19,0.25039446007252314,12,December,2025Q4
O001626,2025-12-15,C0450,P0110,S022,2,0.1,64794.24,51483.82,13310.42,0.20542597613615038,12,December,2025Q4
O002247,2025-12-15,C0585,P0091,S021,5,0.0,30997.6,22434.05,8563.55,0.27626493664025603,12,December,2025Q4
O002950,2025-12-15,C0327,P0053,S001,6,0.0,163457.82,144096.0,19361.82,0.11845147573851161,12,December,2025Q4
O002953,2025-12-15,C0950,P0016,S015,8,0.2,91192.19,83617.76,7574.43,0.08306007345585187,12,December,2025Q4
O002998,2025-12-15,C0295,P0106,S009,4,0.0,62167.12,45198.04,16969.08,0.27295908190696305,12,December,2025Q4
O003803,2025-12-15,C0862,P0045,S005,6,0.0,46848.9,31218.3,15630.6,0.33363856995575136,12,December,2025Q4
O004325,2025-12-15,C0842,P0113,S016,1,0.0,9489.23,6868.35,2620.88,0.2761952234269799,12,December,2025Q4
O005051,2025-12-15,C0562,P0028,S022,4,0.0,34636.36,28528.72,6107.64,0.17633608150510044,12,December,2025Q4
O005346,2025-12-15,C0289,P0028,S021,5,0.1,38965.9,35660.9,3305.0,0.08481775090527871,12,December,2025Q4
O005388,2025-12-15,C0248,P0080,S018,7,0.0,138607.63,89715.99,48891.64,0.352734117162237,12,December,2025Q4
O000728,2025-12-14,C0335,P0020,S010,2,0.0,92292.52,59976.5,32316.02,0.35014776928834535,12,December,2025Q4
O000961,2025-12-14,C0174,P0008,S020,6,0.0,90762.96,69632.04,21130.92,0.23281435510697313,12,December,2025Q4
O000999,2025-12-14,C0024,P0089,S022,5,0.2,130074.6,131806.15,-1731.55,-0.01331197635818215,12,December,2025Q4
O001230,2025-12-14,C0862,P0022,S002,2,0.05,50866.5,34711.24,16155.26,0.3176011716945337,12,December,2025Q4
O001310,2025-12-14,C0850,P0044,S014,1,0.1,10452.56,10068.82,383.74,0.0367125374071041,12,December,2025Q4
O001575,2025-12-14,C0779,P0110,S001,6,0.1,194382.72,154451.46,39931.26,0.20542597613615038,12,December,2025Q4
O001645,2025-12-14,C0488,P0042,S025,4,0.2,22627.17,22504.16,123.01,0.005436384664984618,12,December,2025Q4
O001950,2025-12-14,C0292,P0035,S001,7,0.0,291072.46,199297.49,91774.97,0.31529939314767186,12,December,2025Q4
O003472,2025-12-14,C0528,P0109,S017,1,0.15,11854.93,11719.66,135.27,0.011410442744073563,12,December,2025Q4
O003536,2025-12-14,C0574,P0081,S006,2,0.1,74840.62,59837.24,15003.38,0.20047108107869763,12,December,2025Q4
O004014,2025-12-14,C0130,P0106,S015,3,0.1,41962.81,33898.53,8064.28,0.19217683467813523,12,December,2025Q4
O004114,2025-12-14,C0240,P0023,S002,6,0.05,247408.96,168414.84,78994.12,0.3192856071178667,12,December,2025Q4
O004302,2025-12-14,C0842,P0095,S003,8,0.2,241265.92,202534.64,38731.28,0.16053357225090056,12,December,2025Q4
O004532,2025-12-14,C0555,P0031,S001,8,0.0,9364.16,6824.0,2540.16,0.2712640535830229,12,December,2025Q4
O005000,2025-12-14,C0988,P0007,S012,8,0.2,120091.26,104864.48,15226.78,0.1267934069473499,12,December,2025Q4
O005002,2025-12-14,C0594,P0075,S021,8,0.0,280572.96,211786.32,68786.64,0.2451648940083178,12,December,2025Q4
O005095,2025-12-14,C0796,P0117,S016,5,0.0,98937.55,88088.6,10848.95,0.10965452449550248,12,December,2025Q4
O005747,2025-12-14,C0341,P0019,S015,4,0.0,128567.36,97191.56,31375.8,0.2440417225647318,12,December,2025Q4
O005863,2025-12-14,C0390,P0081,S019,2,0.05,78998.43,59837.24,19161.19,0.24255152918861805,12,December,2025Q4
O000018,2025-12-13,C0005,P0081,S024,4,0.0,166312.48,119674.48,46638.0,0.2804239345117095,12,December,2025Q4
O000042,2025-12-13,C0321,P0055,S024,2,0.0,63408.38,53320.7,10087.68,0.1590906438549605,12,December,2025Q4
O000056,2025-12-13,C0657,P0050,S005,1,0.0,19106.51,14893.84,4212.67,0.2204834896587603,12,December,2025Q4
O000600,2025-12-13,C0920,P0042,S008,2,0.05,13434.88,11252.08,2182.8,0.1624726086128049,12,December,2025Q4
O001044,2025-12-13,C0141,P0049,S021,2,0.05,31902.84,23401.86,8500.98,0.2664646783797304,12,December,2025Q4
O002062,2025-12-13,C0995,P0091,S009,5,0.15,26347.96,22434.05,3913.91,0.14854698428265414,12,December,2025Q4
O003509,2025-12-13,C0026,P0089,S017,7,0.05,216249.02,184528.61,31720.41,0.14668464162288458,12,December,2025Q4
O004059,2025-12-13,C0611,P0113,S025,7,0.05,63103.38,48078.45,15024.93,0.23810024122321183,12,December,2025Q4
O004618,2025-12-13,C0927,P0005,S012,3,0.2,96292.32,81513.96,14778.36,0.15347392190779077,12,December,2025Q4
O004885,2025-12-13,C0288,P0090,S016,2,0.15,35435.29,36694.14,-1258.85,-0.03552531953315466,12,December,2025Q4
O005118,2025-12-13,C0136,P0089,S023,1,0.05,30892.72,26361.23,4531.49,0.14668472054257442,12,December,2025Q4
O005129,2025-12-13,C0359,P0045,S010,6,0.0,46848.9,31218.3,15630.6,0.33363856995575136,12,December,2025Q4
O005146,2025-12-13,C0721,P0093,S014,8,0.0,271942.96,179386.72,92556.24,0.34035166786446686,12,December,2025Q4
O005147,2025-12-13,C0824,P0013,S006,4,0.05,35029.24,24575.36,10453.88,0.29843296628759286,12,December,2025Q4
O005297,2025-12-13,C0017,P0107,S020,4,0.05,85393.94,70756.12,14637.82,0.17141520815177283,12,December,2025Q4
O005406,2025-12-13,C0813,P0010,S006,7,0.05,11362.32,8627.85,2734.47,0.24066123819783283,12,December,2025Q4
O005446,2025-12-13,C0525,P0114,S021,1,0.2,32415.34,29017.33,3398.01,0.10482722069242525,12,December,2025Q4
O005946,2025-12-13,C0911,P0060,S021,4,0.2,96020.26,83905.84,12114.42,0.12616524887560188,12,December,2025Q4
O000093,2025-12-12,C0758,P0072,S008,7,0.0,206588.69,140774.27,65814.42,0.318577072152401,12,December,2025Q4
O000235,2025-12-12,C0216,P0049,S019,2,0.05,31902.84,23401.86,8500.98,0.2664646783797304,12,December,2025Q4
O000626,2025-12-12,C0373,P0114,S002,2,0.1,72934.51,58034.66,14899.85,0.20429080828814783,12,December,2025Q4
O000717,2025-12-12,C0504,P0087,S004,7,0.1,218911.14,159597.55,59313.59,0.2709482486820908,12,December,2025Q4
O001736,2025-12-12,C0599,P0086,S005,5,0.05,70567.0,62751.9,7815.1,0.1107472331259654,12,December,2025Q4
O001962,2025-12-12,C0479,P0004,S005,3,0.15,21717.28,18278.88,3438.4,0.15832553616290806,12,December,2025Q4
O002418,2025-12-12,C0220,P0114,S019,5,0.05,192466.06,145086.65,47379.41,0.24617020787976854,12,December,2025Q4
O002478,2025-12-12,C0800,P0004,S017,8,0.0,68132.64,48743.68,19388.96,0.28457667279588755,12,December,2025Q4
O002958,2025-12-12,C0164,P0012,S013,6,0.0,15011.52,12103.08,2908.44,0.19374720214874977,12,December,2025Q4
O004294,2025-12-12,C0790,P0031,S011,5,0.2,4682.08,4265.0,417.08,0.08908006697877865,12,December,2025Q4
O004901,2025-12-12,C0117,P0051,S016,8,0.0,34189.68,25780.56,8409.12,0.2459549197301642,12,December,2025Q4
O005204,2025-12-12,C0514,P0065,S014,3,0.1,10087.28,9270.63,816.65,0.08095839512732866,12,December,2025Q4
O005301,2025-12-12,C0530,P0069,S020,4,0.0,26247.6,23040.68,3206.92,0.12217955165424649,12,December,2025Q4
O000427,2025-12-11,C0292,P0079,S022,3,0.1,115591.72,87511.53,28080.19,0.24292561785567338,12,December,2025Q4
O000538,2025-12-11,C0603,P0099,S007,6,0.2,94291.92,87821.52,6470.4,0.06862093804007809,12,December,2025Q4
O000709,2025-12-11,C0981,P0014,S006,6,0.1,150274.22,113978.88,36295.34,0.24152738906247523,12,December,2025Q4
O000867,2025-12-11,C0987,P0089,S022,7,0.05,216249.02,184528.61,31720.41,0.14668464162288458,12,December,2025Q4
O000885,2025-12-11,C0669,P0095,S012,8,0.0,301582.4,202534.64,99047.76,0.32842685780072045,12,December,2025Q4
O001001,2025-12-11,C0966,P0084,S002,6,0.1,128280.4,94120.26,34160.14,0.2662927462028494,12,December,2025Q4
O001772,2025-12-11,C0201,P0034,S016,3,0.1,34765.47,30688.56,4076.91,0.11726894530693817,12,December,2025Q4
O002037,2025-12-11,C0159,P0042,S006,4,0.1,25455.56,22504.16,2951.4,0.1159432359767375,12,December,2025Q4
O002161,2025-12-11,C0727,P0116,S020,7,0.1,77924.13,64427.44,13496.69,0.1732029603667054,12,December,2025Q4
O002553,2025-12-11,C0504,P0056,S017,6,0.05,248214.65,169599.96,78614.69,0.3167205884100717,12,December,2025Q4
O004256,2025-12-11,C0438,P0007,S010,8,0.2,120091.26,104864.48,15226.78,0.1267934069473499,12,December,2025Q4
O004420,2025-12-11,C0163,P0019,S001,6,0.0,192851.04,145787.34,47063.7,0.2440417225647318,12,December,2025Q4
O005396,2025-12-11,C0171,P0118,S024,4,0.15,91576.18,77963.2,13612.98,0.14865197478208853,12,December,2025Q4
O005515,2025-12-11,C0510,P0059,S011,6,0.15,11562.57,10775.76,786.81,0.06804802046603825,12,December,2025Q4
O005573,2025-12-11,C0946,P0029,S011,8,0.2,2136.26,1762.96,373.3,0.17474464718714014,12,December,2025Q4
O005996,2025-12-11,C0072,P0056,S022,3,0.1,117575.36,84799.98,32775.38,0.27876061787095524,12,December,2025Q4
O000001,2025-12-10,C0368,P0065,S010,3,0.2,8966.47,9270.63,-304.16,-0.03392193360374819,12,December,2025Q4
O000465,2025-12-10,C0121,P0035,S005,3,0.05,118508.07,85413.21,33094.86,0.2792625008575365,12,December,2025Q4
O000774,2025-12-10,C0674,P0114,S003,7,0.2,226907.35,203121.31,23786.04,0.10482710233934688,12,December,2025Q4
O000818,2025-12-10,C0991,P0103,S020,1,0.0,10049.49,7634.81,2414.68,0.2402788599222448,12,December,2025Q4
O000820,2025-12-10,C0380,P0017,S018,1,0.15,7941.23,8258.98,-317.75,-0.040012693247771444,12,December,2025Q4
O001109,2025-12-10,C0767,P0060,S016,8,0.0,240050.64,167811.68,72238.96,0.3009321699788011,12,December,2025Q4
O001235,2025-12-10,C0675,P0012,S025,8,0.2,16012.29,16137.44,-125.15,-0.007815871433754947,12,December,2025Q4
O001548,2025-12-10,C0222,P0060,S013,4,0.1,108022.79,83905.84,24116.95,0.22325798102418945,12,December,2025Q4
O002325,2025-12-10,C0087,P0104,S022,6,0.15,39988.95,36800.82,3188.13,0.07972527410697205,12,December,2025Q4
O002898,2025-12-10,C0679,P0078,S012,4,0.15,18600.38,15137.6,3462.78,0.18616716432675032,12,December,2025Q4
O002924,2025-12-10,C0134,P0077,S005,6,0.0,237494.22,162201.36,75292.86,0.3170302839370154,12,December,2025Q4
O003122,2025-12-10,C0376,P0058,S004,3,0.15,85898.59,84854.34,1044.25,0.012156776962229532,12,December,2025Q4
O003172,2025-12-10,C0953,P0109,S016,1,0.05,13249.63,11719.66,1529.97,0.11547265848178404,12,December,2025Q4
O004281,2025-12-10,C0653,P0039,S019,3,0.0,82551.6,66219.15,16332.45,0.19784534763711423,12,December,2025Q4
O004470,2025-12-10,C0573,P0059,S013,1,0.05,2153.81,1795.96,357.85,0.1661474317604617,12,December,2025Q4
O004591,2025-12-10,C0910,P0071,S009,8,0.1,48073.03,37629.52,10443.51,0.217242599436732,12,December,2025Q4
O004894,2025-12-10,C0463,P0064,S014,7,0.2,192502.8,173264.98,19237.82,0.09993527366874665,12,December,2025Q4
O000159,2025-12-09,C0212,P0067,S012,7,0.1,130711.64,103425.63,27286.01,0.20874965687830097,12,December,2025Q4
O001765,2025-12-09,C0120,P0046,S003,4,0.2,92514.82,80666.92,11847.9,0.12806488733372662,12,December,2025Q4
O001779,2025-12-09,C0497,P0063,S021,7,0.15,12174.53,12769.68,-595.15,-0.04888484401451226,12,December,2025Q4
O001870,2025-12-09,C0063,P0009,S007,3,0.2,81032.95,81802.41,-769.46,-0.009495643438872707,12,December,2025Q4
O002227,2025-12-09,C0568,P0009,S011,4,0.05,128302.17,109069.88,19232.29,0.14989840000367882,12,December,2025Q4
O002312,2025-12-09,C0202,P0082,S011,5,0.2,55750.48,48642.65,7107.83,0.12749361081734184,12,December,2025Q4
O003018,2025-12-09,C0287,P0070,S021,6,0.2,57180.34,48296.04,8884.3,0.15537333286230898,12,December,2025Q4
O003605,2025-12-09,C0838,P0069,S021,5,0.0,32809.5,28800.85,4008.65,0.12217955165424649,12,December,2025Q4
O003693,2025-12-09,C0565,P0044,S004,4,0.0,46455.8,40275.28,6180.52,0.1330408689550067,12,December,2025Q4
O003882,2025-12-09,C0574,P0070,S001,3,0.1,32163.94,24148.02,8015.92,0.2492207111442193,12,December,2025Q4
O005281,2025-12-09,C0685,P0004,S006,5,0.0,42582.9,30464.8,12118.1,0.28457667279588755,12,December,2025Q4
O005822,2025-12-09,C0623,P0102,S012,7,0.0,8947.82,7438.62,1509.2,0.16866678140597374,12,December,2025Q4
O000296,2025-12-08,C0224,P0015,S008,7,0.05,199168.96,164507.63,34661.33,0.17402977853577187,12,December,2025Q4
O000548,2025-12-08,C0789,P0099,S011,5,0.0,98220.75,73184.6,25036.15,0.2548967504320625,12,December,2025Q4
O000701,2025-12-08,C0011,P0097,S004,2,0.15,18174.44,16457.44,1717.0,0.09447333728026834,12,December,2025Q4
O001305,2025-12-08,C0204,P0062,S022,5,0.0,80760.7,59542.45,21218.25,0.2627298921381315,12,December,2025Q4
O001378,2025-12-08,C0704,P0039,S020,5,0.05,130706.7,110365.25,20341.45,0.15562668172327815,12,December,2025Q4
O001456,2025-12-08,C0593,P0079,S005,6,0.2,205496.4,175023.06,30473.34,0.1482913569288805,12,December,2025Q4
O002154,2025-12-08,C0857,P0033,S012,2,0.0,59546.72,42390.46,17156.26,0.2881142739684066,12,December,2025Q4
O002504,2025-12-08,C0131,P0110,S017,3,0.0,107990.4,77225.73,30764.67,0.2848833785225353,12,December,2025Q4
O002724,2025-12-08,C0398,P0025,S017,5,0.05,7024.73,5202.8,1821.93,0.2593594344551321,12,December,2025Q4
O003098,2025-12-08,C0583,P0077,S012,3,0.2,94997.69,81100.68,13897.01,0.14628787289459355,12,December,2025Q4
O003537,2025-12-08,C0813,P0108,S021,7,0.2,178592.9,157633.28,20959.62,0.11735976066237795,12,December,2025Q4
O003947,2025-12-08,C0114,P0041,S018,2,0.0,74176.88,51105.12,23071.76,0.3110370778603791,12,December,2025Q4
O004366,2025-12-08,C0963,P0090,S005,5,0.0,104221.45,91735.35,12486.1,0.11980355291545071,12,December,2025Q4
O004651,2025-12-08,C0492,P0050,S023,1,0.2,15285.21,14893.84,391.37,0.025604489568674556,12,December,2025Q4
O005032,2025-12-08,C0765,P0049,S001,6,0.0,100745.82,70205.58,30540.24,0.3031415099901911,12,December,2025Q4
O005127,2025-12-08,C0353,P0015,S023,1,0.15,25457.69,23501.09,1956.6,0.07685693399518967,12,December,2025Q4
O005643,2025-12-08,C0447,P0110,S002,1,0.1,32397.12,25741.91,6655.21,0.20542597613615038,12,December,2025Q4
O005695,2025-12-08,C0592,P0051,S010,5,0.0,21368.55,16112.85,5255.7,0.2459549197301642,12,December,2025Q4
O000095,2025-12-07,C0049,P0119,S013,7,0.1,24733.93,23950.64,783.29,0.031668643034083135,12,December,2025Q4
O000556,2025-12-07,C0400,P0035,S005,6,0.1,224541.61,170826.42,53715.19,0.2392215411655773,12,December,2025Q4
O000776,2025-12-07,C0849,P0075,S025,5,0.1,157822.29,132366.45,25455.84,0.1612943266759087,12,December,2025Q4
O001165,2025-12-07,C0661,P0019,S009,8,0.2,205707.78,194383.12,11324.66,0.055052171580481785,12,December,2025Q4
O002013,2025-12-07,C0034,P0052,S021,2,0.05,52710.43,45591.32,7119.11,0.1350607460421021,12,December,2025Q4
O002151,2025-12-07,C0507,P0108,S023,7,0.1,200917.02,157633.28,43283.74,0.2154309276536154,12,December,2025Q4
O002500,2025-12-07,C0273,P0075,S017,1,0.05,33318.04,26473.29,6844.75,0.20543675438291087,12,December,2025Q4
O002617,2025-12-07,C0335,P0068,S005,5,0.15,83681.35,82074.8,1606.55,0.01919842354359723,12,December,2025Q4
O003544,2025-12-07,C0702,P0081,S006,3,0.2,99787.49,89755.86,10031.63,0.10052993616734922,12,December,2025Q4
O003688,2025-12-07,C0718,P0075,S013,4,0.1,126257.83,105893.16,20364.67,0.16129431339030614,12,December,2025Q4
O003939,2025-12-07,C0748,P0003,S019,5,0.05,55232.05,39564.3,15667.75,0.28367134661849414,12,December,2025Q4
O004649,2025-12-07,C0097,P0052,S019,2,0.2,44387.73,45591.32,-1203.59,-0.027115376253753005,12,December,2025Q4
O004712,2025-12-07,C0181,P0007,S012,7,0.0,131349.82,91756.42,39593.4,0.3014347488256931,12,December,2025Q4
O004759,2025-12-07,C0082,P0086,S004,3,0.2,35654.9,37651.14,-1996.24,-0.055987816541344944,12,December,2025Q4
O004768,2025-12-07,C0430,P0107,S016,4,0.2,71910.69,70756.12,1154.57,0.016055610090794568,12,December,2025Q4
O005432,2025-12-07,C0257,P0018,S024,2,0.1,2837.09,2146.48,690.61,0.24342195700524127,12,December,2025Q4
O000486,2025-12-06,C0686,P0010,S024,8,0.0,13668.96,9860.4,3808.56,0.2786283667521158,12,December,2025Q4
O000785,2025-12-06,C0819,P0007,S023,4,0.05,71304.19,52432.24,18871.95,0.2646681772838314,12,December,2025Q4
O000981,2025-12-06,C0330,P0044,S007,8,0.15,78974.86,80550.56,-1575.7,-0.019951918876462714,12,December,2025Q4
O001213,2025-12-06,C0617,P0076,S008,2,0.1,69623.53,54205.52,15418.01,0.2214482661249724,12,December,2025Q4
O001903,2025-12-06,C0342,P0101,S002,2,0.05,34259.64,30605.0,3654.64,0.10667479284662652,12,December,2025Q4
O002675,2025-12-06,C0053,P0064,S019,4,0.15,116876.7,99008.56,17868.14,0.15288025757058507,12,December,2025Q4
O002737,2025-12-06,C0207,P0110,S021,3,0.0,107990.4,77225.73,30764.67,0.2848833785225353,12,December,2025Q4
O003438,2025-12-06,C0969,P0020,S002,5,0.0,230731.3,149941.25,80790.05,0.3501477692883454,12,December,2025Q4
O003518,2025-12-06,C0868,P0025,S004,7,0.0,10352.23,7283.92,3068.31,0.29639121232816507,12,December,2025Q4
O003631,2025-12-06,C0996,P0063,S015,5,0.0,10230.7,9121.2,1109.5,0.10844810228039137,12,December,2025Q4
O003692,2025-12-06,C0266,P0080,S017,1,0.2,15840.87,12816.57,3024.3,0.19091754430154403,12,December,2025Q4
O005001,2025-12-06,C0458,P0061,S004,7,0.0,173706.12,139200.74,34505.38,0.1986422815730384,12,December,2025Q4
O005474,2025-12-06,C0962,P0085,S018,3,0.0,75708.57,56301.39,19407.18,0.2563405965797531,12,December,2025Q4
O005498,2025-12-06,C0615,P0022,S016,7,0.1,168662.59,121489.34,47173.25,0.2796900604929641,12,December,2025Q4
O005714,2025-12-06,C0545,P0044,S017,2,0.15,19743.72,20137.64,-393.92,-0.019951660578654884,12,December,2025Q4
O000031,2025-12-05,C0104,P0085,S017,5,0.15,107253.81,93835.65,13418.16,0.12510660460453574,12,December,2025Q4
O000055,2025-12-05,C0745,P0032,S016,6,0.2,181851.26,152550.78,29300.48,0.16112332683314923,12,December,2025Q4
O000128,2025-12-05,C0032,P0061,S006,4,0.0,99260.64,79543.28,19717.36,0.19864228157303843,12,December,2025Q4
O000492,2025-12-05,C0153,P0058,S018,5,0.1,151585.74,141423.9,10161.84,0.06703691257502191,12,December,2025Q4
O000564,2025-12-05,C0196,P0039,S023,7,0.0,192620.4,154511.35,38109.05,0.19784534763711425,12,December,2025Q4
O000729,2025-12-05,C0770,P0067,S025,8,0.1,149384.74,118200.72,31184.02,0.20874970227882717,12,December,2025Q4
O000859,2025-12-05,C0474,P0023,S006,7,0.0,303835.56,196483.98,107351.58,0.3533213163067549,12,December,2025Q4
O001046,2025-12-05,C0176,P0068,S020,7,0.2,110262.49,114904.72,-4642.23,-0.04210162494969957,12,December,2025Q4
O001286,2025-12-05,C0974,P0118,S017,1,0.15,22894.04,19490.8,3403.24,0.14865178884984911,12,December,2025Q4
O001770,2025-12-05,C0858,P0113,S021,1,0.2,7591.38,6868.35,723.03,0.09524355255566182,12,December,2025Q4
O002676,2025-12-05,C0566,P0037,S025,2,0.0,73927.92,53420.18,20507.74,0.27740182599483393,12,December,2025Q4
O003155,2025-12-05,C0143,P0004,S007,8,0.0,68132.64,48743.68,19388.96,0.28457667279588755,12,December,2025Q4
O003158,2025-12-05,C0643,P0034,S004,2,0.0,25752.2,20459.04,5293.16,0.20554205077624435,12,December,2025Q4
O003192,2025-12-05,C0774,P0077,S021,3,0.0,118747.11,81100.68,37646.43,0.3170302839370154,12,December,2025Q4
O003565,2025-12-05,C0092,P0020,S010,2,0.0,92292.52,59976.5,32316.02,0.35014776928834535,12,December,2025Q4
O003744,2025-12-05,C0510,P0023,S024,1,0.2,34724.06,28069.14,6654.92,0.19165155226664166,12,December,2025Q4
O004444,2025-12-05,C0330,P0033,S009,3,0.0,89320.08,63585.69,25734.39,0.28811427396840666,12,December,2025Q4
O005085,2025-12-05,C0659,P0077,S012,3,0.0,118747.11,81100.68,37646.43,0.3170302839370154,12,December,2025Q4
O005439,2025-12-05,C0819,P0082,S021,6,0.1,75263.15,58371.18,16891.97,0.22443878578029225,12,December,2025Q4
O005881,2025-12-05,C0484,P0077,S009,1,0.1,35624.13,27033.56,8590.57,0.24114469602485733,12,December,2025Q4
O005919,2025-12-05,C0250,P0107,S020,3,0.1,60674.64,53067.09,7607.55,0.1253826969554331,12,December,2025Q4
O005932,2025-12-05,C0136,P0061,S023,2,0.2,39704.26,39771.64,-67.38,-0.0016970471178659415,12,December,2025Q4
O000069,2025-12-04,C0228,P0001,S011,6,0.2,28978.66,24571.86,4406.8,0.1520705236197947,12,December,2025Q4
O000771,2025-12-04,C0564,P0023,S021,1,0.2,34724.06,28069.14,6654.92,0.19165155226664166,12,December,2025Q4
O000954,2025-12-04,C0959,P0069,S006,1,0.05,6233.8,5760.17,473.63,0.07597773428727261,12,December,2025Q4
O001078,2025-12-04,C0855,P0046,S011,4,0.1,104079.17,80666.92,23412.25,0.2249465479019481,12,December,2025Q4
O001197,2025-12-04,C0878,P0090,S004,7,0.05,138614.53,128429.49,10185.04,0.07347743414777658,12,December,2025Q4
O001245,2025-12-04,C0920,P0016,S006,3,0.0,42746.34,31356.66,11389.68,0.26644807485272426,12,December,2025Q4
O001469,2025-12-04,C0706,P0088,S014,5,0.2,136634.16,117152.15,19482.01,0.14258520709608782,12,December,2025Q4
O001478,2025-12-04,C0271,P0040,S014,5,0.0,1442.24,1014.32,427.92,0.29670512536055027,12,December,2025Q4
O001493,2025-12-04,C0053,P0036,S003,3,0.2,32999.16,28965.15,4034.01,0.12224583898499233,12,December,2025Q4
O001698,2025-12-04,C0442,P0069,S002,5,0.0,32809.5,28800.85,4008.65,0.12217955165424649,12,December,2025Q4
O002114,2025-12-04,C0309,P0043,S023,8,0.2,143584.83,154091.76,-10506.93,-0.0731757665485971,12,December,2025Q4
O002226,2025-12-04,C0562,P0107,S013,8,0.0,179776.72,141512.24,38264.48,0.21284446618004824,12,December,2025Q4
O002287,2025-12-04,C0803,P0080,S012,8,0.15,134647.41,102532.56,32114.85,0.23851071476235597,12,December,2025Q4
O003178,2025-12-04,C0687,P0083,S013,3,0.05,43284.23,35296.05,7988.18,0.1845517408996302,12,December,2025Q4
O004028,2025-12-04,C0708,P0036,S010,2,0.0,27499.3,19310.1,8189.2,0.29779667118799386,12,December,2025Q4
O004230,2025-12-04,C0151,P0110,S008,2,0.0,71993.6,51483.82,20509.78,0.2848833785225353,12,December,2025Q4
O004263,2025-12-04,C0305,P0113,S023,2,0.15,16131.69,13736.7,2394.99,0.14846491595114955,12,December,2025Q4
O004487,2025-12-04,C0073,P0078,S019,3,0.15,13950.28,11353.2,2597.08,0.18616687263624815,12,December,2025Q4
O005920,2025-12-04,C0832,P0050,S018,8,0.2,122281.66,119150.72,3130.94,0.025604330199639095,12,December,2025Q4
O000068,2025-12-03,C0373,P0092,S015,2,0.0,35934.72,23989.24,11945.48,0.33242168020232243,12,December,2025Q4
O000079,2025-12-03,C0615,P0078,S011,7,0.1,34465.41,26490.8,7974.61,0.23138009964193082,12,December,2025Q4
O000827,2025-12-03,C0652,P0103,S015,1,0.0,10049.49,7634.81,2414.68,0.2402788599222448,12,December,2025Q4
O000884,2025-12-03,C0480,P0017,S010,7,0.1,58858.51,57812.86,1045.65,0.0177654853987979,12,December,2025Q4
O001250,2025-12-03,C0001,P0032,S010,1,0.15,32202.83,25425.13,6777.7,0.2104690798914257,12,December,2025Q4
O001261,2025-12-03,C0664,P0106,S017,3,0.1,41962.81,33898.53,8064.28,0.19217683467813523,12,December,2025Q4
O001628,2025-12-03,C0247,P0022,S017,4,0.1,96378.62,69422.48,26956.14,0.2796900391393859,12,December,2025Q4
O002081,2025-12-03,C0214,P0026,S010,3,0.1,18293.18,13303.95,4989.23,0.2727371621555137,12,December,2025Q4
O002109,2025-12-03,C0553,P0047,S020,2,0.1,1175.38,1079.18,96.2,0.08184587112253058,12,December,2025Q4
O002267,2025-12-03,C0739,P0057,S001,8,0.0,355701.36,236489.84,119211.52,0.335144965428302,12,December,2025Q4
O002318,2025-12-03,C0470,P0085,S003,6,0.15,128704.57,112602.78,16101.79,0.12510659100916152,12,December,2025Q4
O002457,2025-12-03,C0840,P0051,S008,6,0.2,20513.81,19335.42,1178.39,0.05744374155751662,12,December,2025Q4
O002681,2025-12-03,C0300,P0086,S009,7,0.0,103993.47,87852.66,16140.81,0.15520984154101214,12,December,2025Q4
O002714,2025-12-03,C0305,P0013,S013,1,0.05,8757.31,6143.84,2613.47,0.29843296628759286,12,December,2025Q4
O003045,2025-12-03,C0568,P0031,S024,2,0.1,2106.94,1706.0,400.94,0.19029493008818477,12,December,2025Q4
O003052,2025-12-03,C0875,P0075,S003,5,0.0,175358.1,132366.45,42991.65,0.24516489400831784,12,December,2025Q4
O003506,2025-12-03,C0287,P0095,S006,7,0.15,224301.91,177217.81,47084.1,0.20991395035378876,12,December,2025Q4
O003854,2025-12-03,C0321,P0096,S017,1,0.2,5176.53,4204.69,971.84,0.18773966344249915,12,December,2025Q4
O004038,2025-12-03,C0768,P0036,S003,3,0.0,41248.95,28965.15,12283.8,0.29779667118799386,12,December,2025Q4
O004327,2025-12-03,C0147,P0039,S006,6,0.0,165103.2,132438.3,32664.9,0.19784534763711423,12,December,2025Q4
O004378,2025-12-03,C0199,P0062,S022,6,0.1,87221.56,71450.94,15770.62,0.18081102883277944,12,December,2025Q4
O004564,2025-12-03,C0443,P0001,S006,5,0.05,28676.8,20476.55,8200.25,0.2859541510907772,12,December,2025Q4
O004571,2025-12-03,C0317,P0009,S017,7,0.2,189076.89,190872.29,-1795.4,-0.009495607845041242,12,December,2025Q4
O005370,2025-12-03,C0433,P0047,S008,6,0.0,3917.94,3237.54,680.4,0.1736626900871376,12,December,2025Q4
O000263,2025-12-02,C0954,P0114,S013,5,0.0,202595.85,145086.65,57509.2,0.28386168818364244,12,December,2025Q4
O000358,2025-12-02,C0025,P0099,S010,3,0.05,55985.83,43910.76,12075.07,0.21568082495159935,12,December,2025Q4
O001638,2025-12-02,C0156,P0046,S021,6,0.1,156118.75,121000.38,35118.37,0.2249465230793867,12,December,2025Q4
O001974,2025-12-02,C0177,P0088,S004,7,0.15,203243.31,164013.01,39230.3,0.19302135947303753,12,December,2025Q4
O002678,2025-12-02,C0206,P0002,S022,7,0.0,185661.98,132880.09,52781.89,0.28429024617748877,12,December,2025Q4
O003049,2025-12-02,C0597,P0024,S001,6,0.0,54662.4,43495.32,11167.08,0.20429179838426412,12,December,2025Q4
O003381,2025-12-02,C0703,P0088,S019,5,0.1,153713.43,117152.15,36561.28,0.23785351741874475,12,December,2025Q4
O003464,2025-12-02,C0038,P0057,S014,7,0.0,311238.69,206928.61,104310.08,0.33514496542830197,12,December,2025Q4
O004419,2025-12-02,C0413,P0005,S010,8,0.2,256779.52,217370.56,39408.96,0.15347392190779077,12,December,2025Q4
O004713,2025-12-02,C0029,P0013,S022,1,0.0,9218.22,6143.84,3074.38,0.3335112418666511,12,December,2025Q4
O004937,2025-12-02,C0054,P0059,S001,4,0.0,9068.68,7183.84,1884.84,0.20784061186413016,12,December,2025Q4
O004979,2025-12-02,C0608,P0099,S025,3,0.05,55985.83,43910.76,12075.07,0.21568082495159935,12,December,2025Q4
O005500,2025-12-02,C0711,P0007,S003,1,0.05,17826.05,13108.06,4717.99,0.26466828040984963,12,December,2025Q4
O000163,2025-12-01,C0388,P0047,S019,2,0.15,1110.08,1079.18,30.9,0.027835831651772846,12,December,2025Q4
O000675,2025-12-01,C0682,P0115,S010,7,0.0,235862.97,179040.89,56822.08,0.2409114071615396,12,December,2025Q4
O001126,2025-12-01,C0324,P0002,S013,4,0.1,95483.3,75931.48,19551.82,0.20476690688319318,12,December,2025Q4
O001386,2025-12-01,C0944,P0032,S013,7,0.15,225419.8,177975.91,47443.89,0.2104690448665113,12,December,2025Q4
O001423,2025-12-01,C0145,P0099,S023,3,0.15,50092.58,43910.76,6181.82,0.12340789793618136,12,December,2025Q4
O001734,2025-12-01,C0496,P0078,S008,8,0.1,39389.04,30275.2,9113.84,0.23138009964193085,12,December,2025Q4
O001945,2025-12-01,C0761,P0114,S003,7,0.0,283634.19,203121.31,80512.88,0.2838616881836425,12,December,2025Q4
O001975,2025-12-01,C0429,P0054,S014,4,0.2,29756.26,31926.44,-2170.18,-0.07293188055219305,12,December,2025Q4
O002248,2025-12-01,C0755,P0117,S009,7,0.2,110810.06,123324.04,-12513.98,-0.11293180420622459,12,December,2025Q4
O002480,2025-12-01,C0742,P0007,S009,2,0.2,30022.82,26216.12,3806.7,0.126793552371163,12,December,2025Q4
O002644,2025-12-01,C0723,P0105,S013,7,0.0,127728.09,84202.16,43525.93,0.3407702252495908,12,December,2025Q4
O003054,2025-12-01,C0373,P0090,S008,4,0.05,79208.3,73388.28,5820.02,0.07347740072694402,12,December,2025Q4
O003077,2025-12-01,C0889,P0095,S017,4,0.0,150791.2,101267.32,49523.88,0.32842685780072045,12,December,2025Q4
O003392,2025-12-01,C0345,P0113,S020,3,0.15,24197.54,20605.05,3592.49,0.1484650919060367,12,December,2025Q4
O003685,2025-12-01,C0378,P0074,S024,3,0.0,51345.03,38025.72,13319.31,0.25940796996320775,12,December,2025Q4
O003988,2025-12-01,C0228,P0066,S015,5,0.0,83703.9,71562.05,12141.85,0.14505715982170486,12,December,2025Q4
O004251,2025-12-01,C0013,P0001,S020,6,0.0,36223.32,24571.86,11651.46,0.3216563252622896,12,December,2025Q4
O004358,2025-12-01,C0675,P0090,S015,7,0.0,145910.03,128429.49,17480.54,0.11980355291545071,12,December,2025Q4
O004587,2025-12-01,C0486,P0016,S015,1,0.0,14248.78,10452.22,3796.56,0.2664480748527242,12,December,2025Q4
O005196,2025-12-01,C0688,P0069,S020,6,0.0,39371.4,34561.02,4810.38,0.12217955165424649,12,December,2025Q4
O005666,2025-12-01,C0211,P0073,S019,7,0.0,56003.5,48859.16,7144.34,0.12756952690456846,12,December,2025Q4
O005671,2025-12-01,C0939,P0022,S010,4,0.0,107087.36,69422.48,37664.88,0.3517210621309555,12,December,2025Q4
O001020,2025-11-30,C0961,P0087,S001,8,0.15,236285.04,182397.2,53887.84,0.2280628515457432,11,November,2025Q4
O001634,2025-11-30,C0915,P0085,S020,8,0.0,201889.52,150137.04,51752.48,0.25634059657975317,11,November,2025Q4
O001723,2025-11-30,C0384,P0061,S010,1,0.0,24815.16,19885.82,4929.34,0.19864228157303843,11,November,2025Q4
O002414,2025-11-30,C0293,P0058,S001,8,0.15,229062.9,226278.24,2784.66,0.012156748211954008,11,November,2025Q4
O002415,2025-11-30,C0688,P0066,S025,7,0.0,117185.46,100186.87,16998.59,0.14505715982170483,11,November,2025Q4
O003091,2025-11-30,C0898,P0086,S010,2,0.0,29712.42,25100.76,4611.66,0.15520984154101214,11,November,2025Q4
O003337,2025-11-30,C0969,P0117,S017,3,0.0,59362.53,52853.16,6509.37,0.10965452449550246,11,November,2025Q4
O004065,2025-11-30,C0264,P0086,S010,4,0.0,59424.84,50201.52,9223.32,0.15520984154101214,11,November,2025Q4
O004324,2025-11-30,C0189,P0083,S009,6,0.15,77456.0,70592.1,6863.9,0.08861676306548233,11,November,2025Q4
O004360,2025-11-30,C0678,P0030,S002,5,0.2,49549.24,51773.1,-2223.86,-0.044881818570779296,11,November,2025Q4
O004623,2025-11-30,C0942,P0090,S004,3,0.0,62532.87,55041.21,7491.66,0.1198035529154507,11,November,2025Q4
O004690,2025-11-30,C0446,P0055,S004,4,0.0,126816.76,106641.4,20175.36,0.1590906438549605,11,November,2025Q4
O005035,2025-11-30,C0208,P0094,S002,4,0.0,60019.68,41073.64,18946.04,0.3156637956083738,11,November,2025Q4
O005090,2025-11-30,C0728,P0055,S005,5,0.2,126816.76,133301.75,-6484.99,-0.05113669518129938,11,November,2025Q4
O005270,2025-11-30,C0969,P0098,S003,7,0.1,127357.34,93542.05,33815.29,0.2655150460900016,11,November,2025Q4
O000110,2025-11-29,C0010,P0015,S022,6,0.1,161731.19,141006.54,20724.65,0.1281425679239731,11,November,2025Q4
O000184,2025-11-29,C0442,P0067,S014,6,0.0,124487.28,88650.54,35836.74,0.287874712982724,11,November,2025Q4
O000280,2025-11-29,C0761,P0069,S009,7,0.0,45933.3,40321.19,5612.11,0.12217955165424647,11,November,2025Q4
O000870,2025-11-29,C0149,P0084,S008,7,0.2,133031.53,109806.97,23224.56,0.1745793647566107,11,November,2025Q4
O001328,2025-11-29,C0283,P0027,S019,7,0.0,87663.52,65868.46,21795.06,0.24862177562571067,11,November,2025Q4
O001348,2025-11-29,C0356,P0081,S020,6,0.05,236995.28,179511.72,57483.56,0.24255149722813044,11,November,2025Q4
O001727,2025-11-29,C0081,P0010,S008,7,0.15,10166.29,8627.85,1538.44,0.15132757377568415,11,November,2025Q4
O002070,2025-11-29,C0196,P0097,S003,7,0.05,71094.15,57601.04,13493.11,0.1897921277629735,11,November,2025Q4
O002515,2025-11-29,C0827,P0118,S011,5,0.15,114470.22,97454.0,17016.22,0.14865193759564715,11,November,2025Q4
O003282,2025-11-29,C0232,P0076,S015,3,0.15,98633.34,81308.28,17325.06,0.17565115406210519,11,November,2025Q4
O004938,2025-11-29,C0626,P0068,S005,2,0.05,37410.49,32829.92,4580.57,0.12244079133954139,11,November,2025Q4
O005514,2025-11-29,C0859,P0085,S007,4,0.0,100944.76,75068.52,25876.24,0.25634059657975317,11,November,2025Q4
O000563,2025-11-28,C0208,P0023,S018,1,0.1,39064.57,28069.14,10995.43,0.28146809244284526,11,November,2025Q4
O001554,2025-11-28,C0105,P0019,S015,2,0.2,51426.94,48595.78,2831.16,0.05505207970763961,11,November,2025Q4
O001862,2025-11-28,C0769,P0070,S004,1,0.05,11316.94,8049.34,3267.6,0.28873529416962534,11,November,2025Q4
O002007,2025-11-28,C0174,P0112,S017,8,0.0,306110.56,218905.28,87205.28,0.28488164537675537,11,November,2025Q4
O002528,2025-11-28,C0830,P0064,S012,4,0.1,123751.8,99008.56,24743.24,0.19994246548333036,11,November,2025Q4
O002727,2025-11-28,C0620,P0064,S001,2,0.1,61875.9,49504.28,12371.62,0.19994246548333036,11,November,2025Q4
O002735,2025-11-28,C0805,P0016,S012,6,0.1,76943.41,62713.32,14230.09,0.18494228420601583,11,November,2025Q4
O002805,2025-11-28,C0381,P0008,S021,1,0.2,12101.73,11605.34,496.39,0.04101810237048752,11,November,2025Q4
O002917,2025-11-28,C0286,P0011,S010,2,0.2,18666.88,17988.26,678.62,0.03635422738025851,11,November,2025Q4
O003169,2025-11-28,C0685,P0011,S006,8,0.2,74667.52,71953.04,2714.48,0.03635422738025851,11,November,2025Q4
O003467,2025-11-28,C0620,P0049,S006,8,0.0,134327.76,93607.44,40720.32,0.3031415099901911,11,November,2025Q4
O004276,2025-11-28,C0520,P0056,S011,4,0.15,148057.86,113066.64,34991.22,0.2363347680427098,11,November,2025Q4
O004624,2025-11-28,C0813,P0042,S002,4,0.1,25455.56,22504.16,2951.4,0.1159432359767375,11,November,2025Q4
O005076,2025-11-28,C0117,P0108,S010,7,0.0,223241.13,157633.28,65607.85,0.2938878243449135,11,November,2025Q4
O000446,2025-11-27,C0140,P0062,S005,8,0.15,109834.55,95267.92,14566.63,0.1326233867212093,11,November,2025Q4
O000490,2025-11-27,C0677,P0008,S003,4,0.0,60508.64,46421.36,14087.28,0.23281435510697315,11,November,2025Q4
O000552,2025-11-27,C0504,P0014,S005,7,0.0,194799.92,132975.36,61824.56,0.31737466832635247,11,November,2025Q4
O000784,2025-11-27,C0991,P0116,S020,1,0.2,9895.13,9203.92,691.21,0.06985355422313806,11,November,2025Q4
O000951,2025-11-27,C0127,P0083,S018,2,0.0,30374.9,23530.7,6844.2,0.22532419859818467,11,November,2025Q4
O001064,2025-11-27,C0078,P0046,S003,5,0.15,122871.24,100833.65,22037.59,0.17935515259714152,11,November,2025Q4
O001241,2025-11-27,C0720,P0056,S010,3,0.0,130639.29,84799.98,45839.31,0.3508845616047056,11,November,2025Q4
O001524,2025-11-27,C0432,P0088,S025,7,0.05,227154.29,164013.01,63141.28,0.2779664870075753,11,November,2025Q4
O001887,2025-11-27,C0831,P0088,S010,4,0.05,129802.45,93721.72,36080.73,0.27796647906106553,11,November,2025Q4
O002044,2025-11-27,C0825,P0018,S015,5,0.0,7880.8,5366.2,2514.6,0.31907928129123947,11,November,2025Q4
O002276,2025-11-27,C0396,P0037,S022,7,0.1,232872.95,186970.63,45902.32,0.19711314688975254,11,November,2025Q4
O002807,2025-11-27,C0297,P0097,S010,5,0.0,53454.25,41143.6,12310.65,0.23030254844095652,11,November,2025Q4
O003047,2025-11-27,C0481,P0023,S003,8,0.2,277792.51,224553.12,53239.39,0.1916516395636441,11,November,2025Q4
O003284,2025-11-27,C0676,P0071,S016,1,0.1,6009.13,4703.69,1305.44,0.21724276226342248,11,November,2025Q4
O003524,2025-11-27,C0191,P0074,S024,8,0.0,136920.08,101401.92,35518.16,0.2594079699632078,11,November,2025Q4
O003916,2025-11-27,C0690,P0028,S006,7,0.0,60613.63,49925.26,10688.37,0.17633608150510044,11,November,2025Q4
O005097,2025-11-27,C0312,P0033,S012,4,0.05,113138.77,84780.92,28357.85,0.25064661742389455,11,November,2025Q4
O005328,2025-11-27,C0344,P0101,S014,7,0.2,100975.78,107117.5,-6141.72,-0.06082369455328793,11,November,2025Q4
O005442,2025-11-27,C0677,P0060,S009,6,0.15,153032.28,125858.76,27173.52,0.17756724267585897,11,November,2025Q4
O000057,2025-11-26,C0957,P0021,S017,8,0.1,175779.36,158196.48,17582.88,0.10002812616907925,11,November,2025Q4
O000060,2025-11-26,C0388,P0052,S008,2,0.1,49936.19,45591.32,4344.87,0.08700844017134667,11,November,2025Q4
O000167,2025-11-26,C0288,P0028,S005,3,0.0,25977.27,21396.54,4580.73,0.1763360815051004,11,November,2025Q4
O000914,2025-11-26,C0211,P0114,S018,8,0.2,259322.69,232138.64,27184.05,0.10482711713348337,11,November,2025Q4
O001364,2025-11-26,C0958,P0006,S005,4,0.0,7763.56,5889.4,1874.16,0.24140471639299496,11,November,2025Q4
O002231,2025-11-26,C0206,P0037,S011,3,0.1,99802.69,80130.27,19672.42,0.1971131239047765,11,November,2025Q4
O002265,2025-11-26,C0058,P0051,S013,3,0.05,12180.07,9667.71,2512.36,0.20626810847556706,11,November,2025Q4
O002385,2025-11-26,C0781,P0054,S003,6,0.1,50213.68,47889.66,2324.02,0.04628260665221111,11,November,2025Q4
O002403,2025-11-26,C0864,P0090,S008,8,0.0,166754.32,146776.56,19977.76,0.1198035529154507,11,November,2025Q4
O002459,2025-11-26,C0465,P0020,S023,4,0.2,147668.03,119953.0,27715.03,0.18768470060852033,11,November,2025Q4
O002980,2025-11-26,C0191,P0088,S021,4,0.05,129802.45,93721.72,36080.73,0.27796647906106553,11,November,2025Q4
O003009,2025-11-26,C0822,P0014,S010,2,0.0,55657.12,37992.96,17664.16,0.31737466832635247,11,November,2025Q4
O003075,2025-11-26,C0592,P0022,S025,6,0.2,128504.83,104133.72,24371.11,0.18965131505173774,11,November,2025Q4
O003274,2025-11-26,C0611,P0016,S005,8,0.15,96891.7,83617.76,13273.94,0.13699769949335186,11,November,2025Q4
O003816,2025-11-26,C0534,P0118,S020,3,0.1,72722.26,58472.4,14249.86,0.1959490807903935,11,November,2025Q4
O003910,2025-11-26,C0078,P0008,S020,8,0.2,96813.82,92842.72,3971.1,0.04101790426201548,11,November,2025Q4
O004126,2025-11-26,C0151,P0062,S004,2,0.0,32304.28,23816.98,8487.3,0.2627298921381315,11,November,2025Q4
O004674,2025-11-26,C0391,P0115,S020,6,0.05,192059.85,153463.62,38596.23,0.20095938844063452,11,November,2025Q4
O004829,2025-11-26,C0544,P0076,S005,1,0.1,34811.77,27102.76,7709.01,0.22144837794803313,11,November,2025Q4
O005225,2025-11-26,C0172,P0062,S002,7,0.05,107411.73,83359.43,24052.3,0.2239261950254409,11,November,2025Q4
O005290,2025-11-26,C0205,P0041,S013,6,0.15,189151.04,153315.36,35835.68,0.18945536857740777,11,November,2025Q4
O005366,2025-11-26,C0735,P0006,S019,5,0.2,7763.56,7361.75,401.81,0.05175589549124371,11,November,2025Q4
O005526,2025-11-26,C0345,P0085,S019,8,0.05,191795.04,150137.04,41658.0,0.2172006116529395,11,November,2025Q4
O000530,2025-11-25,C0271,P0097,S004,5,0.0,10690.85,8228.72,2462.13,0.23030254844095652,11,November,2025Q4
O001207,2025-11-25,C0804,P0072,S014,4,0.0,118050.68,80442.44,37608.24,0.318577072152401,11,November,2025Q4
O001238,2025-11-25,C0685,P0117,S017,4,0.0,79150.04,70470.88,8679.16,0.10965452449550248,11,November,2025Q4
O001721,2025-11-25,C0437,P0113,S010,3,0.0,28467.69,20605.05,7862.64,0.2761952234269799,11,November,2025Q4
O002887,2025-11-25,C0620,P0098,S020,8,0.0,161723.6,106905.2,54818.4,0.33896351552896425,11,November,2025Q4
O002896,2025-11-25,C0453,P0023,S024,4,0.05,164939.3,112276.56,52662.74,0.3192855796041332,11,November,2025Q4
O003258,2025-11-25,C0695,P0096,S006,8,0.0,51765.28,33637.52,18127.76,0.35019147969449793,11,November,2025Q4
O003644,2025-11-25,C0380,P0027,S002,2,0.0,25046.72,18819.56,6227.16,0.24862177562571067,11,November,2025Q4
O003696,2025-11-25,C0086,P0023,S005,2,0.0,86810.16,56138.28,30671.88,0.3533213163067549,11,November,2025Q4
O003942,2025-11-25,C0641,P0046,S011,2,0.0,57821.76,40333.46,17488.3,0.30245187970757026,11,November,2025Q4
O004099,2025-11-25,C0771,P0030,S016,1,0.0,12387.31,10354.62,2032.69,0.16409454514337657,11,November,2025Q4
O004838,2025-11-25,C0523,P0087,S018,4,0.0,138991.2,91198.6,47792.6,0.3438534238138817,11,November,2025Q4
O004840,2025-11-25,C0728,P0004,S022,4,0.1,30659.69,24371.84,6287.85,0.20508524384949753,11,November,2025Q4
O005065,2025-11-25,C0617,P0087,S023,1,0.1,31273.02,22799.65,8473.37,0.27094824868209083,11,November,2025Q4
O005816,2025-11-25,C0262,P0045,S010,4,0.1,28109.34,20812.2,7297.14,0.259598411061946,11,November,2025Q4
O000026,2025-11-24,C0262,P0099,S018,1,0.15,16697.53,14636.92,2060.61,0.12340807293054723,11,November,2025Q4
O000441,2025-11-24,C0207,P0089,S010,5,0.0,162593.25,131806.15,30787.1,0.18935041891345428,11,November,2025Q4
O001265,2025-11-24,C0092,P0047,S011,5,0.0,3264.95,2697.95,567.0,0.17366269008713764,11,November,2025Q4
O001274,2025-11-24,C0998,P0048,S023,4,0.2,29295.42,31393.64,-2098.22,-0.07162279974139302,11,November,2025Q4
O001346,2025-11-24,C0152,P0114,S009,3,0.05,115479.63,87051.99,28427.64,0.24617016871287167,11,November,2025Q4
O002581,2025-11-24,C0621,P0097,S002,2,0.1,19243.53,16457.44,2786.09,0.1447806093788406,11,November,2025Q4
O003179,2025-11-24,C0047,P0114,S020,7,0.2,226907.35,203121.31,23786.04,0.10482710233934688,11,November,2025Q4
O003180,2025-11-24,C0290,P0107,S020,7,0.1,141574.17,123823.21,17750.96,0.12538275873346102,11,November,2025Q4
O003762,2025-11-24,C0528,P0104,S013,1,0.05,7448.92,6133.47,1315.45,0.176596070302809,11,November,2025Q4
O003799,2025-11-24,C0147,P0082,S015,8,0.0,111500.96,77828.24,33672.72,0.3019948886538735,11,November,2025Q4
O004092,2025-11-24,C0047,P0098,S022,8,0.0,161723.6,106905.2,54818.4,0.33896351552896425,11,November,2025Q4
O004295,2025-11-24,C0616,P0089,S001,2,0.05,61785.44,52722.46,9062.98,0.14668472054257442,11,November,2025Q4
O004311,2025-11-24,C0920,P0111,S003,8,0.0,210409.04,156938.4,53470.64,0.25412710404457906,11,November,2025Q4
O004455,2025-11-24,C0158,P0097,S014,7,0.0,74835.95,57601.04,17234.91,0.23030254844095652,11,November,2025Q4
O004562,2025-11-24,C0655,P0029,S019,5,0.2,1335.16,1101.85,233.31,0.17474310195032805,11,November,2025Q4
O004628,2025-11-24,C0997,P0039,S025,5,0.05,130706.7,110365.25,20341.45,0.15562668172327815,11,November,2025Q4
O004744,2025-11-24,C0243,P0079,S020,2,0.1,77061.15,58341.02,18720.13,0.24292565060344937,11,November,2025Q4
O000390,2025-11-23,C0956,P0095,S009,3,0.0,113093.4,75950.49,37142.91,0.3284268578007205,11,November,2025Q4
O000529,2025-11-23,C0172,P0027,S019,6,0.0,75140.16,56458.68,18681.48,0.24862177562571067,11,November,2025Q4
O000544,2025-11-23,C0125,P0091,S004,2,0.15,10539.18,8973.62,1565.56,0.1485466611254386,11,November,2025Q4
O000762,2025-11-23,C0546,P0104,S020,7,0.15,46653.77,42934.29,3719.48,0.07972517547885198,11,November,2025Q4
O001650,2025-11-23,C0588,P0072,S007,4,0.05,112148.15,80442.44,31705.71,0.28271273311240536,11,November,2025Q4
O001942,2025-11-23,C0832,P0113,S004,7,0.15,56460.92,48078.45,8382.47,0.14846499136039581,11,November,2025Q4
O002144,2025-11-23,C0121,P0067,S010,2,0.2,33196.61,29550.18,3646.43,0.10984344485777311,11,November,2025Q4
O002253,2025-11-23,C0118,P0015,S006,8,0.0,239601.76,188008.72,51593.04,0.2153283014281698,11,November,2025Q4
O002921,2025-11-23,C0287,P0035,S001,8,0.1,299388.82,227768.56,71620.26,0.23922155810627796,11,November,2025Q4
O003703,2025-11-23,C0538,P0062,S008,6,0.15,82375.91,71450.94,10924.97,0.1326233603974754,11,November,2025Q4
O004026,2025-11-23,C0444,P0108,S009,6,0.0,191349.54,135114.24,56235.3,0.2938878243449135,11,November,2025Q4
O004950,2025-11-23,C0088,P0090,S007,7,0.0,145910.03,128429.49,17480.54,0.11980355291545071,11,November,2025Q4
O005811,2025-11-23,C0568,P0015,S022,5,0.1,134775.99,117505.45,17270.54,0.1281425571424109,11,November,2025Q4
O000269,2025-11-22,C0899,P0073,S014,5,0.05,38002.38,34899.4,3102.98,0.08165225441143424,11,November,2025Q4
O000753,2025-11-22,C0868,P0101,S003,4,0.05,68519.28,61210.0,7309.28,0.10667479284662652,11,November,2025Q4
O001172,2025-11-22,C0587,P0100,S012,3,0.05,52682.14,46665.12,6017.02,0.11421365950585911,11,November,2025Q4
O001774,2025-11-22,C0897,P0012,S017,4,0.0,10007.68,8068.72,1938.96,0.19374720214874977,11,November,2025Q4
O001835,2025-11-22,C0573,P0114,S008,6,0.2,194492.02,174103.98,20388.04,0.10482712864003367,11,November,2025Q4
O001873,2025-11-22,C0765,P0108,S001,5,0.05,151485.05,112595.2,38889.85,0.2567240133597342,11,November,2025Q4
O002278,2025-11-22,C0466,P0062,S005,8,0.15,109834.55,95267.92,14566.63,0.1326233867212093,11,November,2025Q4
O002511,2025-11-22,C0162,P0031,S020,5,0.1,5267.34,4265.0,1002.34,0.19029339287002547,11,November,2025Q4
O002608,2025-11-22,C0274,P0019,S005,4,0.0,128567.36,97191.56,31375.8,0.2440417225647318,11,November,2025Q4
O003263,2025-11-22,C0200,P0005,S013,4,0.05,152462.84,108685.28,43777.56,0.2871359342381396,11,November,2025Q4
O003485,2025-11-22,C0344,P0026,S012,4,0.1,24390.9,17738.6,6652.3,0.2727369633756852,11,November,2025Q4
O003739,2025-11-22,C0921,P0120,S018,2,0.2,19605.07,19778.16,-173.09,-0.008828838662652059,11,November,2025Q4
O003750,2025-11-22,C0010,P0098,S015,5,0.0,101077.25,66815.75,34261.5,0.33896351552896425,11,November,2025Q4
O004257,2025-11-22,C0421,P0095,S004,5,0.0,188489.0,126584.15,61904.85,0.32842685780072045,11,November,2025Q4
O005092,2025-11-22,C0296,P0004,S023,6,0.1,45989.53,36557.76,9431.77,0.20508515742604894,11,November,2025Q4
O005115,2025-11-22,C0808,P0119,S012,1,0.0,3926.02,3421.52,504.5,0.1285016377909435,11,November,2025Q4
O005483,2025-11-22,C0206,P0011,S016,6,0.05,66500.76,53964.78,12535.98,0.18850882305705982,11,November,2025Q4
O005572,2025-11-22,C0318,P0079,S008,7,0.1,269714.03,204193.57,65520.46,0.24292566463820955,11,November,2025Q4
O005645,2025-11-22,C0685,P0108,S008,2,0.2,51026.54,45038.08,5988.46,0.11735971124046428,11,November,2025Q4
O005760,2025-11-22,C0057,P0056,S010,8,0.1,313534.3,226133.28,87401.02,0.278760633206638,11,November,2025Q4
O005896,2025-11-22,C0598,P0105,S017,5,0.15,77549.2,60144.4,17404.8,0.2244355841195009,11,November,2025Q4
O000007,2025-11-21,C0598,P0075,S020,2,0.1,63128.92,52946.58,10182.34,0.16129437981831465,11,November,2025Q4
O000098,2025-11-21,C0722,P0091,S021,6,0.15,31617.55,26920.86,4696.69,0.14854693042313524,11,November,2025Q4
O000219,2025-11-21,C0808,P0029,S022,4,0.05,1268.4,881.48,386.92,0.3050457269000315,11,November,2025Q4
O000514,2025-11-21,C0553,P0103,S019,5,0.15,42710.33,38174.05,4536.28,0.10621037112099109,11,November,2025Q4
O000622,2025-11-21,C0002,P0111,S021,2,0.1,47342.03,39234.6,8107.43,0.17125226780516173,11,November,2025Q4
O001194,2025-11-21,C0369,P0112,S002,6,0.2,183666.34,164178.96,19487.38,0.10610207618881065,11,November,2025Q4
O001279,2025-11-21,C0082,P0010,S024,4,0.0,6834.48,4930.2,1904.28,0.2786283667521158,11,November,2025Q4
O001319,2025-11-21,C0237,P0029,S011,7,0.1,2102.88,1542.59,560.29,0.2664393593547896,11,November,2025Q4
O001850,2025-11-21,C0854,P0036,S023,3,0.1,37124.06,28965.15,8158.91,0.2197741841813638,11,November,2025Q4
O003081,2025-11-21,C0155,P0094,S005,2,0.0,30009.84,20536.82,9473.02,0.3156637956083738,11,November,2025Q4
O003382,2025-11-21,C0912,P0080,S011,1,0.1,17820.98,12816.57,5004.41,0.2808156453797715,11,November,2025Q4
O003880,2025-11-21,C0914,P0027,S011,5,0.1,56355.12,47048.9,9306.22,0.16513530625078962,11,November,2025Q4
O003885,2025-11-21,C0266,P0087,S009,8,0.0,277982.4,182397.2,95585.2,0.3438534238138817,11,November,2025Q4
O004304,2025-11-21,C0386,P0083,S009,4,0.2,48599.84,47061.4,1538.44,0.03165524824773086,11,November,2025Q4
O004435,2025-11-21,C0440,P0035,S001,2,0.0,83163.56,56942.14,26221.42,0.31529939314767186,11,November,2025Q4
O004735,2025-11-21,C0902,P0099,S019,6,0.2,94291.92,87821.52,6470.4,0.06862093804007809,11,November,2025Q4
O005292,2025-11-21,C0980,P0023,S008,8,0.1,312516.58,224553.12,87963.46,0.28146813842644763,11,November,2025Q4
O005542,2025-11-21,C0500,P0040,S004,7,0.15,2145.33,1775.06,370.27,0.17259349377485048,11,November,2025Q4
O005715,2025-11-21,C0472,P0001,S004,6,0.0,36223.32,24571.86,11651.46,0.3216563252622896,11,November,2025Q4
O005775,2025-11-21,C0584,P0069,S012,4,0.2,20998.08,23040.68,-2042.6,-0.09727556043219188,11,November,2025Q4
O000150,2025-11-20,C0032,P0105,S019,7,0.15,108568.88,84202.16,24366.72,0.2244355841195009,11,November,2025Q4
O000253,2025-11-20,C0980,P0019,S006,6,0.1,173565.94,145787.34,27778.6,0.16004637776282604,11,November,2025Q4
O000254,2025-11-20,C0628,P0074,S013,2,0.0,34230.02,25350.48,8879.54,0.2594079699632078,11,November,2025Q4
O000346,2025-11-20,C0392,P0007,S010,1,0.05,17826.05,13108.06,4717.99,0.26466828040984963,11,November,2025Q4
O001292,2025-11-20,C0583,P0051,S007,5,0.2,17094.84,16112.85,981.99,0.05744364966270524,11,November,2025Q4
O001861,2025-11-20,C0466,P0063,S006,8,0.2,13095.3,14593.92,-1498.62,-0.11443953174039541,11,November,2025Q4
O002027,2025-11-20,C0181,P0043,S017,8,0.15,152558.88,154091.76,-1532.88,-0.010047792694859847,11,November,2025Q4
O002474,2025-11-20,C0945,P0013,S015,7,0.2,51622.03,43006.88,8615.15,0.16688902005597223,11,November,2025Q4
O002692,2025-11-20,C0360,P0004,S011,7,0.1,53654.45,42650.72,11003.73,0.2050851327336316,11,November,2025Q4
O003231,2025-11-20,C0343,P0078,S020,6,0.0,32824.2,22706.4,10117.8,0.30824208967773775,11,November,2025Q4
O003317,2025-11-20,C0535,P0074,S018,3,0.1,46210.53,38025.72,8184.81,0.1771200200473788,11,November,2025Q4
O003780,2025-11-20,C0769,P0027,S014,6,0.2,60112.13,56458.68,3653.45,0.06077725078116513,11,November,2025Q4
O004645,2025-11-20,C0587,P0046,S018,5,0.2,115643.52,100833.65,14809.87,0.12806484963446288,11,November,2025Q4
O005256,2025-11-20,C0158,P0019,S011,6,0.0,192851.04,145787.34,47063.7,0.2440417225647318,11,November,2025Q4
O005640,2025-11-20,C0569,P0076,S011,4,0.0,154718.96,108411.04,46307.92,0.29930345964062843,11,November,2025Q4
O000172,2025-11-19,C0525,P0006,S019,3,0.0,5822.67,4417.05,1405.62,0.24140471639299493,11,November,2025Q4
O000404,2025-11-19,C0986,P0007,S007,5,0.1,84439.17,65540.3,18898.87,0.22381638758410344,11,November,2025Q4
O000565,2025-11-19,C0706,P0046,S016,2,0.2,46257.41,40333.46,5923.95,0.12806488733372662,11,November,2025Q4
O000904,2025-11-19,C0681,P0032,S005,7,0.0,265199.76,177975.91,87223.85,0.32889867622806296,11,November,2025Q4
O000950,2025-11-19,C0816,P0099,S023,5,0.15,83487.64,73184.6,10303.04,0.1234079679339361,11,November,2025Q4
O001051,2025-11-19,C0815,P0036,S005,8,0.0,109997.2,77240.4,32756.8,0.29779667118799386,11,November,2025Q4
O001746,2025-11-19,C0461,P0095,S014,5,0.1,169640.1,126584.15,43055.95,0.2538076197785783,11,November,2025Q4
O002867,2025-11-19,C0022,P0100,S011,4,0.1,66545.86,62220.16,4325.7,0.06500329246627815,11,November,2025Q4
O003738,2025-11-19,C0741,P0048,S019,3,0.0,27464.46,23545.23,3919.23,0.14270187726246938,11,November,2025Q4
O003759,2025-11-19,C0352,P0027,S013,2,0.1,22542.05,18819.56,3722.49,0.16513538032255273,11,November,2025Q4
O004309,2025-11-19,C0306,P0006,S015,1,0.0,1940.89,1472.35,468.54,0.24140471639299496,11,November,2025Q4
O004390,2025-11-19,C0035,P0118,S023,6,0.0,161605.02,116944.8,44660.22,0.27635416276053804,11,November,2025Q4
O004501,2025-11-19,C0295,P0011,S024,1,0.2,9333.44,8994.13,339.31,0.03635422738025851,11,November,2025Q4
O005964,2025-11-19,C0440,P0099,S023,7,0.15,116882.69,102458.44,14424.25,0.12340792293538076,11,November,2025Q4
O000679,2025-11-18,C0703,P0061,S023,2,0.05,47148.8,39771.64,7377.16,0.1564654879869689,11,November,2025Q4
O000839,2025-11-18,C0979,P0035,S020,1,0.05,39502.69,28471.07,11031.62,0.27926250085753657,11,November,2025Q4
O001102,2025-11-18,C0551,P0038,S022,2,0.2,47124.14,40065.68,7058.46,0.14978437802790673,11,November,2025Q4
O001620,2025-11-18,C0319,P0093,S001,8,0.15,231151.52,179386.72,51764.8,0.22394315209348398,11,November,2025Q4
O001771,2025-11-18,C0009,P0032,S005,7,0.0,265199.76,177975.91,87223.85,0.32889867622806296,11,November,2025Q4
O002779,2025-11-18,C0775,P0113,S025,5,0.2,37956.92,34341.75,3615.17,0.09524402928372482,11,November,2025Q4
O002946,2025-11-18,C0199,P0034,S017,7,0.0,90132.7,71606.64,18526.06,0.20554205077624438,11,November,2025Q4
O003752,2025-11-18,C0487,P0019,S025,7,0.1,202493.59,170085.23,32408.36,0.16004635010915655,11,November,2025Q4
O004052,2025-11-18,C0124,P0010,S007,8,0.05,12985.51,9860.4,3125.11,0.24066132173476437,11,November,2025Q4
O004837,2025-11-18,C0132,P0071,S002,3,0.0,20030.43,14111.07,5919.36,0.29551836880186794,11,November,2025Q4
O005577,2025-11-18,C0448,P0108,S012,3,0.1,86107.29,67557.12,18550.17,0.21543088860420528,11,November,2025Q4
O005953,2025-11-18,C0447,P0078,S008,7,0.15,32550.66,26490.8,6059.86,0.1861670393165607,11,November,2025Q4
O000149,2025-11-17,C0079,P0094,S003,1,0.15,12754.18,10268.41,2485.77,0.19489845681964657,11,November,2025Q4
O000326,2025-11-17,C0971,P0023,S018,7,0.2,243068.45,196483.98,46584.47,0.1916516520346429,11,November,2025Q4
O000418,2025-11-17,C0186,P0016,S005,4,0.0,56995.12,41808.88,15186.24,0.2664480748527242,11,November,2025Q4
O000763,2025-11-17,C0062,P0067,S007,6,0.1,112038.55,88650.54,23388.01,0.2087496669673072,11,November,2025Q4
O001008,2025-11-17,C0641,P0013,S001,8,0.1,66371.18,49150.72,17220.46,0.25945689077699086,11,November,2025Q4
O001860,2025-11-17,C0059,P0074,S001,8,0.15,116382.07,101401.92,14980.15,0.12871527375307895,11,November,2025Q4
O002506,2025-11-17,C0772,P0053,S021,6,0.0,163457.82,144096.0,19361.82,0.11845147573851161,11,November,2025Q4
O002824,2025-11-17,C0751,P0034,S021,3,0.15,32834.06,30688.56,2145.5,0.0653437314788363,11,November,2025Q4
O002926,2025-11-17,C0846,P0061,S013,1,0.0,24815.16,19885.82,4929.34,0.19864228157303843,11,November,2025Q4
O003557,2025-11-17,C0676,P0009,S012,2,0.1,60774.71,54534.94,6239.77,0.10267050225332215,11,November,2025Q4
O004739,2025-11-17,C0561,P0120,S008,6,0.05,69843.07,59334.48,10508.59,0.1504600241656044,11,November,2025Q4
O004925,2025-11-17,C0142,P0041,S001,7,0.15,220676.22,178867.92,41808.3,0.1894553930641009,11,November,2025Q4
O005131,2025-11-17,C0083,P0075,S008,6,0.0,210429.72,158839.74,51589.98,0.24516489400831784,11,November,2025Q4
O005179,2025-11-17,C0071,P0069,S023,3,0.0,19685.7,17280.51,2405.19,0.12217955165424649,11,November,2025Q4
O005215,2025-11-17,C0688,P0014,S012,3,0.05,79311.4,56989.44,22321.96,0.2814470555304786,11,November,2025Q4
O005512,2025-11-17,C0948,P0088,S005,6,0.2,163960.99,140582.58,23378.41,0.14258519663732208,11,November,2025Q4
O005913,2025-11-17,C0414,P0045,S007,7,0.2,43725.64,36421.35,7304.29,0.1670482124446892,11,November,2025Q4
O000521,2025-11-16,C0028,P0037,S016,2,0.0,73927.92,53420.18,20507.74,0.27740182599483393,11,November,2025Q4
O000755,2025-11-16,C0761,P0012,S023,2,0.15,4253.26,4034.36,218.9,0.05146640459318264,11,November,2025Q4
O000947,2025-11-16,C0681,P0080,S014,7,0.0,138607.63,89715.99,48891.64,0.352734117162237,11,November,2025Q4
O001834,2025-11-16,C0480,P0077,S006,2,0.05,75206.5,54067.12,21139.38,0.2810844807297242,11,November,2025Q4
O002290,2025-11-16,C0423,P0007,S007,4,0.05,71304.19,52432.24,18871.95,0.2646681772838314,11,November,2025Q4
O002311,2025-11-16,C0308,P0087,S013,3,0.0,104243.4,68398.95,35844.45,0.34385342381388173,11,November,2025Q4
O002702,2025-11-16,C0831,P0005,S021,6,0.0,240730.8,163027.92,77702.88,0.32277913752623266,11,November,2025Q4
O004900,2025-11-16,C0062,P0020,S005,4,0.0,184585.04,119953.0,64632.04,0.35014776928834535,11,November,2025Q4
O004965,2025-11-16,C0655,P0002,S004,7,0.15,157812.68,132880.09,24932.59,0.1579885089081562,11,November,2025Q4
O005961,2025-11-16,C0582,P0042,S006,3,0.05,20152.32,16878.12,3274.2,0.16247260861280488,11,November,2025Q4
O000419,2025-11-15,C0784,P0033,S001,8,0.1,214368.19,169561.84,44806.35,0.209015852585218,11,November,2025Q4
O000886,2025-11-15,C0213,P0037,S023,2,0.2,59142.34,53420.18,5722.16,0.09675234358329414,11,November,2025Q4
O001701,2025-11-15,C0445,P0111,S014,1,0.0,26301.13,19617.3,6683.83,0.25412710404457906,11,November,2025Q4
O002411,2025-11-15,C0289,P0035,S018,6,0.15,212067.08,170826.42,41240.66,0.19446988188831574,11,November,2025Q4
O002604,2025-11-15,C0335,P0037,S012,1,0.15,31419.37,26710.09,4709.28,0.1498846093985971,11,November,2025Q4
O002894,2025-11-15,C0717,P0003,S018,8,0.0,93022.4,63302.88,29719.52,0.3194877792875695,11,November,2025Q4
O003474,2025-11-15,C0953,P0053,S005,4,0.2,87177.5,96064.0,-8886.5,-0.10193570588741362,11,November,2025Q4
O003564,2025-11-15,C0888,P0084,S016,2,0.0,47511.26,31373.42,16137.84,0.33966348187776957,11,November,2025Q4
O004578,2025-11-15,C0775,P0036,S006,8,0.1,98997.48,77240.4,21757.08,0.219774079097771,11,November,2025Q4
O004585,2025-11-15,C0562,P0076,S001,7,0.0,270758.18,189719.32,81038.86,0.29930345964062843,11,November,2025Q4
O004725,2025-11-15,C0484,P0107,S008,6,0.1,121349.29,106134.18,15215.11,0.1253827690297982,11,November,2025Q4
O005405,2025-11-15,C0827,P0080,S002,5,0.2,79204.36,64082.85,15121.51,0.1909176464527963,11,November,2025Q4
O005733,2025-11-15,C0919,P0060,S017,8,0.0,240050.64,167811.68,72238.96,0.3009321699788011,11,November,2025Q4
O000483,2025-11-14,C0250,P0071,S006,8,0.1,48073.03,37629.52,10443.51,0.217242599436732,11,November,2025Q4
O000635,2025-11-14,C0377,P0103,S022,2,0.0,20098.98,15269.62,4829.36,0.2402788599222448,11,November,2025Q4
O001012,2025-11-14,C0450,P0098,S004,8,0.15,137465.06,106905.2,30559.86,0.2223100182693697,11,November,2025Q4
O001470,2025-11-14,C0961,P0119,S004,2,0.0,7852.04,6843.04,1009.0,0.1285016377909435,11,November,2025Q4
O002379,2025-11-14,C0495,P0072,S005,5,0.05,140185.18,100553.05,39632.13,0.28271269473706134,11,November,2025Q4
O002425,2025-11-14,C0052,P0110,S001,5,0.0,179984.0,128709.55,51274.45,0.2848833785225353,11,November,2025Q4
O002857,2025-11-14,C0697,P0028,S013,6,0.15,44161.36,42793.08,1368.28,0.030983647242747957,11,November,2025Q4
O003006,2025-11-14,C0908,P0028,S014,8,0.2,55418.18,57057.44,-1639.26,-0.02957982380511233,11,November,2025Q4
O003029,2025-11-14,C0734,P0063,S005,8,0.2,13095.3,14593.92,-1498.62,-0.11443953174039541,11,November,2025Q4
O003256,2025-11-14,C0752,P0105,S003,8,0.1,131377.46,96231.04,35146.42,0.26752245019807813,11,November,2025Q4
O003375,2025-11-14,C0380,P0118,S008,6,0.05,153524.77,116944.8,36579.97,0.23826754470956057,11,November,2025Q4
O003457,2025-11-14,C0397,P0051,S006,3,0.15,10897.96,9667.71,1230.25,0.11288810015819475,11,November,2025Q4
O003595,2025-11-14,C0871,P0072,S019,6,0.15,150514.62,120663.66,29850.96,0.19832598321677988,11,November,2025Q4
O004159,2025-11-14,C0034,P0036,S009,1,0.15,11687.2,9655.05,2032.15,0.17387825997672668,11,November,2025Q4
O004221,2025-11-14,C0182,P0018,S006,5,0.1,7092.72,5366.2,1726.52,0.24342142365693273,11,November,2025Q4
O005237,2025-11-14,C0548,P0085,S004,1,0.1,22712.57,18767.13,3945.44,0.17371173759728645,11,November,2025Q4
O005306,2025-11-14,C0968,P0018,S018,6,0.05,8984.11,6439.44,2544.67,0.28324118916620566,11,November,2025Q4
O005544,2025-11-14,C0682,P0041,S005,4,0.0,148353.76,102210.24,46143.52,0.3110370778603791,11,November,2025Q4
O005765,2025-11-14,C0505,P0077,S005,1,0.2,31665.9,27033.56,4632.34,0.14628796276120368,11,November,2025Q4
O000033,2025-11-13,C0121,P0037,S004,2,0.1,66535.13,53420.18,13114.95,0.1971131641284837,11,November,2025Q4
O000574,2025-11-13,C0047,P0032,S023,3,0.0,113657.04,76275.39,37381.65,0.32889867622806296,11,November,2025Q4
O000892,2025-11-13,C0233,P0016,S018,4,0.1,51295.61,41808.88,9486.73,0.18494233717076372,11,November,2025Q4
O000952,2025-11-13,C0555,P0074,S025,1,0.15,14547.76,12675.24,1872.52,0.12871534861724415,11,November,2025Q4
O001332,2025-11-13,C0352,P0039,S024,8,0.0,220137.6,176584.4,43553.2,0.19784534763711423,11,November,2025Q4
O001489,2025-11-13,C0725,P0070,S003,7,0.0,83387.99,56345.38,27042.61,0.324298619021756,11,November,2025Q4
O001535,2025-11-13,C0106,P0004,S008,1,0.0,8516.58,6092.96,2423.62,0.28457667279588755,11,November,2025Q4
O001643,2025-11-13,C0850,P0052,S003,1,0.0,27742.33,22795.66,4946.67,0.17830766197359774,11,November,2025Q4
O001658,2025-11-13,C0922,P0072,S005,2,0.1,53122.81,40221.22,12901.59,0.24286347051294915,11,November,2025Q4
O001665,2025-11-13,C0059,P0070,S023,2,0.15,20251.37,16098.68,4152.69,0.20505723810290363,11,November,2025Q4
O001714,2025-11-13,C0672,P0007,S008,2,0.2,30022.82,26216.12,3806.7,0.126793552371163,11,November,2025Q4
O002005,2025-11-13,C0922,P0022,S012,3,0.15,68268.19,52066.86,16201.33,0.23731887428097917,11,November,2025Q4
O002098,2025-11-13,C0425,P0106,S006,7,0.0,108792.46,79096.57,29695.89,0.272959081906963,11,November,2025Q4
O002178,2025-11-13,C0713,P0010,S007,2,0.0,3417.24,2465.1,952.14,0.2786283667521158,11,November,2025Q4
O002365,2025-11-13,C0440,P0079,S004,3,0.15,109169.96,87511.53,21658.43,0.1983918469879443,11,November,2025Q4
O002778,2025-11-13,C0138,P0005,S004,4,0.05,152462.84,108685.28,43777.56,0.2871359342381396,11,November,2025Q4
O002891,2025-11-13,C0812,P0110,S007,3,0.0,107990.4,77225.73,30764.67,0.2848833785225353,11,November,2025Q4
O003754,2025-11-13,C0406,P0063,S001,1,0.15,1739.22,1824.24,-85.02,-0.04888398247490254,11,November,2025Q4
O003972,2025-11-13,C0046,P0050,S001,6,0.05,108907.11,89363.04,19544.07,0.17945632750699197,11,November,2025Q4
O004199,2025-11-13,C0966,P0008,S006,6,0.1,81686.66,69632.04,12054.62,0.14757146393303386,11,November,2025Q4
O004232,2025-11-13,C0266,P0037,S023,2,0.1,66535.13,53420.18,13114.95,0.1971131641284837,11,November,2025Q4
O004480,2025-11-13,C0881,P0076,S021,3,0.05,110237.26,81308.28,28928.98,0.26242470104935484,11,November,2025Q4
O004627,2025-11-13,C0458,P0069,S002,3,0.0,19685.7,17280.51,2405.19,0.12217955165424649,11,November,2025Q4
O005170,2025-11-13,C0861,P0094,S003,6,0.0,90029.52,61610.46,28419.06,0.31566379560837377,11,November,2025Q4
O005489,2025-11-13,C0505,P0055,S009,6,0.0,190225.14,159962.1,30263.04,0.1590906438549605,11,November,2025Q4
O005912,2025-11-13,C0712,P0103,S019,3,0.1,27133.62,22904.43,4229.19,0.155865306582756,11,November,2025Q4
O000359,2025-11-12,C0842,P0103,S015,3,0.1,27133.62,22904.43,4229.19,0.155865306582756,11,November,2025Q4
O000493,2025-11-12,C0592,P0058,S007,4,0.2,107794.3,113139.12,-5344.82,-0.04958351230074317,11,November,2025Q4
O000523,2025-11-12,C0288,P0036,S009,1,0.2,10999.72,9655.05,1344.67,0.12224583898499236,11,November,2025Q4
O000596,2025-11-12,C0825,P0114,S025,8,0.0,324153.36,232138.64,92014.72,0.2838616881836425,11,November,2025Q4
O001707,2025-11-12,C0281,P0047,S009,5,0.2,2611.96,2697.95,-85.99,-0.032921637391077965,11,November,2025Q4
O002609,2025-11-12,C0394,P0036,S013,4,0.0,54998.6,38620.2,16378.4,0.29779667118799386,11,November,2025Q4
O002973,2025-11-12,C0463,P0036,S013,2,0.15,23374.4,19310.1,4064.3,0.17387825997672668,11,November,2025Q4
O003723,2025-11-12,C0176,P0085,S025,1,0.0,25236.19,18767.13,6469.06,0.25634059657975317,11,November,2025Q4
O003911,2025-11-12,C0317,P0013,S021,3,0.0,27654.66,18431.52,9223.14,0.33351124186665104,11,November,2025Q4
O003927,2025-11-12,C0473,P0012,S007,1,0.2,2001.54,2017.18,-15.64,-0.00781398323291066,11,November,2025Q4
O003941,2025-11-12,C0024,P0027,S022,3,0.1,33813.07,28229.34,5583.73,0.16513525686960692,11,November,2025Q4
O004241,2025-11-12,C0579,P0025,S006,5,0.2,5915.56,5202.8,712.76,0.12048901541020629,11,November,2025Q4
O004288,2025-11-12,C0083,P0087,S019,3,0.1,93819.06,68398.95,25420.11,0.27094824868209083,11,November,2025Q4
O004359,2025-11-12,C0742,P0096,S003,5,0.2,25882.64,21023.45,4859.19,0.18773934961812241,11,November,2025Q4
O004374,2025-11-12,C0419,P0053,S004,7,0.15,162095.67,168112.0,-6016.33,-0.037115920493126064,11,November,2025Q4
O004485,2025-11-12,C0194,P0030,S025,3,0.15,31587.64,31063.86,523.78,0.016581802249234192,11,November,2025Q4
O005422,2025-11-12,C0910,P0095,S014,6,0.15,192258.78,151900.98,40357.8,0.2099139503537888,11,November,2025Q4
O000015,2025-11-11,C0445,P0082,S014,7,0.1,87807.01,68099.71,19707.3,0.2244388005012356,11,November,2025Q4
O000436,2025-11-11,C0577,P0064,S017,8,0.1,247503.6,198017.12,49486.48,0.19994246548333036,11,November,2025Q4
O000553,2025-11-11,C0659,P0014,S015,5,0.0,139142.8,94982.4,44160.4,0.3173746683263525,11,November,2025Q4
O000752,2025-11-11,C0307,P0047,S014,4,0.1,2350.76,2158.36,192.4,0.08184587112253058,11,November,2025Q4
O001844,2025-11-11,C0151,P0019,S006,8,0.0,257134.72,194383.12,62751.6,0.2440417225647318,11,November,2025Q4
O001867,2025-11-11,C0756,P0003,S011,6,0.2,55813.44,47477.16,8336.28,0.1493597241094618,11,November,2025Q4
O002113,2025-11-11,C0108,P0032,S008,5,0.0,189428.4,127125.65,62302.75,0.32889867622806296,11,November,2025Q4
O002207,2025-11-11,C0066,P0068,S014,3,0.2,47255.35,49244.88,-1989.53,-0.04210168795702497,11,November,2025Q4
O002477,2025-11-11,C0421,P0013,S001,3,0.15,23506.46,18431.52,5074.94,0.2158955453096723,11,November,2025Q4
O003677,2025-11-11,C0700,P0049,S025,6,0.0,100745.82,70205.58,30540.24,0.3031415099901911,11,November,2025Q4
O003805,2025-11-11,C0087,P0058,S003,1,0.05,32001.43,28284.78,3716.65,0.1161401224882763,11,November,2025Q4
O004083,2025-11-11,C0884,P0043,S008,5,0.15,95349.3,96307.35,-958.05,-0.010047792694859847,11,November,2025Q4
O004275,2025-11-11,C0017,P0099,S017,8,0.15,133580.22,117095.36,16484.86,0.12340794168477938,11,November,2025Q4
O005249,2025-11-11,C0882,P0068,S011,5,0.15,83681.35,82074.8,1606.55,0.01919842354359723,11,November,2025Q4
O005355,2025-11-11,C0924,P0117,S018,8,0.1,142470.07,140941.76,1528.31,0.0107272355520005,11,November,2025Q4
O005427,2025-11-11,C0879,P0116,S020,5,0.05,58752.32,46019.6,12732.72,0.21671859085734826,11,November,2025Q4
O005737,2025-11-11,C0938,P0074,S002,4,0.05,65037.04,50700.96,14336.08,0.22042946603965985,11,November,2025Q4
O000279,2025-11-10,C0827,P0089,S022,5,0.05,154463.59,131806.15,22657.44,0.14668466529879307,11,November,2025Q4
O000401,2025-11-10,C0962,P0096,S019,1,0.15,5500.06,4204.69,1295.37,0.23551924888092127,11,November,2025Q4
O000825,2025-11-10,C0850,P0098,S009,6,0.1,109163.43,80178.9,28984.53,0.2655150172544047,11,November,2025Q4
O001098,2025-11-10,C0844,P0104,S006,7,0.0,54886.79,42934.29,11952.5,0.21776642430719667,11,November,2025Q4
O001196,2025-11-10,C0814,P0011,S012,7,0.1,73500.84,62958.91,10541.93,0.14342597989356312,11,November,2025Q4
O002138,2025-11-10,C0609,P0009,S002,7,0.0,236346.11,190872.29,45473.82,0.19240350518144766,11,November,2025Q4
O002850,2025-11-10,C0780,P0065,S016,6,0.1,20174.56,18541.26,1633.3,0.08095839512732866,11,November,2025Q4
O003078,2025-11-10,C0844,P0026,S001,7,0.1,42684.08,31042.55,11641.53,0.27273704856705355,11,November,2025Q4
O003599,2025-11-10,C0125,P0051,S019,4,0.15,14530.61,12890.28,1640.33,0.11288789665402897,11,November,2025Q4
O003678,2025-11-10,C0785,P0112,S011,4,0.2,122444.22,109452.64,12991.58,0.106102027519143,11,November,2025Q4
O004553,2025-11-10,C0754,P0069,S008,1,0.15,5577.62,5760.17,-182.55,-0.03272901345018126,11,November,2025Q4
O004912,2025-11-10,C0214,P0017,S016,5,0.0,46713.1,41294.9,5418.2,0.11598887678188774,11,November,2025Q4
O005052,2025-11-10,C0444,P0064,S007,8,0.15,233753.4,198017.12,35736.28,0.15288025757058507,11,November,2025Q4
O005492,2025-11-10,C0413,P0057,S017,7,0.0,311238.69,206928.61,104310.08,0.33514496542830197,11,November,2025Q4
O005857,2025-11-10,C0331,P0107,S018,5,0.05,106742.43,88445.15,18297.28,0.17141524696411728,11,November,2025Q4
O005997,2025-11-10,C0715,P0056,S025,4,0.2,139348.58,113066.64,26281.94,0.18860572529694958,11,November,2025Q4
O000050,2025-11-09,C0389,P0100,S012,1,0.2,14787.97,15555.04,-767.07,-0.051871216941879114,11,November,2025Q4
O000576,2025-11-09,C0175,P0107,S019,2,0.0,44944.18,35378.06,9566.12,0.21284446618004824,11,November,2025Q4
O000604,2025-11-09,C0466,P0023,S013,6,0.0,260430.48,168414.84,92015.64,0.35332131630675484,11,November,2025Q4
O000896,2025-11-09,C0625,P0101,S004,1,0.15,15326.68,15302.5,24.18,0.0015776410807820088,11,November,2025Q4
O000913,2025-11-09,C0943,P0019,S023,7,0.1,202493.59,170085.23,32408.36,0.16004635010915655,11,November,2025Q4
O001427,2025-11-09,C0622,P0010,S005,8,0.0,13668.96,9860.4,3808.56,0.2786283667521158,11,November,2025Q4
O001696,2025-11-09,C0394,P0064,S001,7,0.1,216565.65,173264.98,43300.67,0.19994246548333033,11,November,2025Q4
O002629,2025-11-09,C0824,P0022,S011,3,0.15,68268.19,52066.86,16201.33,0.23731887428097917,11,November,2025Q4
O002968,2025-11-09,C0525,P0071,S021,2,0.2,10682.9,9407.38,1275.52,0.11939829072630091,11,November,2025Q4
O002975,2025-11-09,C0545,P0064,S013,3,0.15,87657.52,74256.42,13401.1,0.15288020925072943,11,November,2025Q4
O003613,2025-11-09,C0229,P0073,S002,1,0.0,8000.5,6979.88,1020.62,0.12756952690456846,11,November,2025Q4
O004040,2025-11-09,C0762,P0068,S014,1,0.0,19689.73,16414.96,3274.77,0.1663186849184829,11,November,2025Q4
O004348,2025-11-09,C0605,P0117,S020,3,0.15,50458.15,52853.16,-2395.01,-0.04746527567895375,11,November,2025Q4
O004352,2025-11-09,C0192,P0048,S025,7,0.0,64083.74,54938.87,9144.87,0.1427018772624694,11,November,2025Q4
O004559,2025-11-09,C0277,P0068,S001,5,0.05,93526.22,82074.8,11451.42,0.12244074442439777,11,November,2025Q4
O004647,2025-11-09,C0118,P0055,S003,8,0.0,253633.52,213282.8,40350.72,0.1590906438549605,11,November,2025Q4
O004720,2025-11-09,C0454,P0055,S001,3,0.05,90356.94,79981.05,10375.89,0.11483224199491482,11,November,2025Q4
O005341,2025-11-09,C0665,P0027,S001,5,0.2,50093.44,47048.9,3044.54,0.060777219532138334,11,November,2025Q4
O000080,2025-11-08,C0938,P0089,S025,4,0.05,123570.87,105444.92,18125.95,0.14668465148784662,11,November,2025Q4
O000435,2025-11-08,C0869,P0041,S009,6,0.0,222530.64,153315.36,69215.28,0.3110370778603791,11,November,2025Q4
O001275,2025-11-08,C0429,P0091,S015,3,0.1,16738.7,13460.43,3278.27,0.19584973743480674,11,November,2025Q4
O001360,2025-11-08,C0193,P0009,S005,2,0.1,60774.71,54534.94,6239.77,0.10267050225332215,11,November,2025Q4
O001562,2025-11-08,C0506,P0067,S014,2,0.2,33196.61,29550.18,3646.43,0.10984344485777311,11,November,2025Q4
O001708,2025-11-08,C0013,P0016,S010,6,0.05,81218.05,62713.32,18504.73,0.22784011682132235,11,November,2025Q4
O001725,2025-11-08,C0217,P0104,S011,6,0.0,47045.82,36800.82,10245.0,0.2177664243071967,11,November,2025Q4
O001872,2025-11-08,C0204,P0089,S017,7,0.0,227630.55,184528.61,43101.94,0.1893504189134543,11,November,2025Q4
O002002,2025-11-08,C0300,P0110,S013,5,0.2,143987.2,128709.55,15277.65,0.10610422315316916,11,November,2025Q4
O002010,2025-11-08,C0797,P0094,S004,4,0.05,57018.7,41073.64,15945.06,0.2796461511749654,11,November,2025Q4
O003080,2025-11-08,C0991,P0015,S005,7,0.0,209651.54,164507.63,45143.91,0.2153283014281698,11,November,2025Q4
O003957,2025-11-08,C0986,P0094,S021,3,0.0,45014.76,30805.23,14209.53,0.31566379560837377,11,November,2025Q4
O004386,2025-11-08,C0001,P0100,S009,8,0.1,133091.71,124440.32,8651.39,0.06500322221421605,11,November,2025Q4
O004677,2025-11-08,C0047,P0004,S007,6,0.0,51099.48,36557.76,14541.72,0.2845766727958875,11,November,2025Q4
O000032,2025-11-07,C0718,P0018,S014,2,0.15,2679.47,2146.48,532.99,0.1989162035775732,11,November,2025Q4
O000181,2025-11-07,C0099,P0023,S016,1,0.15,36894.32,28069.14,8825.18,0.23920158983821901,11,November,2025Q4
O001112,2025-11-07,C0103,P0023,S010,2,0.15,73788.64,56138.28,17650.36,0.23920158983821901,11,November,2025Q4
O001198,2025-11-07,C0200,P0092,S005,1,0.0,17967.36,11994.62,5972.74,0.33242168020232243,11,November,2025Q4
O001341,2025-11-07,C0279,P0027,S006,1,0.0,12523.36,9409.78,3113.58,0.24862177562571067,11,November,2025Q4
O001757,2025-11-07,C0772,P0014,S008,5,0.0,139142.8,94982.4,44160.4,0.3173746683263525,11,November,2025Q4
O002216,2025-11-07,C0063,P0072,S002,6,0.0,177076.02,120663.66,56412.36,0.318577072152401,11,November,2025Q4
O002555,2025-11-07,C0211,P0048,S005,2,0.15,15563.19,15696.82,-133.63,-0.008586285973505432,11,November,2025Q4
O002863,2025-11-07,C0617,P0065,S005,2,0.0,7472.06,6180.42,1291.64,0.172862637612653,11,November,2025Q4
O003084,2025-11-07,C0790,P0096,S022,2,0.0,12941.32,8409.38,4531.94,0.35019147969449793,11,November,2025Q4
O003146,2025-11-07,C0542,P0064,S021,4,0.2,110001.6,99008.56,10993.04,0.09993527366874663,11,November,2025Q4
O003310,2025-11-07,C0471,P0101,S001,4,0.15,61306.73,61210.0,96.73,0.001577803937675358,11,November,2025Q4
O003533,2025-11-07,C0510,P0101,S004,3,0.0,54094.17,45907.5,8186.67,0.15134107797568574,11,November,2025Q4
O003741,2025-11-07,C0456,P0053,S004,8,0.15,185252.2,192128.0,-6875.8,-0.037115888502268796,11,November,2025Q4
O003949,2025-11-07,C0822,P0069,S014,5,0.1,29528.55,28800.85,727.7,0.024643946282496096,11,November,2025Q4
O004128,2025-11-07,C0124,P0063,S004,7,0.0,14322.98,12769.68,1553.3,0.10844810228039137,11,November,2025Q4
O004214,2025-11-07,C0720,P0084,S014,7,0.0,166289.41,109806.97,56482.44,0.3396634818777696,11,November,2025Q4
O004823,2025-11-07,C0606,P0077,S010,1,0.0,39582.37,27033.56,12548.81,0.3170302839370154,11,November,2025Q4
O004969,2025-11-07,C0540,P0089,S018,4,0.1,117067.14,105444.92,11622.22,0.09927824323717141,11,November,2025Q4
O005395,2025-11-07,C0269,P0037,S004,1,0.2,29571.17,26710.09,2861.08,0.09675234358329414,11,November,2025Q4
O000064,2025-11-06,C0987,P0080,S021,5,0.15,84154.63,64082.85,20071.78,0.23851070345149158,11,November,2025Q4
O000480,2025-11-06,C0589,P0017,S017,2,0.1,16816.72,16517.96,298.76,0.017765652279398123,11,November,2025Q4
O001092,2025-11-06,C0589,P0040,S019,4,0.15,1225.9,1014.32,211.58,0.17259156538053674,11,November,2025Q4
O001263,2025-11-06,C0254,P0010,S009,2,0.15,2904.65,2465.1,439.55,0.15132632158779888,11,November,2025Q4
O001444,2025-11-06,C0498,P0028,S023,8,0.0,69272.72,57057.44,12215.28,0.17633608150510044,11,November,2025Q4
O001622,2025-11-06,C0902,P0016,S017,2,0.0,28497.56,20904.44,7593.12,0.2664480748527242,11,November,2025Q4
O001792,2025-11-06,C0553,P0003,S024,1,0.1,10465.02,7912.86,2552.16,0.2438753103195216,11,November,2025Q4
O001829,2025-11-06,C0258,P0061,S015,4,0.05,94297.61,79543.28,14754.33,0.1564655774414643,11,November,2025Q4
O002195,2025-11-06,C0234,P0093,S012,4,0.1,122374.33,89693.36,32680.97,0.2670573967595982,11,November,2025Q4
O002488,2025-11-06,C0577,P0004,S015,8,0.05,64726.01,48743.68,15982.33,0.24692283673904816,11,November,2025Q4
O002516,2025-11-06,C0335,P0118,S010,8,0.15,183152.36,155926.4,27225.96,0.14865197478208853,11,November,2025Q4
O002659,2025-11-06,C0508,P0036,S007,3,0.1,37124.06,28965.15,8158.91,0.2197741841813638,11,November,2025Q4
O002859,2025-11-06,C0073,P0104,S004,5,0.0,39204.85,30667.35,8537.5,0.2177664243071967,11,November,2025Q4
O003519,2025-11-06,C0309,P0030,S019,2,0.0,24774.62,20709.24,4065.38,0.16409454514337657,11,November,2025Q4
O003604,2025-11-06,C0741,P0062,S024,4,0.15,54917.28,47633.96,7283.32,0.13262346569240138,11,November,2025Q4
O004191,2025-11-06,C0998,P0017,S012,5,0.0,46713.1,41294.9,5418.2,0.11598887678188774,11,November,2025Q4
O004804,2025-11-06,C0290,P0065,S019,4,0.0,14944.12,12360.84,2583.28,0.172862637612653,11,November,2025Q4
O004825,2025-11-06,C0822,P0015,S008,6,0.0,179701.32,141006.54,38694.78,0.2153283014281698,11,November,2025Q4
O004870,2025-11-06,C0446,P0051,S006,2,0.1,7692.68,6445.14,1247.54,0.16217235085821846,11,November,2025Q4
O004882,2025-11-06,C0499,P0011,S020,1,0.0,11666.8,8994.13,2672.67,0.22908338190420682,11,November,2025Q4
O005177,2025-11-06,C0800,P0093,S007,5,0.1,152967.92,112116.7,40851.22,0.267057432695692,11,November,2025Q4
O005734,2025-11-06,C0998,P0111,S013,6,0.1,142026.1,117703.8,24322.3,0.17125232615695282,11,November,2025Q4
O005759,2025-11-06,C0577,P0003,S019,1,0.2,9302.24,7912.86,1389.38,0.14935972410946183,11,November,2025Q4
O005884,2025-11-06,C0966,P0030,S008,2,0.2,19819.7,20709.24,-889.54,-0.0448816076933556,11,November,2025Q4
O005967,2025-11-06,C0725,P0067,S001,6,0.15,105814.19,88650.54,17163.65,0.16220556052075813,11,November,2025Q4
O000773,2025-11-05,C0306,P0111,S003,7,0.05,174902.51,137321.1,37581.41,0.21487061563610493,11,November,2025Q4
O000847,2025-11-05,C0135,P0046,S022,2,0.05,54930.67,40333.46,14597.21,0.26573879401070477,11,November,2025Q4
O000866,2025-11-05,C0744,P0063,S010,6,0.2,9821.47,10945.44,-1123.97,-0.11444009908903659,11,November,2025Q4
O002159,2025-11-05,C0111,P0076,S021,2,0.15,65755.56,54205.52,11550.04,0.17565115406210519,11,November,2025Q4
O002375,2025-11-05,C0923,P0115,S024,5,0.0,168473.55,127886.35,40587.2,0.2409114071615396,11,November,2025Q4
O002820,2025-11-05,C0877,P0079,S018,8,0.15,291119.9,233364.08,57755.82,0.1983918653448287,11,November,2025Q4
O003570,2025-11-05,C0789,P0024,S005,8,0.2,58306.56,57993.76,312.8,0.0053647479803301725,11,November,2025Q4
O003999,2025-11-05,C0178,P0029,S002,5,0.1,1502.06,1101.85,400.21,0.26644075469688294,11,November,2025Q4
O004349,2025-11-05,C0811,P0094,S018,4,0.0,60019.68,41073.64,18946.04,0.3156637956083738,11,November,2025Q4
O004626,2025-11-05,C0077,P0096,S002,8,0.1,46588.75,33637.52,12951.23,0.2779905019988731,11,November,2025Q4
O004777,2025-11-05,C0041,P0032,S010,3,0.0,113657.04,76275.39,37381.65,0.32889867622806296,11,November,2025Q4
O004847,2025-11-05,C0988,P0056,S019,1,0.2,34837.14,28266.66,6570.48,0.18860560884159835,11,November,2025Q4
O005069,2025-11-05,C0857,P0064,S013,5,0.0,171877.5,123760.7,48116.8,0.27994821893499733,11,November,2025Q4
O005078,2025-11-05,C0189,P0034,S009,3,0.15,32834.06,30688.56,2145.5,0.0653437314788363,11,November,2025Q4
O005222,2025-11-05,C0943,P0083,S008,7,0.2,85049.72,82357.45,2692.27,0.031655248247730854,11,November,2025Q4
O005251,2025-11-05,C0855,P0008,S008,8,0.2,96813.82,92842.72,3971.1,0.04101790426201548,11,November,2025Q4
O005264,2025-11-05,C0249,P0002,S025,8,0.15,180357.35,151862.96,28494.39,0.15798851557754645,11,November,2025Q4
O005960,2025-11-05,C0247,P0060,S019,5,0.15,127526.9,104882.3,22644.6,0.17756724267585897,11,November,2025Q4
O000714,2025-11-04,C0754,P0040,S022,8,0.0,2884.48,2028.64,855.84,0.29670512536055027,11,November,2025Q4
O001216,2025-11-04,C0291,P0019,S024,1,0.15,27320.56,24297.89,3022.67,0.11063719045290434,11,November,2025Q4
O001785,2025-11-04,C0422,P0088,S008,1,0.05,32450.61,23430.43,9020.18,0.27796642343549166,11,November,2025Q4
O003370,2025-11-04,C0105,P0114,S008,2,0.0,81038.34,58034.66,23003.68,0.2838616881836425,11,November,2025Q4
O003372,2025-11-04,C0704,P0003,S005,6,0.05,66278.46,47477.16,18801.3,0.28367134661849414,11,November,2025Q4
O003476,2025-11-04,C0585,P0088,S013,5,0.0,170792.7,117152.15,53640.55,0.31406816567687024,11,November,2025Q4
O004421,2025-11-04,C0927,P0061,S022,1,0.1,22333.64,19885.82,2447.82,0.10960237560917074,11,November,2025Q4
O005234,2025-11-04,C0059,P0041,S006,3,0.0,111265.32,76657.68,34607.64,0.3110370778603791,11,November,2025Q4
O005741,2025-11-04,C0068,P0054,S023,6,0.1,50213.68,47889.66,2324.02,0.04628260665221111,11,November,2025Q4
O000667,2025-11-03,C0089,P0019,S007,5,0.1,144638.28,121489.45,23148.83,0.1600463584052576,11,November,2025Q4
O001018,2025-11-03,C0807,P0085,S020,1,0.1,22712.57,18767.13,3945.44,0.17371173759728645,11,November,2025Q4
O001138,2025-11-03,C0969,P0057,S024,6,0.0,266776.02,177367.38,89408.64,0.33514496542830197,11,November,2025Q4
O001337,2025-11-03,C0281,P0090,S005,5,0.0,104221.45,91735.35,12486.1,0.11980355291545071,11,November,2025Q4
O001759,2025-11-03,C0925,P0006,S018,4,0.0,7763.56,5889.4,1874.16,0.24140471639299496,11,November,2025Q4
O001917,2025-11-03,C0770,P0051,S003,4,0.0,17094.84,12890.28,4204.56,0.2459549197301642,11,November,2025Q4
O002145,2025-11-03,C0483,P0030,S022,8,0.05,94143.56,82836.96,11306.6,0.12009955858903149,11,November,2025Q4
O003001,2025-11-03,C0496,P0022,S002,4,0.15,91024.26,69422.48,21601.78,0.23731893014016264,11,November,2025Q4
O003277,2025-11-03,C0063,P0040,S011,8,0.15,2451.81,2028.64,423.17,0.17259494006468692,11,November,2025Q4
O004172,2025-11-03,C0403,P0041,S020,3,0.0,111265.32,76657.68,34607.64,0.3110370778603791,11,November,2025Q4
O004757,2025-11-03,C0112,P0059,S005,5,0.0,11335.85,8979.8,2356.05,0.2078406118641302,11,November,2025Q4
O004816,2025-11-03,C0061,P0087,S009,2,0.1,62546.04,45599.3,16946.74,0.27094824868209083,11,November,2025Q4
O004952,2025-11-03,C0137,P0004,S018,6,0.1,45989.53,36557.76,9431.77,0.20508515742604894,11,November,2025Q4
O005037,2025-11-03,C0730,P0098,S007,1,0.0,20215.45,13363.15,6852.3,0.33896351552896425,11,November,2025Q4
O005226,2025-11-03,C0229,P0036,S003,1,0.05,13062.17,9655.05,3407.12,0.26083874272039026,11,November,2025Q4
O005547,2025-11-03,C0309,P0107,S016,6,0.15,114607.66,106134.18,8473.48,0.07393467417448361,11,November,2025Q4
O005678,2025-11-03,C0313,P0012,S005,6,0.0,15011.52,12103.08,2908.44,0.19374720214874977,11,November,2025Q4
O005895,2025-11-03,C0308,P0113,S018,7,0.2,53139.69,48078.45,5061.24,0.09524406333571007,11,November,2025Q4
O000204,2025-11-02,C0059,P0100,S006,8,0.1,133091.71,124440.32,8651.39,0.06500322221421605,11,November,2025Q4
O000299,2025-11-02,C0159,P0048,S025,2,0.0,18309.64,15696.82,2612.82,0.1427018772624694,11,November,2025Q4
O000335,2025-11-02,C0017,P0067,S005,5,0.0,103739.4,73875.45,29863.95,0.28787471298272405,11,November,2025Q4
O000373,2025-11-02,C0545,P0012,S006,4,0.15,8506.53,8068.72,437.81,0.05146751965842711,11,November,2025Q4
O000489,2025-11-02,C0790,P0105,S013,6,0.1,98533.1,72173.28,26359.82,0.26752248736718925,11,November,2025Q4
O000816,2025-11-02,C0263,P0010,S004,1,0.0,1708.62,1232.55,476.07,0.2786283667521158,11,November,2025Q4
O001495,2025-11-02,C0126,P0014,S005,5,0.05,132185.66,94982.4,37203.26,0.2814470192908974,11,November,2025Q4
O001603,2025-11-02,C0319,P0023,S019,7,0.2,243068.45,196483.98,46584.47,0.1916516520346429,11,November,2025Q4
O003095,2025-11-02,C0294,P0049,S005,1,0.15,14272.32,11700.93,2571.39,0.18016622385148315,11,November,2025Q4
O003215,2025-11-02,C0551,P0097,S025,7,0.0,74835.95,57601.04,17234.91,0.23030254844095652,11,November,2025Q4
O003792,2025-11-02,C0229,P0077,S014,6,0.0,237494.22,162201.36,75292.86,0.3170302839370154,11,November,2025Q4
O003975,2025-11-02,C0836,P0108,S019,5,0.2,127566.36,112595.2,14971.16,0.11735978043114188,11,November,2025Q4
O004118,2025-11-02,C0875,P0058,S014,5,0.0,168428.6,141423.9,27004.7,0.1603332213175197,11,November,2025Q4
O004413,2025-11-02,C0173,P0006,S022,2,0.15,3299.51,2944.7,354.81,0.1075341490100045,11,November,2025Q4
O004607,2025-11-02,C0038,P0112,S004,1,0.1,34437.44,27363.16,7074.28,0.20542409656466912,11,November,2025Q4
O005121,2025-11-02,C0272,P0099,S022,4,0.0,78576.6,58547.68,20028.92,0.25489675043206245,11,November,2025Q4
O005240,2025-11-02,C0473,P0047,S012,8,0.0,5223.92,4316.72,907.2,0.17366269008713764,11,November,2025Q4
O005616,2025-11-02,C0462,P0088,S002,2,0.15,58069.52,46860.86,11208.66,0.1930213991780886,11,November,2025Q4
O000452,2025-11-01,C0120,P0111,S025,5,0.2,105204.52,98086.5,7118.02,0.06765888005572385,11,November,2025Q4
O000721,2025-11-01,C0865,P0052,S004,4,0.1,99872.39,91182.64,8689.75,0.08700853158715838,11,November,2025Q4
O001022,2025-11-01,C0731,P0009,S019,4,0.15,114796.68,109069.88,5726.8,0.04988646013107697,11,November,2025Q4
O001468,2025-11-01,C0167,P0070,S014,7,0.05,79218.59,56345.38,22873.21,0.28873538395470055,11,November,2025Q4
O002962,2025-11-01,C0978,P0006,S018,5,0.0,9704.45,7361.75,2342.7,0.24140471639299493,11,November,2025Q4
O003219,2025-11-01,C0672,P0084,S019,5,0.0,118778.15,78433.55,40344.6,0.3396634818777696,11,November,2025Q4
O003449,2025-11-01,C0237,P0120,S015,8,0.1,88222.82,79112.64,9110.18,0.10326330534435421,11,November,2025Q4
O003487,2025-11-01,C0796,P0065,S013,2,0.1,6724.85,6180.42,544.43,0.08095793958229551,11,November,2025Q4
O003755,2025-11-01,C0469,P0040,S022,8,0.05,2740.26,2028.64,711.62,0.259690686285243,11,November,2025Q4
O003769,2025-11-01,C0755,P0061,S009,2,0.15,42185.77,39771.64,2414.13,0.05722616891904546,11,November,2025Q4
O003834,2025-11-01,C0420,P0085,S017,5,0.05,119871.9,93835.65,26036.25,0.21720061165293952,11,November,2025Q4
O004043,2025-11-01,C0458,P0071,S019,1,0.0,6676.81,4703.69,1973.12,0.29551836880186794,11,November,2025Q4
O004176,2025-11-01,C0794,P0111,S009,2,0.15,44711.92,39234.6,5477.32,0.12250245572098,11,November,2025Q4
O005039,2025-11-01,C0603,P0031,S003,8,0.15,7959.54,6824.0,1135.54,0.14266402329782876,11,November,2025Q4
O005756,2025-11-01,C0021,P0102,S006,3,0.1,3451.3,3187.98,263.32,0.07629588850578042,11,November,2025Q4
O005803,2025-11-01,C0213,P0005,S009,7,0.2,224682.08,190199.24,34482.84,0.15347392190779077,11,November,2025Q4
O000487,2025-10-31,C0611,P0060,S011,2,0.1,54011.39,41952.92,12058.47,0.2232579091187988,10,October,2025Q4
O000643,2025-10-31,C0682,P0090,S017,8,0.1,150078.89,146776.56,3302.33,0.02200396071692694,10,October,2025Q4
O001272,2025-10-31,C0131,P0034,S001,3,0.2,30902.64,30688.56,214.08,0.00692756347030545,10,October,2025Q4
O001839,2025-10-31,C0157,P0014,S024,4,0.05,105748.53,75985.92,29762.61,0.28144703288074074,10,October,2025Q4
O001842,2025-10-31,C0620,P0036,S024,8,0.0,109997.2,77240.4,32756.8,0.29779667118799386,10,October,2025Q4
O002050,2025-10-31,C0482,P0006,S025,7,0.2,10868.98,10306.45,562.53,0.05175554651862456,10,October,2025Q4
O002341,2025-10-31,C0304,P0077,S014,5,0.0,197911.85,135167.8,62744.05,0.3170302839370154,10,October,2025Q4
O002356,2025-10-31,C0969,P0024,S007,2,0.0,18220.8,14498.44,3722.36,0.20429179838426414,10,October,2025Q4
O002372,2025-10-31,C0625,P0031,S008,8,0.15,7959.54,6824.0,1135.54,0.14266402329782876,10,October,2025Q4
O002986,2025-10-31,C0404,P0026,S005,6,0.15,34553.78,26607.9,7945.88,0.22995689617749493,10,October,2025Q4
O003350,2025-10-31,C0569,P0074,S007,7,0.05,113814.82,88726.68,25088.14,0.22042946603965985,10,October,2025Q4
O003417,2025-10-31,C0790,P0055,S010,3,0.1,85601.31,79981.05,5620.26,0.0656562382047658,10,October,2025Q4
O003686,2025-10-31,C0293,P0015,S003,6,0.1,161731.19,141006.54,20724.65,0.1281425679239731,10,October,2025Q4
O004090,2025-10-31,C0382,P0098,S019,8,0.15,137465.06,106905.2,30559.86,0.2223100182693697,10,October,2025Q4
O004168,2025-10-31,C0437,P0017,S001,1,0.05,8875.49,8258.98,616.51,0.06946208040344815,10,October,2025Q4
O004392,2025-10-31,C0356,P0011,S009,6,0.1,63000.72,53964.78,9035.94,0.14342597989356312,10,October,2025Q4
O004594,2025-10-31,C0538,P0010,S018,1,0.1,1537.76,1232.55,305.21,0.1984770055145146,10,October,2025Q4
O004737,2025-10-31,C0155,P0039,S004,6,0.1,148592.88,132438.3,16154.58,0.10871705293012693,10,October,2025Q4
O004845,2025-10-31,C0586,P0040,S023,1,0.15,306.48,253.58,52.9,0.17260506395197076,10,October,2025Q4
O004987,2025-10-31,C0574,P0104,S021,4,0.05,29795.69,24533.88,5261.81,0.17659634665282128,10,October,2025Q4
O005594,2025-10-31,C0222,P0057,S024,7,0.15,264552.89,206928.61,57624.28,0.217817616734408,10,October,2025Q4
O005800,2025-10-31,C0039,P0014,S002,2,0.05,52874.26,37992.96,14881.3,0.28144696493151866,10,October,2025Q4
O005906,2025-10-31,C0434,P0058,S009,4,0.0,134742.88,113139.12,21603.76,0.1603332213175197,10,October,2025Q4
O000410,2025-10-30,C0919,P0092,S007,8,0.0,143738.88,95956.96,47781.92,0.33242168020232243,10,October,2025Q4
O001700,2025-10-30,C0222,P0097,S001,6,0.2,51316.08,49372.32,1943.76,0.037878185551195646,10,October,2025Q4
O001877,2025-10-30,C0642,P0003,S025,3,0.0,34883.4,23738.58,11144.82,0.31948777928756944,10,October,2025Q4
O002115,2025-10-30,C0533,P0067,S019,5,0.0,103739.4,73875.45,29863.95,0.28787471298272405,10,October,2025Q4
O002314,2025-10-30,C0428,P0022,S012,5,0.0,133859.2,86778.1,47081.1,0.3517210621309555,10,October,2025Q4
O002591,2025-10-30,C0810,P0098,S024,3,0.2,48517.08,40089.45,8427.63,0.17370439441120528,10,October,2025Q4
O002669,2025-10-30,C0229,P0058,S009,5,0.2,134742.88,141423.9,-6681.02,-0.049583473353100364,10,October,2025Q4
O002728,2025-10-30,C0196,P0096,S009,3,0.15,16500.18,12614.07,3886.11,0.2355192488809213,10,October,2025Q4
O003011,2025-10-30,C0537,P0061,S018,1,0.15,21092.89,19885.82,1207.07,0.057226392400472385,10,October,2025Q4
O003170,2025-10-30,C0277,P0102,S006,7,0.15,7605.65,7438.62,167.03,0.021961305082405843,10,October,2025Q4
O003753,2025-10-30,C0312,P0009,S025,8,0.15,229593.36,218139.76,11453.6,0.04988646013107697,10,October,2025Q4
O003908,2025-10-30,C0859,P0091,S009,2,0.15,10539.18,8973.62,1565.56,0.1485466611254386,10,October,2025Q4
O004190,2025-10-30,C0473,P0082,S005,5,0.1,62719.29,48642.65,14076.64,0.2244387651709705,10,October,2025Q4
O004652,2025-10-30,C0262,P0105,S018,4,0.2,58389.98,48115.52,10274.46,0.17596272511139752,10,October,2025Q4
O005688,2025-10-30,C0974,P0017,S006,2,0.0,18685.24,16517.96,2167.28,0.11598887678188774,10,October,2025Q4
O000997,2025-10-29,C0132,P0096,S003,3,0.05,18441.38,12614.07,5827.31,0.31599099416638016,10,October,2025Q4
O001695,2025-10-29,C0394,P0039,S003,1,0.05,26141.34,22073.05,4068.29,0.15562668172327815,10,October,2025Q4
O001805,2025-10-29,C0812,P0051,S007,5,0.05,20300.12,16112.85,4187.27,0.20626823880844058,10,October,2025Q4
O002347,2025-10-29,C0790,P0118,S012,2,0.15,45788.09,38981.6,6806.49,0.14865197478208853,10,October,2025Q4
O002408,2025-10-29,C0037,P0027,S008,8,0.0,100186.88,75278.24,24908.64,0.24862177562571067,10,October,2025Q4
O002468,2025-10-29,C0942,P0062,S021,1,0.2,12921.71,11908.49,1013.22,0.07841222253091891,10,October,2025Q4
O002667,2025-10-29,C0643,P0102,S003,8,0.1,9203.47,8501.28,702.19,0.07629622305499992,10,October,2025Q4
O002993,2025-10-29,C0227,P0112,S023,4,0.05,145402.52,109452.64,35949.88,0.24724385794689116,10,October,2025Q4
O003019,2025-10-29,C0433,P0047,S011,5,0.0,3264.95,2697.95,567.0,0.17366269008713764,10,October,2025Q4
O003713,2025-10-29,C0625,P0077,S020,5,0.15,168225.07,135167.8,33057.27,0.196506204455733,10,October,2025Q4
O004198,2025-10-29,C0572,P0056,S012,2,0.05,82738.22,56533.32,26204.9,0.31672061593783385,10,October,2025Q4
O004211,2025-10-29,C0779,P0033,S006,1,0.0,29773.36,21195.23,8578.13,0.2881142739684066,10,October,2025Q4
O004513,2025-10-29,C0758,P0080,S011,6,0.0,118806.54,76899.42,41907.12,0.35273411716223707,10,October,2025Q4
O005033,2025-10-29,C0025,P0072,S025,6,0.05,168222.22,120663.66,47558.56,0.2827127117927703,10,October,2025Q4
O005081,2025-10-29,C0201,P0003,S004,2,0.2,18604.48,15825.72,2778.76,0.14935972410946183,10,October,2025Q4
O005314,2025-10-29,C0349,P0036,S005,8,0.0,109997.2,77240.4,32756.8,0.29779667118799386,10,October,2025Q4
O005825,2025-10-29,C0955,P0019,S001,1,0.0,32141.84,24297.89,7843.95,0.2440417225647318,10,October,2025Q4
O000861,2025-10-28,C0742,P0059,S025,8,0.15,15416.76,14367.68,1049.08,0.06804802046603825,10,October,2025Q4
O001080,2025-10-28,C0024,P0073,S002,3,0.0,24001.5,20939.64,3061.86,0.12756952690456846,10,October,2025Q4
O001239,2025-10-28,C0587,P0074,S016,5,0.2,68460.04,63376.2,5083.84,0.07425996245400968,10,October,2025Q4
O001330,2025-10-28,C0992,P0117,S021,4,0.0,79150.04,70470.88,8679.16,0.10965452449550248,10,October,2025Q4
O001420,2025-10-28,C0816,P0049,S016,1,0.05,15951.42,11700.93,4250.49,0.2664646783797304,10,October,2025Q4
O001841,2025-10-28,C0661,P0099,S013,6,0.15,100185.16,87821.52,12363.64,0.12340789793618136,10,October,2025Q4
O001915,2025-10-28,C0028,P0029,S020,3,0.0,1001.37,661.11,340.26,0.33979448156026243,10,October,2025Q4
O002647,2025-10-28,C0897,P0016,S005,2,0.1,25647.8,20904.44,4743.36,0.18494217827649934,10,October,2025Q4
O002910,2025-10-28,C0816,P0099,S010,5,0.2,78576.6,73184.6,5392.0,0.06862093804007809,10,October,2025Q4
O003578,2025-10-28,C0071,P0046,S001,6,0.1,156118.75,121000.38,35118.37,0.2249465230793867,10,October,2025Q4
O003828,2025-10-28,C0620,P0074,S009,7,0.2,95844.06,88726.68,7117.38,0.07426000108926939,10,October,2025Q4
O003830,2025-10-28,C0589,P0075,S001,1,0.0,35071.62,26473.29,8598.33,0.2451648940083178,10,October,2025Q4
O003938,2025-10-28,C0277,P0097,S003,3,0.2,25658.04,24686.16,971.88,0.037878185551195646,10,October,2025Q4
O004608,2025-10-28,C0136,P0029,S016,3,0.15,851.16,661.11,190.05,0.22328351896235726,10,October,2025Q4
O000006,2025-10-27,C0302,P0060,S004,8,0.0,240050.64,167811.68,72238.96,0.3009321699788011,10,October,2025Q4
O000125,2025-10-27,C0047,P0090,S003,6,0.15,106305.88,110082.42,-3776.54,-0.035525222123178886,10,October,2025Q4
O000142,2025-10-27,C0157,P0073,S019,6,0.05,45602.85,41879.28,3723.57,0.08165213358375628,10,October,2025Q4
O000537,2025-10-27,C0401,P0060,S025,4,0.2,96020.26,83905.84,12114.42,0.12616524887560188,10,October,2025Q4
O000778,2025-10-27,C0755,P0050,S024,4,0.1,68783.44,59575.36,9208.08,0.1338705944337765,10,October,2025Q4
O000874,2025-10-27,C0249,P0026,S010,7,0.0,47426.75,31042.55,16384.2,0.3454632670381167,10,October,2025Q4
O001026,2025-10-27,C0447,P0066,S021,6,0.05,95422.45,85874.46,9547.99,0.10006020595782229,10,October,2025Q4
O001837,2025-10-27,C0747,P0040,S012,7,0.05,2397.72,1775.06,622.66,0.2596883706187545,10,October,2025Q4
O002004,2025-10-27,C0013,P0034,S012,7,0.1,81119.43,71606.64,9512.79,0.1172689453069382,10,October,2025Q4
O002543,2025-10-27,C0325,P0098,S008,3,0.1,54581.72,40089.45,14492.27,0.26551508453746053,10,October,2025Q4
O002605,2025-10-27,C0127,P0114,S015,8,0.1,291738.02,232138.64,59599.38,0.2042907537385768,10,October,2025Q4
O004342,2025-10-27,C0076,P0017,S012,5,0.15,39706.14,41294.9,-1588.76,-0.04001295517519457,10,October,2025Q4
O004766,2025-10-27,C0035,P0098,S025,2,0.0,40430.9,26726.3,13704.6,0.33896351552896425,10,October,2025Q4
O004880,2025-10-27,C0050,P0014,S019,4,0.2,89051.39,75985.92,13065.47,0.14671831624413723,10,October,2025Q4
O005159,2025-10-27,C0496,P0062,S004,2,0.05,30689.07,23816.98,6872.09,0.22392630340378514,10,October,2025Q4
O005319,2025-10-27,C0053,P0011,S009,8,0.0,93334.4,71953.04,21381.36,0.22908338190420682,10,October,2025Q4
O005506,2025-10-27,C0158,P0115,S013,1,0.15,28640.5,25577.27,3063.23,0.10695448752640492,10,October,2025Q4
O005721,2025-10-27,C0349,P0065,S006,2,0.05,7098.46,6180.42,918.04,0.1293294601927742,10,October,2025Q4
O000367,2025-10-26,C0928,P0085,S017,1,0.05,23974.38,18767.13,5207.25,0.2172006116529395,10,October,2025Q4
O000620,2025-10-26,C0025,P0059,S015,3,0.2,5441.21,5387.88,53.33,0.009801128793044194,10,October,2025Q4
O000813,2025-10-26,C0701,P0083,S015,2,0.0,30374.9,23530.7,6844.2,0.22532419859818467,10,October,2025Q4
O001027,2025-10-26,C0907,P0070,S025,3,0.0,35737.71,24148.02,11589.69,0.32429861902175605,10,October,2025Q4
O001576,2025-10-26,C0002,P0063,S008,8,0.0,16369.12,14593.92,1775.2,0.10844810228039137,10,October,2025Q4
O001653,2025-10-26,C0025,P0081,S022,2,0.0,83156.24,59837.24,23319.0,0.2804239345117095,10,October,2025Q4
O002330,2025-10-26,C0642,P0112,S015,6,0.2,183666.34,164178.96,19487.38,0.10610207618881065,10,October,2025Q4
O002486,2025-10-26,C0866,P0064,S008,8,0.2,220003.2,198017.12,21986.08,0.09993527366874663,10,October,2025Q4
O002885,2025-10-26,C0827,P0022,S013,7,0.15,159292.45,121489.34,37803.11,0.23731890620051357,10,October,2025Q4
O003099,2025-10-26,C0509,P0106,S001,2,0.0,31083.56,22599.02,8484.54,0.27295908190696305,10,October,2025Q4
O003455,2025-10-26,C0768,P0068,S007,2,0.0,39379.46,32829.92,6549.54,0.1663186849184829,10,October,2025Q4
O003630,2025-10-26,C0983,P0007,S005,2,0.2,30022.82,26216.12,3806.7,0.126793552371163,10,October,2025Q4
O003841,2025-10-26,C0474,P0094,S018,2,0.0,30009.84,20536.82,9473.02,0.3156637956083738,10,October,2025Q4
O004347,2025-10-26,C0418,P0023,S007,6,0.1,234387.43,168414.84,65972.59,0.2814681230985808,10,October,2025Q4
O004675,2025-10-26,C0777,P0021,S021,3,0.1,65917.26,59323.68,6593.58,0.10002812616907925,10,October,2025Q4
O004689,2025-10-26,C0330,P0037,S008,8,0.1,266140.51,213680.72,52459.79,0.19711313396070368,10,October,2025Q4
O004721,2025-10-26,C0525,P0056,S014,4,0.05,165476.43,113066.64,52409.79,0.3167205746461898,10,October,2025Q4
O005381,2025-10-26,C0422,P0052,S022,7,0.15,165066.86,159569.62,5497.24,0.03330311123625906,10,October,2025Q4
O005528,2025-10-26,C0920,P0005,S016,1,0.05,38115.71,27171.32,10944.39,0.2871359342381396,10,October,2025Q4
O005546,2025-10-26,C0805,P0108,S012,8,0.2,204106.18,180152.32,23953.86,0.11735979772880958,10,October,2025Q4
O005653,2025-10-26,C0913,P0047,S019,5,0.1,2938.46,2697.95,240.51,0.08184899573245849,10,October,2025Q4
O000491,2025-10-25,C0925,P0097,S021,1,0.0,10690.85,8228.72,2462.13,0.23030254844095652,10,October,2025Q4
O000583,2025-10-25,C0042,P0018,S004,7,0.0,11033.12,7512.68,3520.44,0.31907928129123947,10,October,2025Q4
O000681,2025-10-25,C0060,P0019,S011,8,0.2,205707.78,194383.12,11324.66,0.055052171580481785,10,October,2025Q4
O000924,2025-10-25,C0580,P0092,S021,4,0.05,68275.97,47978.48,20297.49,0.29728599974485903,10,October,2025Q4
O001056,2025-10-25,C0411,P0082,S019,1,0.0,13937.62,9728.53,4209.09,0.3019948886538735,10,October,2025Q4
O001396,2025-10-25,C0076,P0062,S020,3,0.0,48456.42,35725.47,12730.95,0.2627298921381316,10,October,2025Q4
O002790,2025-10-25,C0119,P0102,S023,3,0.0,3834.78,3187.98,646.8,0.16866678140597371,10,October,2025Q4
O003208,2025-10-25,C0406,P0090,S020,8,0.05,158416.6,146776.56,11640.04,0.07347740072694402,10,October,2025Q4
O003971,2025-10-25,C0690,P0069,S025,8,0.2,41996.16,46081.36,-4085.2,-0.09727556043219188,10,October,2025Q4
O004255,2025-10-25,C0800,P0029,S016,2,0.05,634.2,440.74,193.46,0.3050457269000315,10,October,2025Q4
O004592,2025-10-25,C0331,P0091,S009,2,0.2,9919.23,8973.62,945.61,0.09533098839325231,10,October,2025Q4
O004597,2025-10-25,C0310,P0048,S017,7,0.0,64083.74,54938.87,9144.87,0.1427018772624694,10,October,2025Q4
O004685,2025-10-25,C0850,P0026,S005,6,0.0,40651.5,26607.9,14043.6,0.3454632670381167,10,October,2025Q4
O005867,2025-10-25,C0824,P0103,S020,3,0.2,24118.78,22904.43,1214.35,0.05034873239857074,10,October,2025Q4
O000078,2025-10-24,C0178,P0094,S005,2,0.1,27008.86,20536.82,6472.04,0.23962655217584156,10,October,2025Q4
O000428,2025-10-24,C0369,P0120,S002,2,0.05,23281.02,19778.16,3502.86,0.1504599025300438,10,October,2025Q4
O000642,2025-10-24,C0352,P0084,S021,6,0.1,128280.4,94120.26,34160.14,0.2662927462028494,10,October,2025Q4
O000688,2025-10-24,C0361,P0106,S005,1,0.0,15541.78,11299.51,4242.27,0.27295908190696305,10,October,2025Q4
O001071,2025-10-24,C0776,P0084,S001,8,0.2,152036.03,125493.68,26542.35,0.17457934148898782,10,October,2025Q4
O002549,2025-10-24,C0882,P0077,S013,8,0.0,316658.96,216268.48,100390.48,0.3170302839370154,10,October,2025Q4
O003751,2025-10-24,C0883,P0078,S001,8,0.05,41577.32,30275.2,11302.12,0.27183377860814506,10,October,2025Q4
O004555,2025-10-24,C0013,P0075,S025,7,0.2,196401.07,185313.03,11088.04,0.0564561079020598,10,October,2025Q4
O004755,2025-10-24,C0852,P0082,S006,7,0.2,78050.67,68099.71,9950.96,0.12749358845990688,10,October,2025Q4
O005011,2025-10-24,C0078,P0098,S009,4,0.15,68732.53,53452.6,15279.93,0.2223100182693697,10,October,2025Q4
O005267,2025-10-24,C0552,P0060,S005,5,0.2,120025.32,104882.3,15143.02,0.12616521247350143,10,October,2025Q4
O005451,2025-10-24,C0024,P0033,S003,6,0.1,160776.14,127171.38,33604.76,0.20901584028575385,10,October,2025Q4
O005634,2025-10-24,C0013,P0120,S008,6,0.15,62491.17,59334.48,3156.69,0.05051417664287611,10,October,2025Q4
O005660,2025-10-24,C0011,P0078,S017,5,0.2,21882.8,18922.0,2960.8,0.13530261209717223,10,October,2025Q4
O005854,2025-10-24,C0131,P0063,S017,5,0.05,9719.17,9121.2,597.97,0.061524800986092434,10,October,2025Q4
O000196,2025-10-23,C0353,P0100,S023,7,0.2,103515.78,108885.28,-5369.5,-0.05187131855645584,10,October,2025Q4
O000343,2025-10-23,C0391,P0011,S025,1,0.05,11083.46,8994.13,2089.33,0.18850882305705982,10,October,2025Q4
O000463,2025-10-23,C0777,P0040,S021,4,0.05,1370.13,1014.32,355.81,0.259690686285243,10,October,2025Q4
O001077,2025-10-23,C0895,P0017,S010,1,0.1,8408.36,8258.98,149.38,0.017765652279398123,10,October,2025Q4
O001463,2025-10-23,C0979,P0002,S012,6,0.0,159138.84,113897.22,45241.62,0.2842902461774888,10,October,2025Q4
O001483,2025-10-23,C0440,P0017,S021,7,0.2,52318.67,57812.86,-5494.19,-0.1050139462643068,10,October,2025Q4
O001486,2025-10-23,C0804,P0051,S025,5,0.15,18163.27,16112.85,2050.42,0.11288826296146014,10,October,2025Q4
O001528,2025-10-23,C0022,P0037,S001,1,0.1,33267.56,26710.09,6557.47,0.19711304345735006,10,October,2025Q4
O002078,2025-10-23,C0157,P0025,S025,3,0.0,4436.67,3121.68,1314.99,0.29639121232816507,10,October,2025Q4
O002585,2025-10-23,C0736,P0108,S024,7,0.05,212079.07,157633.28,54445.79,0.25672401335973416,10,October,2025Q4
O002818,2025-10-23,C0385,P0094,S002,1,0.2,12003.94,10268.41,1735.53,0.14458002955696211,10,October,2025Q4
O002978,2025-10-23,C0201,P0064,S024,1,0.2,27500.4,24752.14,2748.26,0.09993527366874663,10,October,2025Q4
O003850,2025-10-23,C0012,P0114,S001,3,0.0,121557.51,87051.99,34505.52,0.28386168818364244,10,October,2025Q4
O004742,2025-10-23,C0027,P0053,S004,7,0.2,152560.63,168112.0,-15551.37,-0.10193566977273233,10,October,2025Q4
O004794,2025-10-23,C0294,P0022,S008,3,0.0,80315.52,52066.86,28248.66,0.3517210621309555,10,October,2025Q4
O005308,2025-10-23,C0883,P0045,S006,6,0.15,39821.56,31218.3,8603.26,0.21604527798509152,10,October,2025Q4
O005329,2025-10-23,C0810,P0030,S016,6,0.05,70607.67,62127.72,8479.95,0.12009955858903149,10,October,2025Q4
O005691,2025-10-23,C0678,P0017,S018,8,0.15,63529.82,66071.84,-2542.02,-0.04001302065707096,10,October,2025Q4
O005922,2025-10-23,C0206,P0102,S004,8,0.15,8692.17,8501.28,190.89,0.02196114434025105,10,October,2025Q4
O005972,2025-10-23,C0101,P0089,S005,1,0.2,26014.92,26361.23,-346.31,-0.013311976358182152,10,October,2025Q4
O000213,2025-10-22,C0005,P0034,S006,7,0.15,76612.8,71606.64,5006.16,0.06534365014723388,10,October,2025Q4
O000250,2025-10-22,C0666,P0084,S018,3,0.05,67703.55,47060.13,20643.42,0.3049089744924749,10,October,2025Q4
O000349,2025-10-22,C0517,P0012,S008,7,0.05,16637.77,14120.26,2517.51,0.15131294638644482,10,October,2025Q4
O000356,2025-10-22,C0092,P0015,S022,7,0.1,188686.39,164507.63,24178.76,0.1281425756250888,10,October,2025Q4
O000557,2025-10-22,C0004,P0066,S023,8,0.1,120533.62,114499.28,6034.34,0.05006354243737142,10,October,2025Q4
O001096,2025-10-22,C0041,P0095,S003,5,0.2,150791.2,126584.15,24207.05,0.16053357225090056,10,October,2025Q4
O001229,2025-10-22,C0105,P0087,S005,7,0.1,218911.14,159597.55,59313.59,0.2709482486820908,10,October,2025Q4
O002189,2025-10-22,C0910,P0116,S013,5,0.2,49475.64,46019.6,3456.04,0.06985336622224594,10,October,2025Q4
O002976,2025-10-22,C0938,P0056,S017,8,0.2,278697.15,226133.28,52563.87,0.1886056961831149,10,October,2025Q4
O003190,2025-10-22,C0070,P0055,S001,2,0.0,63408.38,53320.7,10087.68,0.1590906438549605,10,October,2025Q4
O003857,2025-10-22,C0247,P0101,S019,2,0.0,36062.78,30605.0,5457.78,0.15134107797568574,10,October,2025Q4
O003983,2025-10-22,C0622,P0077,S009,5,0.15,168225.07,135167.8,33057.27,0.196506204455733,10,October,2025Q4
O004511,2025-10-22,C0859,P0070,S023,5,0.15,50628.42,40246.7,10381.72,0.2050571595953419,10,October,2025Q4
O004630,2025-10-22,C0830,P0038,S001,4,0.1,106029.32,80131.36,25897.96,0.24425281610784638,10,October,2025Q4
O000038,2025-10-21,C0686,P0064,S005,2,0.15,58438.35,49504.28,8934.07,0.15288025757058507,10,October,2025Q4
O000105,2025-10-21,C0564,P0046,S003,6,0.15,147445.49,121000.38,26445.11,0.17935516372864305,10,October,2025Q4
O000923,2025-10-21,C0755,P0001,S015,6,0.0,36223.32,24571.86,11651.46,0.3216563252622896,10,October,2025Q4
O000943,2025-10-21,C0318,P0073,S015,6,0.1,43202.7,41879.28,1323.42,0.030632807671742743,10,October,2025Q4
O002057,2025-10-21,C0560,P0098,S022,5,0.15,85915.66,66815.75,19099.91,0.2223099956399101,10,October,2025Q4
O002320,2025-10-21,C0020,P0039,S013,4,0.1,99061.92,88292.2,10769.72,0.10871705293012693,10,October,2025Q4
O002886,2025-10-21,C0828,P0049,S025,5,0.15,71361.62,58504.65,12856.97,0.1801664536203074,10,October,2025Q4
O002947,2025-10-21,C0560,P0044,S024,8,0.2,74329.28,80550.56,-6221.28,-0.08369891380624163,10,October,2025Q4
O002951,2025-10-21,C0769,P0058,S024,1,0.1,30317.15,28284.78,2032.37,0.06703697412190789,10,October,2025Q4
O003426,2025-10-21,C0932,P0063,S024,1,0.2,1636.91,1824.24,-187.33,-0.11444123378805188,10,October,2025Q4
O004466,2025-10-21,C0956,P0095,S003,7,0.1,237496.14,177217.81,60278.33,0.2538076197785783,10,October,2025Q4
O005091,2025-10-21,C0463,P0047,S008,8,0.2,4179.14,4316.72,-137.58,-0.03292064874591423,10,October,2025Q4
O005243,2025-10-21,C0860,P0115,S007,1,0.1,30325.24,25577.27,4747.97,0.15656825799235224,10,October,2025Q4
O005437,2025-10-21,C0819,P0120,S023,2,0.2,19605.07,19778.16,-173.09,-0.008828838662652059,10,October,2025Q4
O005510,2025-10-21,C0065,P0014,S020,3,0.2,66788.54,56989.44,9799.1,0.14671828430446304,10,October,2025Q4
O005602,2025-10-21,C0011,P0054,S022,8,0.1,66951.58,63852.88,3098.7,0.046282701618094745,10,October,2025Q4
O005709,2025-10-21,C0991,P0048,S017,8,0.0,73238.56,62787.28,10451.28,0.1427018772624694,10,October,2025Q4
O005901,2025-10-21,C0930,P0040,S020,4,0.0,1442.24,1014.32,427.92,0.29670512536055027,10,October,2025Q4
O000087,2025-10-20,C0966,P0086,S023,7,0.2,83194.78,87852.66,-4657.88,-0.05598764730191005,10,October,2025Q4
O000351,2025-10-20,C0764,P0007,S018,7,0.05,124782.33,91756.42,33025.91,0.2646681625515408,10,October,2025Q4
O000354,2025-10-20,C0201,P0072,S020,4,0.0,118050.68,80442.44,37608.24,0.318577072152401,10,October,2025Q4
O000433,2025-10-20,C0748,P0081,S017,2,0.1,74840.62,59837.24,15003.38,0.20047108107869763,10,October,2025Q4
O000749,2025-10-20,C0400,P0042,S019,2,0.1,12727.78,11252.08,1475.7,0.1159432359767375,10,October,2025Q4
O001342,2025-10-20,C0224,P0076,S023,1,0.15,32877.78,27102.76,5775.02,0.17565115406210519,10,October,2025Q4
O001977,2025-10-20,C0750,P0053,S001,6,0.15,138939.15,144096.0,-5156.85,-0.0371158885022688,10,October,2025Q4
O002545,2025-10-20,C0759,P0079,S009,8,0.0,342494.0,233364.08,109129.92,0.3186330855431044,10,October,2025Q4
O002635,2025-10-20,C0090,P0006,S006,5,0.05,9219.23,7361.75,1857.48,0.20147886537162,10,October,2025Q4
O002829,2025-10-20,C0661,P0086,S022,5,0.1,66852.94,62751.9,4101.04,0.06134419817587678,10,October,2025Q4
O002875,2025-10-20,C0112,P0063,S021,8,0.1,14732.21,14593.92,138.29,0.009386914794182272,10,October,2025Q4
O002961,2025-10-20,C0143,P0042,S019,7,0.1,44547.24,39382.28,5164.96,0.11594343443050568,10,October,2025Q4
O003058,2025-10-20,C0341,P0034,S009,8,0.15,87557.48,81836.16,5721.32,0.06534358914852277,10,October,2025Q4
O003074,2025-10-20,C0921,P0119,S003,1,0.0,3926.02,3421.52,504.5,0.1285016377909435,10,October,2025Q4
O003397,2025-10-20,C0439,P0117,S018,1,0.0,19787.51,17617.72,2169.79,0.10965452449550248,10,October,2025Q4
O003566,2025-10-20,C0250,P0097,S023,7,0.15,63610.56,57601.04,6009.52,0.094473621989808,10,October,2025Q4
O003812,2025-10-20,C0471,P0026,S009,5,0.15,28794.81,22173.25,6621.56,0.2299567178946484,10,October,2025Q4
O003923,2025-10-20,C0370,P0026,S014,1,0.0,6775.25,4434.65,2340.6,0.34546326703811664,10,October,2025Q4
O005142,2025-10-20,C0240,P0011,S020,7,0.0,81667.6,62958.91,18708.69,0.22908338190420677,10,October,2025Q4
O005718,2025-10-20,C0134,P0006,S004,3,0.15,4949.27,4417.05,532.22,0.10753505062362732,10,October,2025Q4
O005957,2025-10-20,C0752,P0030,S022,3,0.05,35303.83,31063.86,4239.97,0.12009943397076181,10,October,2025Q4
O000444,2025-10-19,C0631,P0004,S006,4,0.05,32363.0,24371.84,7991.16,0.24692272039056948,10,October,2025Q4
O000705,2025-10-19,C0070,P0013,S019,1,0.15,7835.49,6143.84,1691.65,0.2158958788793043,10,October,2025Q4
O000841,2025-10-19,C0133,P0028,S002,5,0.05,41130.68,35660.9,5469.78,0.13298540165151657,10,October,2025Q4
O000995,2025-10-19,C0513,P0064,S006,4,0.2,110001.6,99008.56,10993.04,0.09993527366874663,10,October,2025Q4
O000998,2025-10-19,C0877,P0030,S017,5,0.0,61936.55,51773.1,10163.45,0.16409454514337657,10,October,2025Q4
O001433,2025-10-19,C0500,P0006,S012,5,0.1,8734.01,7361.75,1372.26,0.15711683407735966,10,October,2025Q4
O002182,2025-10-19,C0995,P0011,S011,4,0.1,42000.48,35976.52,6023.96,0.14342597989356312,10,October,2025Q4
O002204,2025-10-19,C0818,P0113,S017,7,0.0,66424.61,48078.45,18346.16,0.27619522342697983,10,October,2025Q4
O002256,2025-10-19,C0268,P0014,S025,2,0.1,50091.41,37992.96,12098.45,0.24152743953504202,10,October,2025Q4
O002611,2025-10-19,C0199,P0054,S005,7,0.15,55328.04,55871.27,-543.23,-0.009818348887833367,10,October,2025Q4
O002960,2025-10-19,C0154,P0094,S003,3,0.0,45014.76,30805.23,14209.53,0.31566379560837377,10,October,2025Q4
O003153,2025-10-19,C0934,P0015,S020,8,0.0,239601.76,188008.72,51593.04,0.2153283014281698,10,October,2025Q4
O003396,2025-10-19,C0964,P0074,S001,1,0.1,15403.51,12675.24,2728.27,0.1771200200473788,10,October,2025Q4
O003590,2025-10-19,C0713,P0049,S008,6,0.0,100745.82,70205.58,30540.24,0.3031415099901911,10,October,2025Q4
O003777,2025-10-19,C0054,P0065,S025,8,0.2,23910.59,24721.68,-811.09,-0.033921789466508354,10,October,2025Q4
O004369,2025-10-19,C0955,P0063,S014,7,0.15,12174.53,12769.68,-595.15,-0.04888484401451226,10,October,2025Q4
O004371,2025-10-19,C0963,P0106,S025,1,0.2,12433.42,11299.51,1133.91,0.09119856001003747,10,October,2025Q4
O004440,2025-10-19,C0479,P0090,S020,6,0.0,125065.74,110082.42,14983.32,0.1198035529154507,10,October,2025Q4
O004491,2025-10-19,C0707,P0078,S020,2,0.0,10941.4,7568.8,3372.6,0.30824208967773775,10,October,2025Q4
O005310,2025-10-19,C0438,P0104,S020,7,0.05,52142.45,42934.29,9208.16,0.17659622821712445,10,October,2025Q4
O000307,2025-10-18,C0192,P0070,S012,6,0.2,57180.34,48296.04,8884.3,0.15537333286230898,10,October,2025Q4
O000392,2025-10-18,C0628,P0030,S020,4,0.0,49549.24,41418.48,8130.76,0.16409454514337657,10,October,2025Q4
O000474,2025-10-18,C0135,P0012,S023,8,0.0,20015.36,16137.44,3877.92,0.19374720214874977,10,October,2025Q4
O000485,2025-10-18,C0807,P0044,S018,4,0.0,46455.8,40275.28,6180.52,0.1330408689550067,10,October,2025Q4
O000560,2025-10-18,C0549,P0120,S012,6,0.2,58815.22,59334.48,-519.26,-0.008828667137519846,10,October,2025Q4
O001178,2025-10-18,C0834,P0028,S006,4,0.0,34636.36,28528.72,6107.64,0.17633608150510044,10,October,2025Q4
O001521,2025-10-18,C0815,P0042,S008,2,0.1,12727.78,11252.08,1475.7,0.1159432359767375,10,October,2025Q4
O001655,2025-10-18,C0560,P0111,S003,6,0.0,157806.78,117703.8,40102.98,0.2541271040445791,10,October,2025Q4
O002293,2025-10-18,C0684,P0023,S009,3,0.2,104172.19,84207.42,19964.77,0.1916516298639781,10,October,2025Q4
O002612,2025-10-18,C0262,P0118,S007,1,0.0,26934.17,19490.8,7443.37,0.27635416276053804,10,October,2025Q4
O003276,2025-10-18,C0594,P0055,S019,3,0.2,76090.06,79981.05,-3890.99,-0.051136639923795565,10,October,2025Q4
O003309,2025-10-18,C0579,P0080,S013,3,0.1,53462.94,38449.71,15013.23,0.28081564537977144,10,October,2025Q4
O003683,2025-10-18,C0158,P0003,S014,2,0.1,20930.04,15825.72,5104.32,0.2438753103195216,10,October,2025Q4
O003955,2025-10-18,C0134,P0011,S014,5,0.0,58334.0,44970.65,13363.35,0.22908338190420682,10,October,2025Q4
O004604,2025-10-18,C0663,P0102,S018,7,0.2,7158.26,7438.62,-280.36,-0.03916594256146047,10,October,2025Q4
O005574,2025-10-18,C0424,P0057,S025,2,0.2,71140.27,59122.46,12017.81,0.1689311834211481,10,October,2025Q4
O005843,2025-10-18,C0580,P0083,S014,6,0.05,86568.47,70592.1,15976.37,0.18455183509654266,10,October,2025Q4
O000996,2025-10-17,C0689,P0088,S020,3,0.0,102475.62,70291.29,32184.33,0.3140681656768703,10,October,2025Q4
O001338,2025-10-17,C0063,P0102,S023,4,0.2,4090.43,4250.64,-160.21,-0.03916703133900348,10,October,2025Q4
O002367,2025-10-17,C0994,P0061,S003,1,0.1,22333.64,19885.82,2447.82,0.10960237560917074,10,October,2025Q4
O002890,2025-10-17,C0106,P0038,S001,5,0.15,125173.51,100164.2,25009.31,0.19979714557816589,10,October,2025Q4
O002927,2025-10-17,C0717,P0120,S020,2,0.05,23281.02,19778.16,3502.86,0.1504599025300438,10,October,2025Q4
O003378,2025-10-17,C0366,P0112,S002,1,0.0,38263.82,27363.16,10900.66,0.28488164537675537,10,October,2025Q4
O003416,2025-10-17,C0882,P0024,S003,3,0.15,23231.52,21747.66,1483.86,0.06387270398148721,10,October,2025Q4
O003588,2025-10-17,C0437,P0079,S006,8,0.1,308244.6,233364.08,74880.52,0.24292565060344937,10,October,2025Q4
O004022,2025-10-17,C0495,P0039,S005,3,0.0,82551.6,66219.15,16332.45,0.19784534763711423,10,October,2025Q4
O005675,2025-10-17,C0998,P0034,S023,4,0.2,41203.52,40918.08,285.44,0.00692756347030545,10,October,2025Q4
O005908,2025-10-17,C0748,P0053,S023,6,0.05,155284.93,144096.0,11188.93,0.07205419096366918,10,October,2025Q4
O000174,2025-10-16,C0653,P0003,S024,5,0.0,58139.0,39564.3,18574.7,0.31948777928756944,10,October,2025Q4
O000519,2025-10-16,C0267,P0008,S021,8,0.15,102864.69,92842.72,10021.97,0.09742867061573801,10,October,2025Q4
O001999,2025-10-16,C0372,P0092,S010,5,0.2,71869.44,59973.1,11896.34,0.16552710025290304,10,October,2025Q4
O002434,2025-10-16,C0492,P0009,S024,3,0.0,101291.19,81802.41,19488.78,0.19240350518144764,10,October,2025Q4
O003142,2025-10-16,C0776,P0090,S023,5,0.15,88588.23,91735.35,-3147.12,-0.035525261087167,10,October,2025Q4
O003168,2025-10-16,C0088,P0039,S020,7,0.0,192620.4,154511.35,38109.05,0.19784534763711425,10,October,2025Q4
O003926,2025-10-16,C0989,P0002,S001,8,0.0,212185.12,151862.96,60322.16,0.2842902461774888,10,October,2025Q4
O004169,2025-10-16,C0765,P0095,S018,4,0.0,150791.2,101267.32,49523.88,0.32842685780072045,10,October,2025Q4
O004361,2025-10-16,C0073,P0028,S010,2,0.0,17318.18,14264.36,3053.82,0.17633608150510044,10,October,2025Q4
O004770,2025-10-16,C0559,P0103,S023,5,0.0,50247.45,38174.05,12073.4,0.24027885992224482,10,October,2025Q4
O005325,2025-10-16,C0909,P0093,S022,3,0.0,101978.61,67270.02,34708.59,0.34035166786446686,10,October,2025Q4
O005835,2025-10-16,C0601,P0118,S018,4,0.15,91576.18,77963.2,13612.98,0.14865197478208853,10,October,2025Q4
O000065,2025-10-15,C0212,P0084,S022,8,0.05,180542.79,125493.68,55049.11,0.30490893599240376,10,October,2025Q4
O000738,2025-10-15,C0875,P0021,S017,1,0.1,21972.42,19774.56,2197.86,0.10002812616907925,10,October,2025Q4
O001155,2025-10-15,C0621,P0062,S003,6,0.0,96912.84,71450.94,25461.9,0.2627298921381316,10,October,2025Q4
O001248,2025-10-15,C0263,P0109,S025,1,0.0,13946.98,11719.66,2227.32,0.15969908897840251,10,October,2025Q4
O001523,2025-10-15,C0285,P0092,S020,2,0.15,30544.51,23989.24,6555.27,0.21461368998880653,10,October,2025Q4
O001814,2025-10-15,C0174,P0027,S016,4,0.0,50093.44,37639.12,12454.32,0.24862177562571067,10,October,2025Q4
O001838,2025-10-15,C0555,P0083,S022,4,0.0,60749.8,47061.4,13688.4,0.22532419859818467,10,October,2025Q4
O001874,2025-10-15,C0360,P0016,S011,8,0.15,96891.7,83617.76,13273.94,0.13699769949335186,10,October,2025Q4
O002302,2025-10-15,C0164,P0116,S005,3,0.1,33396.06,27611.76,5784.3,0.1732030664695177,10,October,2025Q4
O002304,2025-10-15,C0566,P0081,S016,5,0.2,166312.48,149593.1,16719.38,0.10052991813963691,10,October,2025Q4
O002513,2025-10-15,C0087,P0091,S025,3,0.2,14878.85,13460.43,1418.42,0.09533129240499098,10,October,2025Q4
O002876,2025-10-15,C0660,P0116,S005,4,0.15,42054.29,36815.68,5238.61,0.12456779082466972,10,October,2025Q4
O002897,2025-10-15,C0966,P0093,S008,4,0.05,129172.91,89693.36,39479.55,0.3056333560961041,10,October,2025Q4
O003307,2025-10-15,C0779,P0025,S014,7,0.15,8799.4,7283.92,1515.48,0.17222537900311385,10,October,2025Q4
O003552,2025-10-15,C0332,P0020,S001,2,0.0,92292.52,59976.5,32316.02,0.35014776928834535,10,October,2025Q4
O004283,2025-10-15,C0433,P0098,S023,2,0.15,34366.26,26726.3,7639.96,0.22230990512205867,10,October,2025Q4
O005107,2025-10-15,C0224,P0085,S021,5,0.05,119871.9,93835.65,26036.25,0.21720061165293952,10,October,2025Q4
O005116,2025-10-15,C0948,P0004,S003,7,0.0,59616.06,42650.72,16965.34,0.28457667279588755,10,October,2025Q4
O005331,2025-10-15,C0446,P0010,S016,3,0.05,4869.57,3697.65,1171.92,0.24066190649277044,10,October,2025Q4
O005820,2025-10-15,C0346,P0098,S016,2,0.0,40430.9,26726.3,13704.6,0.33896351552896425,10,October,2025Q4
O005939,2025-10-15,C0265,P0101,S009,2,0.0,36062.78,30605.0,5457.78,0.15134107797568574,10,October,2025Q4
O000067,2025-10-14,C0786,P0080,S020,8,0.2,126726.98,102532.56,24194.42,0.1909176719906053,10,October,2025Q4
O000931,2025-10-14,C0532,P0100,S013,5,0.15,78561.08,77775.2,785.88,0.010003426633136917,10,October,2025Q4
O001000,2025-10-14,C0905,P0059,S001,7,0.2,12696.15,12571.72,124.43,0.009800608845988745,10,October,2025Q4
O001851,2025-10-14,C0453,P0063,S023,5,0.2,8184.56,9121.2,-936.64,-0.11443987214951078,10,October,2025Q4
O002997,2025-10-14,C0333,P0003,S020,6,0.1,62790.12,47477.16,15312.96,0.2438753103195216,10,October,2025Q4
O003551,2025-10-14,C0973,P0040,S025,2,0.2,576.9,507.16,69.74,0.12088750216675333,10,October,2025Q4
O003756,2025-10-14,C0361,P0088,S020,5,0.1,153713.43,117152.15,36561.28,0.23785351741874475,10,October,2025Q4
O003894,2025-10-14,C0123,P0101,S004,7,0.05,119908.74,107117.5,12791.24,0.10667479284662652,10,October,2025Q4
O004062,2025-10-14,C0885,P0014,S001,3,0.05,79311.4,56989.44,22321.96,0.2814470555304786,10,October,2025Q4
O004249,2025-10-14,C0582,P0006,S009,8,0.0,15527.12,11778.8,3748.32,0.24140471639299496,10,October,2025Q4
O004638,2025-10-14,C0378,P0118,S023,5,0.2,107736.68,97454.0,10282.68,0.09544270345067252,10,October,2025Q4
O004982,2025-10-14,C0045,P0009,S022,6,0.15,172195.02,163604.82,8590.2,0.04988646013107697,10,October,2025Q4
O005018,2025-10-14,C0586,P0092,S007,5,0.1,80853.12,59973.1,20880.02,0.25824631133591386,10,October,2025Q4
O005918,2025-10-14,C0843,P0045,S017,7,0.05,51924.2,36421.35,15502.85,0.2985669495148698,10,October,2025Q4
O000002,2025-10-13,C0186,P0038,S004,8,0.0,235620.72,160262.72,75358.0,0.31982756015684866,10,October,2025Q4
O001956,2025-10-13,C0013,P0044,S011,6,0.05,66199.52,60412.92,5786.6,0.0874115099323983,10,October,2025Q4
O002047,2025-10-13,C0574,P0095,S007,4,0.15,128172.52,101267.32,26905.2,0.2099139503537888,10,October,2025Q4
O003093,2025-10-13,C0700,P0051,S021,3,0.05,12180.07,9667.71,2512.36,0.20626810847556706,10,October,2025Q4
O003222,2025-10-13,C0629,P0056,S014,8,0.1,313534.3,226133.28,87401.02,0.278760633206638,10,October,2025Q4
O003460,2025-10-13,C0907,P0048,S014,7,0.1,57675.37,54938.87,2736.5,0.04744659635473513,10,October,2025Q4
O003505,2025-10-13,C0288,P0041,S006,4,0.05,140936.07,102210.24,38725.83,0.2747758611404447,10,October,2025Q4
O004447,2025-10-13,C0017,P0081,S018,2,0.2,66524.99,59837.24,6687.75,0.10052989109806705,10,October,2025Q4
O004499,2025-10-13,C0371,P0007,S008,7,0.0,131349.82,91756.42,39593.4,0.3014347488256931,10,October,2025Q4
O004841,2025-10-13,C0600,P0099,S004,3,0.0,58932.45,43910.76,15021.69,0.2548967504320625,10,October,2025Q4
O005258,2025-10-13,C0902,P0113,S003,5,0.1,42701.54,34341.75,8359.79,0.19577256464286769,10,October,2025Q4
O005697,2025-10-13,C0519,P0001,S016,1,0.0,6037.22,4095.31,1941.91,0.3216563252622896,10,October,2025Q4
O000102,2025-10-12,C0271,P0017,S006,5,0.0,46713.1,41294.9,5418.2,0.11598887678188774,10,October,2025Q4
O000670,2025-10-12,C0474,P0091,S019,3,0.0,18598.56,13460.43,5138.13,0.27626493664025603,10,October,2025Q4
O000969,2025-10-12,C0668,P0101,S005,5,0.15,76633.41,76512.5,120.91,0.0015777713663009383,10,October,2025Q4
O000978,2025-10-12,C0287,P0113,S014,4,0.15,32263.38,27473.4,4789.98,0.14846491595114955,10,October,2025Q4
O001246,2025-10-12,C0458,P0103,S011,2,0.0,20098.98,15269.62,4829.36,0.2402788599222448,10,October,2025Q4
O001908,2025-10-12,C0866,P0100,S012,1,0.1,16636.46,15555.04,1081.42,0.06500301145796643,10,October,2025Q4
O001964,2025-10-12,C0762,P0063,S008,7,0.15,12174.53,12769.68,-595.15,-0.04888484401451226,10,October,2025Q4
O002370,2025-10-12,C0349,P0074,S011,4,0.0,68460.04,50700.96,17759.08,0.2594079699632078,10,October,2025Q4
O002925,2025-10-12,C0818,P0012,S024,8,0.2,16012.29,16137.44,-125.15,-0.007815871433754947,10,October,2025Q4
O003055,2025-10-12,C0963,P0040,S009,7,0.0,2523.92,1775.06,748.86,0.29670512536055027,10,October,2025Q4
O003431,2025-10-12,C0530,P0006,S023,1,0.05,1843.85,1472.35,371.5,0.20148059766249968,10,October,2025Q4
O003471,2025-10-12,C0713,P0042,S009,3,0.0,21212.97,16878.12,4334.85,0.20434903740494614,10,October,2025Q4
O003726,2025-10-12,C0911,P0027,S017,7,0.2,70130.82,65868.46,4262.36,0.060777273101897275,10,October,2025Q4
O003950,2025-10-12,C0439,P0102,S017,7,0.0,8947.82,7438.62,1509.2,0.16866678140597374,10,October,2025Q4
O004143,2025-10-12,C0006,P0070,S008,1,0.2,9530.06,8049.34,1480.72,0.15537362828775475,10,October,2025Q4
O004208,2025-10-12,C0163,P0023,S006,6,0.0,260430.48,168414.84,92015.64,0.35332131630675484,10,October,2025Q4
O004351,2025-10-12,C0528,P0060,S023,8,0.1,216045.58,167811.68,48233.9,0.22325798102418945,10,October,2025Q4
O004431,2025-10-12,C0929,P0058,S001,4,0.1,121268.59,113139.12,8129.47,0.06703689718829914,10,October,2025Q4
O004558,2025-10-12,C0276,P0015,S007,6,0.1,161731.19,141006.54,20724.65,0.1281425679239731,10,October,2025Q4
O004609,2025-10-12,C0148,P0050,S018,4,0.0,76426.04,59575.36,16850.68,0.2204834896587603,10,October,2025Q4
O004821,2025-10-12,C0159,P0037,S001,5,0.1,166337.82,133550.45,32787.37,0.1971131399942599,10,October,2025Q4
O004831,2025-10-12,C0042,P0077,S025,8,0.15,269160.12,216268.48,52891.64,0.19650622833724402,10,October,2025Q4
O005941,2025-10-12,C0525,P0018,S021,4,0.15,5358.94,4292.96,1065.98,0.1989162035775732,10,October,2025Q4
O000131,2025-10-11,C0896,P0072,S005,2,0.0,59025.34,40221.22,18804.12,0.318577072152401,10,October,2025Q4
O000610,2025-10-11,C0876,P0030,S003,7,0.15,73704.49,72482.34,1222.15,0.016581757773508777,10,October,2025Q4
O000715,2025-10-11,C0418,P0038,S014,4,0.0,117810.36,80131.36,37679.0,0.31982756015684866,10,October,2025Q4
O000737,2025-10-11,C0702,P0070,S019,8,0.1,85770.5,64394.72,21375.78,0.24922065278854616,10,October,2025Q4
O001692,2025-10-11,C0216,P0016,S012,3,0.0,42746.34,31356.66,11389.68,0.26644807485272426,10,October,2025Q4
O001702,2025-10-11,C0398,P0093,S022,5,0.15,144469.7,112116.7,32353.0,0.22394315209348395,10,October,2025Q4
O001740,2025-10-11,C0729,P0120,S016,2,0.0,24506.34,19778.16,4728.18,0.1929370114019474,10,October,2025Q4
O002574,2025-10-11,C0780,P0048,S024,3,0.0,27464.46,23545.23,3919.23,0.14270187726246938,10,October,2025Q4
O003053,2025-10-11,C0564,P0019,S008,3,0.05,91604.24,72893.67,18710.57,0.20425441005787504,10,October,2025Q4
O004131,2025-10-11,C0239,P0005,S012,3,0.0,120365.4,81513.96,38851.44,0.32277913752623266,10,October,2025Q4
O004152,2025-10-11,C0660,P0039,S012,4,0.15,93558.48,88292.2,5266.28,0.05628864427895793,10,October,2025Q4
O004779,2025-10-11,C0268,P0114,S005,1,0.0,40519.17,29017.33,11501.84,0.2838616881836425,10,October,2025Q4
O005499,2025-10-11,C0050,P0073,S021,5,0.1,36002.25,34899.4,1102.85,0.030632807671742736,10,October,2025Q4
O000786,2025-10-10,C0394,P0040,S021,6,0.2,1730.69,1521.48,209.21,0.12088242261756872,10,October,2025Q4
O001507,2025-10-10,C0668,P0038,S015,8,0.1,212058.65,160262.72,51795.93,0.24425285174643901,10,October,2025Q4
O002291,2025-10-10,C0912,P0021,S022,7,0.15,145262.11,138421.92,6840.19,0.04708860417902508,10,October,2025Q4
O002444,2025-10-10,C0554,P0019,S011,6,0.1,173565.94,145787.34,27778.6,0.16004637776282604,10,October,2025Q4
O004330,2025-10-10,C0932,P0035,S019,8,0.1,299388.82,227768.56,71620.26,0.23922155810627796,10,October,2025Q4
O004492,2025-10-10,C0983,P0029,S004,1,0.0,333.79,220.37,113.42,0.33979448156026243,10,October,2025Q4
O004854,2025-10-10,C0060,P0018,S012,4,0.2,5043.71,4292.96,750.75,0.1488487641042011,10,October,2025Q4
O005593,2025-10-10,C0846,P0083,S021,2,0.2,24299.92,23530.7,769.22,0.03165524824773086,10,October,2025Q4
O000331,2025-10-09,C0333,P0109,S012,7,0.2,78103.09,82037.62,-3934.53,-0.05037611187982448,10,October,2025Q4
O000430,2025-10-09,C0067,P0038,S016,3,0.0,88357.77,60098.52,28259.25,0.31982756015684866,10,October,2025Q4
O001257,2025-10-09,C0262,P0034,S013,3,0.1,34765.47,30688.56,4076.91,0.11726894530693817,10,October,2025Q4
O002533,2025-10-09,C0598,P0106,S009,7,0.0,108792.46,79096.57,29695.89,0.272959081906963,10,October,2025Q4
O002713,2025-10-09,C0958,P0074,S023,5,0.15,72738.79,63376.2,9362.59,0.1287152288345737,10,October,2025Q4
O002902,2025-10-09,C0824,P0109,S005,7,0.15,82984.53,82037.62,946.91,0.011410681002832697,10,October,2025Q4
O003385,2025-10-09,C0051,P0120,S012,6,0.2,58815.22,59334.48,-519.26,-0.008828667137519846,10,October,2025Q4
O003423,2025-10-09,C0007,P0024,S007,7,0.2,51018.24,50744.54,273.7,0.0053647479803301725,10,October,2025Q4
O003429,2025-10-09,C0564,P0011,S024,6,0.15,59500.68,53964.78,5535.9,0.0930392728284786,10,October,2025Q4
O004134,2025-10-09,C0015,P0013,S009,3,0.2,22123.73,18431.52,3692.21,0.1668891276471011,10,October,2025Q4
O004240,2025-10-09,C0452,P0003,S003,8,0.15,79069.04,63302.88,15766.16,0.19939738739714055,10,October,2025Q4
O004641,2025-10-09,C0356,P0081,S024,5,0.15,176707.01,149593.1,27113.91,0.15343992295495237,10,October,2025Q4
O004672,2025-10-09,C0393,P0032,S016,3,0.1,102291.34,76275.39,26015.95,0.2543318916342283,10,October,2025Q4
O005070,2025-10-09,C0859,P0025,S018,6,0.2,7098.67,6243.36,855.31,0.12048876761421505,10,October,2025Q4
O005313,2025-10-09,C0536,P0026,S001,1,0.15,5758.96,4434.65,1324.31,0.22995645047022378,10,October,2025Q4
O005340,2025-10-09,C0592,P0049,S020,6,0.0,100745.82,70205.58,30540.24,0.3031415099901911,10,October,2025Q4
O005423,2025-10-09,C0311,P0085,S025,6,0.05,143846.28,112602.78,31243.5,0.21720061165293952,10,October,2025Q4
O005564,2025-10-09,C0790,P0102,S019,7,0.1,8053.04,7438.62,614.42,0.07629665318935458,10,October,2025Q4
O005995,2025-10-09,C0303,P0018,S018,8,0.05,11978.82,8585.92,3392.9,0.28324158806960953,10,October,2025Q4
O000029,2025-10-08,C0259,P0061,S023,3,0.0,74445.48,59657.46,14788.02,0.19864228157303843,10,October,2025Q4
O000083,2025-10-08,C0882,P0041,S023,4,0.0,148353.76,102210.24,46143.52,0.3110370778603791,10,October,2025Q4
O000261,2025-10-08,C0056,P0004,S025,7,0.15,50673.65,42650.72,8022.93,0.15832548079721906,10,October,2025Q4
O000423,2025-10-08,C0285,P0080,S021,4,0.0,79204.36,51266.28,27938.08,0.35273411716223707,10,October,2025Q4
O000760,2025-10-08,C0185,P0113,S001,3,0.15,24197.54,20605.05,3592.49,0.1484650919060367,10,October,2025Q4
O000942,2025-10-08,C0358,P0009,S002,7,0.1,212711.5,190872.29,21839.21,0.10267056553124772,10,October,2025Q4
O001222,2025-10-08,C0402,P0044,S014,8,0.05,88266.02,80550.56,7715.46,0.08741144100527021,10,October,2025Q4
O001825,2025-10-08,C0429,P0052,S001,5,0.0,138711.65,113978.3,24733.35,0.17830766197359774,10,October,2025Q4
O002269,2025-10-08,C0988,P0041,S002,2,0.2,59341.5,51105.12,8236.38,0.13879628927479082,10,October,2025Q4
O002571,2025-10-08,C0482,P0055,S006,4,0.0,126816.76,106641.4,20175.36,0.1590906438549605,10,October,2025Q4
O002723,2025-10-08,C0244,P0008,S014,4,0.15,51432.34,46421.36,5010.98,0.0974285828721773,10,October,2025Q4
O003433,2025-10-08,C0385,P0078,S005,8,0.0,43765.6,30275.2,13490.4,0.30824208967773775,10,October,2025Q4
O003561,2025-10-08,C0509,P0046,S006,1,0.1,26019.79,20166.73,5853.06,0.22494647343425908,10,October,2025Q4
O004063,2025-10-08,C0016,P0087,S024,6,0.05,198062.46,136797.9,61264.56,0.30931939348829657,10,October,2025Q4
O004448,2025-10-08,C0610,P0050,S012,6,0.15,97443.2,89363.04,8080.16,0.08292174312830448,10,October,2025Q4
O004899,2025-10-08,C0057,P0053,S022,2,0.2,43588.75,48032.0,-4443.25,-0.10193570588741362,10,October,2025Q4
O005664,2025-10-08,C0488,P0005,S020,8,0.1,288876.96,217370.56,71506.4,0.24753237502914732,10,October,2025Q4
O005831,2025-10-08,C0493,P0087,S005,1,0.0,34747.8,22799.65,11948.15,0.3438534238138817,10,October,2025Q4
O000099,2025-10-07,C0757,P0078,S007,4,0.05,20788.66,15137.6,5651.06,0.27183377860814506,10,October,2025Q4
O000333,2025-10-07,C0220,P0049,S025,5,0.05,79757.11,58504.65,21252.46,0.26646477035088156,10,October,2025Q4
O000365,2025-10-07,C0536,P0097,S009,8,0.15,72697.78,65829.76,6868.02,0.09447358640112533,10,October,2025Q4
O000500,2025-10-07,C0217,P0085,S006,8,0.0,201889.52,150137.04,51752.48,0.25634059657975317,10,October,2025Q4
O000509,2025-10-07,C0591,P0047,S002,1,0.15,555.04,539.59,15.45,0.027835831651772846,10,October,2025Q4
O002275,2025-10-07,C0076,P0003,S021,8,0.15,79069.04,63302.88,15766.16,0.19939738739714055,10,October,2025Q4
O002350,2025-10-07,C0763,P0025,S008,3,0.0,4436.67,3121.68,1314.99,0.29639121232816507,10,October,2025Q4
O002936,2025-10-07,C0588,P0045,S013,2,0.0,15616.3,10406.1,5210.2,0.33363856995575136,10,October,2025Q4
O003181,2025-10-07,C0255,P0093,S009,7,0.0,237950.09,156963.38,80986.71,0.3403516678644669,10,October,2025Q4
O003207,2025-10-07,C0433,P0079,S022,4,0.2,136997.6,116682.04,20315.56,0.1482913569288805,10,October,2025Q4
O003264,2025-10-07,C0516,P0107,S005,5,0.15,95506.38,88445.15,7061.23,0.07393464185324582,10,October,2025Q4
O003359,2025-10-07,C0446,P0005,S024,7,0.1,252767.34,190199.24,62568.1,0.24753237502914735,10,October,2025Q4
O003398,2025-10-07,C0397,P0092,S015,8,0.05,136551.94,95956.96,40594.98,0.29728599974485903,10,October,2025Q4
O003902,2025-10-07,C0131,P0051,S005,6,0.05,24360.15,19335.42,5024.73,0.2062684343076705,10,October,2025Q4
O004018,2025-10-07,C0453,P0066,S009,5,0.1,75333.51,71562.05,3771.46,0.050063510913005385,10,October,2025Q4
O004030,2025-10-07,C0564,P0011,S017,3,0.1,31500.36,26982.39,4517.97,0.14342597989356312,10,October,2025Q4
O004136,2025-10-07,C0026,P0112,S003,8,0.1,275499.5,218905.28,56594.22,0.20542403888210323,10,October,2025Q4
O005031,2025-10-07,C0401,P0086,S002,2,0.05,28226.8,25100.76,3126.04,0.11074723312596539,10,October,2025Q4
O005184,2025-10-07,C0318,P0021,S005,1,0.0,24413.8,19774.56,4639.24,0.1900253135521713,10,October,2025Q4
O005585,2025-10-07,C0582,P0104,S005,6,0.15,39988.95,36800.82,3188.13,0.07972527410697205,10,October,2025Q4
O000289,2025-10-06,C0482,P0024,S007,5,0.1,40996.8,36246.1,4750.7,0.1158797759825157,10,October,2025Q4
O001369,2025-10-06,C0709,P0035,S021,2,0.0,83163.56,56942.14,26221.42,0.31529939314767186,10,October,2025Q4
O002490,2025-10-06,C0109,P0054,S016,1,0.05,8833.89,7981.61,852.28,0.09647844833929334,10,October,2025Q4
O002836,2025-10-06,C0700,P0024,S010,4,0.2,29153.28,28996.88,156.4,0.0053647479803301725,10,October,2025Q4
O002932,2025-10-06,C0950,P0011,S015,1,0.0,11666.8,8994.13,2672.67,0.22908338190420682,10,October,2025Q4
O003573,2025-10-06,C0431,P0046,S008,4,0.2,92514.82,80666.92,11847.9,0.12806488733372662,10,October,2025Q4
O003973,2025-10-06,C0863,P0011,S018,7,0.1,73500.84,62958.91,10541.93,0.14342597989356312,10,October,2025Q4
O005279,2025-10-06,C0103,P0084,S010,5,0.05,112839.24,78433.55,34405.69,0.3049089128923591,10,October,2025Q4
O005632,2025-10-06,C0251,P0025,S003,6,0.05,8429.67,6243.36,2186.31,0.25935890728818567,10,October,2025Q4
O005993,2025-10-06,C0358,P0020,S006,1,0.1,41531.63,29988.25,11543.38,0.27794189633298766,10,October,2025Q4
O000092,2025-10-05,C0034,P0046,S015,2,0.15,49148.5,40333.46,8815.04,0.1793552193861461,10,October,2025Q4
O000467,2025-10-05,C0359,P0071,S011,5,0.0,33384.05,23518.45,9865.6,0.29551836880186794,10,October,2025Q4
O001689,2025-10-05,C0516,P0014,S002,6,0.1,150274.22,113978.88,36295.34,0.24152738906247523,10,October,2025Q4
O001699,2025-10-05,C0782,P0045,S001,6,0.05,44506.45,31218.3,13288.15,0.29856683694161185,10,October,2025Q4
O001706,2025-10-05,C0303,P0044,S019,7,0.0,81297.65,70481.74,10815.91,0.1330408689550067,10,October,2025Q4
O001804,2025-10-05,C0620,P0118,S005,2,0.2,43094.67,38981.6,4113.07,0.09544266147066446,10,October,2025Q4
O002282,2025-10-05,C0873,P0030,S013,3,0.2,29729.54,31063.86,-1334.32,-0.0448819591557757,10,October,2025Q4
O002447,2025-10-05,C0418,P0047,S014,2,0.15,1110.08,1079.18,30.9,0.027835831651772846,10,October,2025Q4
O002966,2025-10-05,C0444,P0093,S020,5,0.15,144469.7,112116.7,32353.0,0.22394315209348395,10,October,2025Q4
O002984,2025-10-05,C0181,P0100,S024,6,0.05,105364.27,93330.24,12034.03,0.11421357543691045,10,October,2025Q4
O003203,2025-10-05,C0980,P0117,S024,1,0.1,17808.76,17617.72,191.04,0.010727304989230019,10,October,2025Q4
O003323,2025-10-05,C0690,P0103,S021,3,0.05,28641.05,22904.43,5736.62,0.20029363448616583,10,October,2025Q4
O003361,2025-10-05,C0516,P0025,S018,5,0.0,7394.45,5202.8,2191.65,0.29639121232816507,10,October,2025Q4
O003729,2025-10-05,C0935,P0104,S025,7,0.0,54886.79,42934.29,11952.5,0.21776642430719667,10,October,2025Q4
O003776,2025-10-05,C0681,P0109,S010,7,0.1,87865.97,82037.62,5828.35,0.06633227858293718,10,October,2025Q4
O004077,2025-10-05,C0876,P0038,S017,2,0.0,58905.18,40065.68,18839.5,0.31982756015684866,10,October,2025Q4
O004200,2025-10-05,C0682,P0038,S014,5,0.0,147262.95,100164.2,47098.75,0.31982756015684866,10,October,2025Q4
O004260,2025-10-05,C0771,P0058,S021,6,0.1,181902.89,169708.68,12194.21,0.06703692283283678,10,October,2025Q4
O005261,2025-10-05,C0405,P0030,S019,5,0.05,58839.72,51773.1,7066.62,0.12009948381807391,10,October,2025Q4
O005525,2025-10-05,C0183,P0067,S025,4,0.15,70542.79,59100.36,11442.43,0.16220552093275586,10,October,2025Q4
O005651,2025-10-05,C0095,P0045,S013,1,0.05,7417.74,5203.05,2214.69,0.29856667933899006,10,October,2025Q4
O005708,2025-10-05,C0955,P0104,S007,4,0.0,31363.88,24533.88,6830.0,0.21776642430719667,10,October,2025Q4
O000152,2025-10-04,C0484,P0084,S025,3,0.05,67703.55,47060.13,20643.42,0.3049089744924749,10,October,2025Q4
O000267,2025-10-04,C0958,P0035,S018,8,0.0,332654.24,227768.56,104885.68,0.31529939314767186,10,October,2025Q4
O000347,2025-10-04,C0579,P0020,S011,4,0.0,184585.04,119953.0,64632.04,0.35014776928834535,10,October,2025Q4
O000630,2025-10-04,C0117,P0084,S016,4,0.2,76018.02,62746.84,13271.18,0.1745793957801058,10,October,2025Q4
O002080,2025-10-04,C0357,P0009,S011,6,0.0,202582.38,163604.82,38977.56,0.19240350518144764,10,October,2025Q4
O002104,2025-10-04,C0387,P0098,S020,3,0.0,60646.35,40089.45,20556.9,0.33896351552896425,10,October,2025Q4
O002205,2025-10-04,C0698,P0076,S011,1,0.15,32877.78,27102.76,5775.02,0.17565115406210519,10,October,2025Q4
O002860,2025-10-04,C0300,P0029,S008,7,0.15,1986.05,1542.59,443.46,0.22328742982301553,10,October,2025Q4
O002949,2025-10-04,C0249,P0113,S004,3,0.15,24197.54,20605.05,3592.49,0.1484650919060367,10,October,2025Q4
O003165,2025-10-04,C0177,P0008,S001,5,0.15,64290.43,58026.7,6263.73,0.09742865306702723,10,October,2025Q4
O003734,2025-10-04,C0870,P0066,S024,4,0.05,63614.96,57249.64,6365.32,0.10006011164669443,10,October,2025Q4
O003929,2025-10-04,C0833,P0049,S019,1,0.2,13432.78,11700.93,1731.85,0.12892714687503257,10,October,2025Q4
O004148,2025-10-04,C0882,P0012,S006,2,0.1,4503.46,4034.36,469.1,0.1041643536303198,10,October,2025Q4
O004194,2025-10-04,C0811,P0015,S019,3,0.2,71880.53,70503.27,1377.26,0.019160404076041176,10,October,2025Q4
O004583,2025-10-04,C0513,P0020,S010,3,0.1,124594.9,89964.75,34630.15,0.2779419542854483,10,October,2025Q4
O005933,2025-10-04,C0405,P0051,S024,3,0.05,12180.07,9667.71,2512.36,0.20626810847556706,10,October,2025Q4
O000403,2025-10-03,C0406,P0095,S002,7,0.15,224301.91,177217.81,47084.1,0.20991395035378876,10,October,2025Q4
O000871,2025-10-03,C0196,P0012,S010,8,0.0,20015.36,16137.44,3877.92,0.19374720214874977,10,October,2025Q4
O000985,2025-10-03,C0084,P0101,S021,2,0.15,30653.36,30605.0,48.36,0.0015776410807820088,10,October,2025Q4
O001253,2025-10-03,C0523,P0027,S023,2,0.2,20037.38,18819.56,1217.82,0.060777407026267896,10,October,2025Q4
O001886,2025-10-03,C0583,P0027,S023,7,0.05,83280.34,65868.46,17411.88,0.20907551530169066,10,October,2025Q4
O001988,2025-10-03,C0124,P0092,S025,1,0.1,16170.62,11994.62,4176.0,0.2582461278540959,10,October,2025Q4
O002203,2025-10-03,C0714,P0087,S010,6,0.0,208486.8,136797.9,71688.9,0.34385342381388173,10,October,2025Q4
O002795,2025-10-03,C0566,P0011,S011,2,0.05,22166.92,17988.26,4178.66,0.18850882305705982,10,October,2025Q4
O003016,2025-10-03,C0453,P0036,S010,3,0.0,41248.95,28965.15,12283.8,0.29779667118799386,10,October,2025Q4
O003255,2025-10-03,C0630,P0098,S024,8,0.2,129378.88,106905.2,22473.68,0.17370439441120528,10,October,2025Q4
O003451,2025-10-03,C0230,P0017,S025,2,0.2,14948.19,16517.96,-1569.77,-0.10501405186848708,10,October,2025Q4
O004076,2025-10-03,C0887,P0029,S019,3,0.05,951.3,661.11,290.19,0.30504572690003157,10,October,2025Q4
O004303,2025-10-03,C0115,P0054,S016,1,0.1,8368.95,7981.61,387.34,0.04628298651563218,10,October,2025Q4
O004743,2025-10-03,C0151,P0038,S019,8,0.15,200277.61,160262.72,40014.89,0.1997971216053557,10,October,2025Q4
O005028,2025-10-03,C0342,P0034,S019,3,0.2,30902.64,30688.56,214.08,0.00692756347030545,10,October,2025Q4
O005219,2025-10-03,C0579,P0050,S019,8,0.0,152852.08,119150.72,33701.36,0.2204834896587603,10,October,2025Q4
O005317,2025-10-03,C0626,P0075,S009,8,0.0,280572.96,211786.32,68786.64,0.2451648940083178,10,October,2025Q4
O000193,2025-10-02,C0434,P0073,S012,5,0.2,32002.0,34899.4,-2897.4,-0.09053809136928942,10,October,2025Q4
O000302,2025-10-02,C0811,P0014,S005,8,0.0,222628.48,151971.84,70656.64,0.31737466832635247,10,October,2025Q4
O000449,2025-10-02,C0020,P0027,S019,6,0.05,71383.15,56458.68,14924.47,0.20907553113024574,10,October,2025Q4
O000572,2025-10-02,C0153,P0095,S019,4,0.0,150791.2,101267.32,49523.88,0.32842685780072045,10,October,2025Q4
O000647,2025-10-02,C0293,P0024,S006,3,0.0,27331.2,21747.66,5583.54,0.20429179838426412,10,October,2025Q4
O001454,2025-10-02,C0706,P0101,S006,7,0.05,119908.74,107117.5,12791.24,0.10667479284662652,10,October,2025Q4
O001492,2025-10-02,C0861,P0032,S024,7,0.05,251939.77,177975.91,73963.86,0.29357754831640914,10,October,2025Q4
O001681,2025-10-02,C0582,P0006,S001,4,0.0,7763.56,5889.4,1874.16,0.24140471639299496,10,October,2025Q4
O001795,2025-10-02,C0204,P0021,S018,7,0.2,136717.28,138421.92,-1704.64,-0.012468358059785859,10,October,2025Q4
O001971,2025-10-02,C0546,P0051,S008,7,0.1,26924.37,22557.99,4366.38,0.1621720396800371,10,October,2025Q4
O002220,2025-10-02,C0224,P0045,S004,3,0.15,19910.78,15609.15,4301.63,0.21604527798509152,10,October,2025Q4
O003848,2025-10-02,C0117,P0100,S003,4,0.15,62848.86,62220.16,628.7,0.01000336362505223,10,October,2025Q4
O004625,2025-10-02,C0455,P0015,S011,7,0.15,178203.81,164507.63,13696.18,0.07685683038987776,10,October,2025Q4
O005067,2025-10-02,C0109,P0018,S011,6,0.15,8038.42,6439.44,1598.98,0.1989172001462974,10,October,2025Q4
O005433,2025-10-02,C0145,P0054,S017,3,0.0,27896.49,23944.83,3951.66,0.14165438017471013,10,October,2025Q4
O005478,2025-10-02,C0745,P0039,S022,7,0.1,173358.36,154511.35,18847.01,0.10871705293012693,10,October,2025Q4
O005531,2025-10-02,C0483,P0085,S016,2,0.05,47948.76,37534.26,10414.5,0.2172006116529395,10,October,2025Q4
O005545,2025-10-02,C0376,P0048,S012,1,0.2,7323.86,7848.41,-524.55,-0.0716220681443938,10,October,2025Q4
O005722,2025-10-02,C0988,P0081,S012,6,0.0,249468.72,179511.72,69957.0,0.28042393451170955,10,October,2025Q4
O000088,2025-10-01,C0293,P0113,S014,1,0.15,8065.85,6868.35,1197.5,0.1484654438155929,10,October,2025Q4
O000562,2025-10-01,C0874,P0044,S003,8,0.05,88266.02,80550.56,7715.46,0.08741144100527021,10,October,2025Q4
O000569,2025-10-01,C0989,P0107,S015,1,0.0,22472.09,17689.03,4783.06,0.21284446618004824,10,October,2025Q4
O000781,2025-10-01,C0384,P0090,S004,6,0.15,106305.88,110082.42,-3776.54,-0.035525222123178886,10,October,2025Q4
O000864,2025-10-01,C0019,P0001,S013,2,0.0,12074.44,8190.62,3883.82,0.3216563252622896,10,October,2025Q4
O000956,2025-10-01,C0622,P0042,S013,1,0.1,6363.89,5626.04,737.85,0.1159432359767375,10,October,2025Q4
O001333,2025-10-01,C0739,P0020,S002,3,0.0,138438.78,89964.75,48474.03,0.35014776928834535,10,October,2025Q4
O001664,2025-10-01,C0590,P0031,S017,5,0.1,5267.34,4265.0,1002.34,0.19029339287002547,10,October,2025Q4
O002575,2025-10-01,C0955,P0024,S008,1,0.05,8654.88,7249.22,1405.66,0.16241241935185702,10,October,2025Q4
O002763,2025-10-01,C0757,P0010,S004,8,0.2,10935.17,9860.4,1074.77,0.0982856233602221,10,October,2025Q4
O003187,2025-10-01,C0410,P0069,S023,4,0.15,22310.46,23040.68,-730.22,-0.03272993923029826,10,October,2025Q4
O003502,2025-10-01,C0662,P0088,S024,2,0.1,61485.37,46860.86,14624.51,0.23785349262759578,10,October,2025Q4
O003743,2025-10-01,C0659,P0032,S018,5,0.05,179956.98,127125.65,52831.33,0.29357755392427676,10,October,2025Q4
O003814,2025-10-01,C0032,P0029,S007,2,0.15,567.44,440.74,126.7,0.22328351896235724,10,October,2025Q4
O004013,2025-10-01,C0174,P0021,S011,2,0.2,39062.08,39549.12,-487.04,-0.012468358059785859,10,October,2025Q4
O004430,2025-10-01,C0309,P0003,S005,6,0.1,62790.12,47477.16,15312.96,0.2438753103195216,10,October,2025Q4
O004482,2025-10-01,C0889,P0044,S021,3,0.0,34841.85,30206.46,4635.39,0.13304086895500672,10,October,2025Q4
O004863,2025-10-01,C0347,P0041,S015,5,0.15,157625.87,127762.8,29863.07,0.18945538571809312,10,October,2025Q4
O004890,2025-10-01,C0787,P0010,S010,6,0.1,9226.55,7395.3,1831.25,0.19847613680086273,10,October,2025Q4
O004927,2025-10-01,C0952,P0043,S004,3,0.2,53844.31,57784.41,-3940.1,-0.07317579146245907,10,October,2025Q4
O005738,2025-10-01,C0663,P0003,S021,5,0.0,58139.0,39564.3,18574.7,0.31948777928756944,10,October,2025Q4
O005929,2025-10-01,C0711,P0077,S015,1,0.0,39582.37,27033.56,12548.81,0.3170302839370154,10,October,2025Q4
O000482,2025-09-30,C0473,P0052,S019,7,0.0,194196.31,159569.62,34626.69,0.17830766197359776,9,September,2025Q3
O000532,2025-09-30,C0240,P0049,S022,7,0.1,105783.11,81906.51,23876.6,0.225712781558417,9,September,2025Q3
O000535,2025-09-30,C0653,P0046,S014,5,0.05,137326.68,100833.65,36493.03,0.26573882074481087,9,September,2025Q3
O000634,2025-09-30,C0695,P0106,S018,5,0.1,69938.01,56497.55,13440.46,0.19217675767440337,9,September,2025Q3
O001048,2025-09-30,C0388,P0089,S012,6,0.15,165845.12,158167.38,7677.74,0.04629463923930954,9,September,2025Q3
O001170,2025-09-30,C0675,P0114,S013,5,0.2,162076.68,145086.65,16990.03,0.10482711022955307,9,September,2025Q3
O001958,2025-09-30,C0715,P0022,S022,7,0.05,178032.74,121489.34,56543.4,0.3176011333645711,9,September,2025Q3
O002760,2025-09-30,C0342,P0064,S008,7,0.15,204534.22,173264.98,31269.24,0.1528802368620762,9,September,2025Q3
O002979,2025-09-30,C0326,P0088,S017,1,0.1,30742.69,23430.43,7312.26,0.23785361658332438,9,September,2025Q3
O002988,2025-09-30,C0758,P0074,S009,7,0.0,119805.07,88726.68,31078.39,0.2594079699632077,9,September,2025Q3
O002991,2025-09-30,C0780,P0044,S024,8,0.0,92911.6,80550.56,12361.04,0.1330408689550067,9,September,2025Q3
O005071,2025-09-30,C0026,P0041,S001,2,0.2,59341.5,51105.12,8236.38,0.13879628927479082,9,September,2025Q3
O005410,2025-09-30,C0781,P0074,S003,1,0.2,13692.01,12675.24,1016.77,0.07426009767740456,9,September,2025Q3
O005590,2025-09-30,C0682,P0109,S025,6,0.0,83681.88,70317.96,13363.92,0.1596990889784025,9,September,2025Q3
O005681,2025-09-30,C0491,P0100,S011,4,0.0,73939.84,62220.16,11719.68,0.1585029126381664,9,September,2025Q3
O000309,2025-09-29,C0159,P0058,S010,5,0.15,143164.31,141423.9,1740.41,0.012156730961787893,9,September,2025Q3
O001778,2025-09-29,C0673,P0024,S010,4,0.05,34619.52,28996.88,5622.64,0.16241241935185702,9,September,2025Q3
O001961,2025-09-29,C0379,P0039,S010,6,0.1,148592.88,132438.3,16154.58,0.10871705293012693,9,September,2025Q3
O002058,2025-09-29,C0837,P0038,S023,1,0.0,29452.59,20032.84,9419.75,0.31982756015684866,9,September,2025Q3
O002131,2025-09-29,C0538,P0007,S018,6,0.15,95697.73,78648.36,17049.37,0.1781585623817827,9,September,2025Q3
O002994,2025-09-29,C0623,P0101,S022,6,0.0,108188.34,91815.0,16373.34,0.15134107797568574,9,September,2025Q3
O003127,2025-09-29,C0977,P0036,S016,5,0.0,68748.25,48275.25,20473.0,0.29779667118799386,9,September,2025Q3
O003503,2025-09-29,C0842,P0046,S006,3,0.0,86732.64,60500.19,26232.45,0.3024518797075703,9,September,2025Q3
O003662,2025-09-29,C0469,P0066,S002,4,0.2,53570.5,57249.64,-3679.14,-0.06867847042682072,9,September,2025Q3
O003990,2025-09-29,C0355,P0065,S003,8,0.05,28393.83,24721.68,3672.15,0.12932915355202168,9,September,2025Q3
O005244,2025-09-29,C0971,P0022,S023,1,0.0,26771.84,17355.62,9416.22,0.3517210621309555,9,September,2025Q3
O005511,2025-09-29,C0841,P0045,S014,8,0.2,49972.16,41624.4,8347.76,0.1670482124446892,9,September,2025Q3
O005549,2025-09-29,C0792,P0117,S009,2,0.0,39575.02,35235.44,4339.58,0.10965452449550248,9,September,2025Q3
O005949,2025-09-29,C0561,P0018,S005,1,0.1,1418.54,1073.24,345.3,0.2434192902561789,9,September,2025Q3
O000958,2025-09-28,C0325,P0049,S009,2,0.0,33581.94,23401.86,10180.08,0.3031415099901911,9,September,2025Q3
O001530,2025-09-28,C0041,P0044,S021,1,0.0,11613.95,10068.82,1545.13,0.1330408689550067,9,September,2025Q3
O002073,2025-09-28,C0800,P0089,S024,7,0.0,227630.55,184528.61,43101.94,0.1893504189134543,9,September,2025Q3
O003130,2025-09-28,C0693,P0046,S015,7,0.2,161900.93,141167.11,20733.82,0.12806486040568144,9,September,2025Q3
O003312,2025-09-28,C0699,P0085,S021,8,0.15,171606.09,150137.04,21469.05,0.12510657401494318,9,September,2025Q3
O003593,2025-09-28,C0165,P0060,S014,4,0.1,108022.79,83905.84,24116.95,0.22325798102418945,9,September,2025Q3
O003810,2025-09-28,C0750,P0096,S024,5,0.0,32353.3,21023.45,11329.85,0.35019147969449793,9,September,2025Q3
O003886,2025-09-28,C0774,P0075,S008,6,0.0,210429.72,158839.74,51589.98,0.24516489400831784,9,September,2025Q3
O004111,2025-09-28,C0442,P0093,S017,8,0.15,231151.52,179386.72,51764.8,0.22394315209348398,9,September,2025Q3
O005472,2025-09-28,C0767,P0099,S014,6,0.1,106078.41,87821.52,18256.89,0.1721075004800694,9,September,2025Q3
O005806,2025-09-28,C0837,P0088,S012,7,0.15,203243.31,164013.01,39230.3,0.19302135947303753,9,September,2025Q3
O000265,2025-09-27,C0859,P0022,S001,1,0.2,21417.47,17355.62,4061.85,0.18965125199194863,9,September,2025Q3
O000659,2025-09-27,C0228,P0101,S025,5,0.0,90156.95,76512.5,13644.45,0.15134107797568574,9,September,2025Q3
O000807,2025-09-27,C0446,P0099,S015,8,0.0,157153.2,117095.36,40057.84,0.25489675043206245,9,September,2025Q3
O001362,2025-09-27,C0141,P0094,S025,1,0.15,12754.18,10268.41,2485.77,0.19489845681964657,9,September,2025Q3
O001608,2025-09-27,C0453,P0089,S011,6,0.1,175600.71,158167.38,17433.33,0.09927824323717144,9,September,2025Q3
O002639,2025-09-27,C0074,P0107,S020,5,0.0,112360.45,88445.15,23915.3,0.21284446618004824,9,September,2025Q3
O003952,2025-09-27,C0276,P0040,S015,5,0.0,1802.8,1267.9,534.9,0.29670512536055027,9,September,2025Q3
O004202,2025-09-27,C0544,P0025,S024,3,0.05,4214.84,3121.68,1093.16,0.2593597858993461,9,September,2025Q3
O004314,2025-09-27,C0335,P0097,S001,1,0.1,9621.77,8228.72,1393.05,0.14478105379779396,9,September,2025Q3
O004803,2025-09-27,C0937,P0117,S012,7,0.1,124661.31,123324.04,1337.27,0.010727225632395488,9,September,2025Q3
O005041,2025-09-27,C0660,P0030,S011,5,0.0,61936.55,51773.1,10163.45,0.16409454514337657,9,September,2025Q3
O005303,2025-09-27,C0391,P0056,S020,5,0.2,174185.72,141333.3,32852.42,0.18860570200588198,9,September,2025Q3
O005384,2025-09-27,C0658,P0080,S003,5,0.2,79204.36,64082.85,15121.51,0.1909176464527963,9,September,2025Q3
O005475,2025-09-27,C0928,P0022,S023,1,0.0,26771.84,17355.62,9416.22,0.3517210621309555,9,September,2025Q3
O005476,2025-09-27,C0224,P0020,S008,6,0.0,276877.56,179929.5,96948.06,0.35014776928834535,9,September,2025Q3
O005567,2025-09-27,C0609,P0053,S002,8,0.0,217943.76,192128.0,25815.76,0.11845147573851161,9,September,2025Q3
O005839,2025-09-27,C0226,P0099,S022,1,0.0,19644.15,14636.92,5007.23,0.25489675043206245,9,September,2025Q3
O000313,2025-09-26,C0700,P0064,S025,3,0.15,87657.52,74256.42,13401.1,0.15288020925072943,9,September,2025Q3
O000541,2025-09-26,C0107,P0088,S015,6,0.0,204951.24,140582.58,64368.66,0.3140681656768703,9,September,2025Q3
O000668,2025-09-26,C0344,P0009,S019,7,0.0,236346.11,190872.29,45473.82,0.19240350518144766,9,September,2025Q3
O001451,2025-09-26,C0220,P0086,S009,3,0.0,44568.63,37651.14,6917.49,0.15520984154101214,9,September,2025Q3
O001578,2025-09-26,C0516,P0022,S025,3,0.0,80315.52,52066.86,28248.66,0.3517210621309555,9,September,2025Q3
O002012,2025-09-26,C0920,P0030,S024,4,0.05,47071.78,41418.48,5653.3,0.12009955858903149,9,September,2025Q3
O002586,2025-09-26,C0960,P0053,S006,8,0.0,217943.76,192128.0,25815.76,0.11845147573851161,9,September,2025Q3
O002709,2025-09-26,C0618,P0077,S004,6,0.0,237494.22,162201.36,75292.86,0.3170302839370154,9,September,2025Q3
O003007,2025-09-26,C0100,P0031,S014,8,0.05,8895.95,6824.0,2071.95,0.2329093576290334,9,September,2025Q3
O004116,2025-09-26,C0967,P0107,S020,3,0.1,60674.64,53067.09,7607.55,0.1253826969554331,9,September,2025Q3
O004541,2025-09-26,C0458,P0044,S017,7,0.15,69103.0,70481.74,-1378.74,-0.019951955776160223,9,September,2025Q3
O005692,2025-09-26,C0796,P0062,S006,8,0.0,129217.12,95267.92,33949.2,0.2627298921381315,9,September,2025Q3
O000180,2025-09-25,C0881,P0117,S017,7,0.0,138512.57,123324.04,15188.53,0.10965452449550246,9,September,2025Q3
O000190,2025-09-25,C0121,P0067,S001,7,0.2,116188.13,103425.63,12762.5,0.10984340655108228,9,September,2025Q3
O000718,2025-09-25,C0675,P0087,S003,2,0.0,69495.6,45599.3,23896.3,0.3438534238138817,9,September,2025Q3
O000953,2025-09-25,C0194,P0097,S016,1,0.0,10690.85,8228.72,2462.13,0.23030254844095652,9,September,2025Q3
O001502,2025-09-25,C0760,P0033,S004,4,0.15,101229.42,84780.92,16448.5,0.1624873480456571,9,September,2025Q3
O002163,2025-09-25,C0039,P0052,S021,7,0.2,155357.05,159569.62,-4212.57,-0.02711540931035959,9,September,2025Q3
O002397,2025-09-25,C0168,P0092,S008,2,0.05,34137.98,23989.24,10148.74,0.297285896822249,9,September,2025Q3
O002691,2025-09-25,C0835,P0089,S018,4,0.1,117067.14,105444.92,11622.22,0.09927824323717141,9,September,2025Q3
O002722,2025-09-25,C0897,P0035,S019,4,0.1,149694.41,113884.28,35810.13,0.23922155810627796,9,September,2025Q3
O002888,2025-09-25,C0303,P0019,S018,6,0.15,163923.38,145787.34,18136.04,0.11063729896247869,9,September,2025Q3
O002919,2025-09-25,C0201,P0112,S019,8,0.2,244888.45,218905.28,25983.17,0.10610206402139422,9,September,2025Q3
O004354,2025-09-25,C0971,P0111,S009,4,0.0,105204.52,78469.2,26735.32,0.25412710404457906,9,September,2025Q3
O004510,2025-09-25,C0948,P0028,S019,8,0.2,55418.18,57057.44,-1639.26,-0.02957982380511233,9,September,2025Q3
O004527,2025-09-25,C0051,P0050,S023,2,0.2,30570.42,29787.68,782.74,0.025604489568674556,9,September,2025Q3
O004538,2025-09-25,C0970,P0052,S011,6,0.05,158131.28,136773.96,21357.32,0.13506069134455878,9,September,2025Q3
O005581,2025-09-25,C0400,P0055,S019,2,0.0,63408.38,53320.7,10087.68,0.1590906438549605,9,September,2025Q3
O005991,2025-09-25,C0538,P0026,S003,3,0.2,16260.6,13303.95,2956.65,0.18182908379764584,9,September,2025Q3
O001186,2025-09-24,C0986,P0098,S009,8,0.1,145551.24,106905.2,38646.04,0.26551501725440474,9,September,2025Q3
O001459,2025-09-24,C0740,P0001,S015,3,0.2,14489.33,12285.93,2203.4,0.1520705236197947,9,September,2025Q3
O002785,2025-09-24,C0731,P0072,S022,6,0.1,159368.42,120663.66,38704.76,0.2428634230043819,9,September,2025Q3
O002866,2025-09-24,C0549,P0053,S024,1,0.05,25880.82,24016.0,1864.82,0.0720541312060437,9,September,2025Q3
O003028,2025-09-24,C0538,P0079,S013,7,0.15,254729.91,204193.57,50536.34,0.1983918574775926,9,September,2025Q3
O004201,2025-09-24,C0342,P0082,S017,6,0.2,66900.58,58371.18,8529.4,0.12749366298468562,9,September,2025Q3
O004567,2025-09-24,C0288,P0079,S001,8,0.0,342494.0,233364.08,109129.92,0.3186330855431044,9,September,2025Q3
O004787,2025-09-24,C0569,P0103,S021,2,0.05,19094.03,15269.62,3824.41,0.20029349487771833,9,September,2025Q3
O005173,2025-09-24,C0250,P0072,S016,1,0.0,29512.67,20110.61,9402.06,0.318577072152401,9,September,2025Q3
O000234,2025-09-23,C0472,P0041,S023,1,0.0,37088.44,25552.56,11535.88,0.3110370778603791,9,September,2025Q3
O000324,2025-09-23,C0100,P0013,S024,4,0.15,31341.95,24575.36,6766.59,0.2158956287021069,9,September,2025Q3
O000689,2025-09-23,C0289,P0048,S025,8,0.1,65914.7,62787.28,3127.42,0.04744647248641047,9,September,2025Q3
O001054,2025-09-23,C0476,P0023,S011,6,0.15,221365.91,168414.84,52951.07,0.2392015554698553,9,September,2025Q3
O001244,2025-09-23,C0858,P0075,S018,2,0.0,70143.24,52946.58,17196.66,0.2451648940083178,9,September,2025Q3
O001480,2025-09-23,C0840,P0095,S020,6,0.05,214877.46,151900.98,62976.48,0.29308090294812683,9,September,2025Q3
O001614,2025-09-23,C0472,P0108,S002,2,0.0,63783.18,45038.08,18745.1,0.29388782434491345,9,September,2025Q3
O001751,2025-09-23,C0919,P0068,S019,7,0.05,130936.7,114904.72,16031.98,0.12244069080708464,9,September,2025Q3
O001754,2025-09-23,C0285,P0074,S020,6,0.0,102690.06,76051.44,26638.62,0.25940796996320775,9,September,2025Q3
O002096,2025-09-23,C0160,P0018,S023,8,0.0,12609.28,8585.92,4023.36,0.31907928129123947,9,September,2025Q3
O002158,2025-09-23,C0892,P0119,S022,7,0.0,27482.14,23950.64,3531.5,0.1285016377909435,9,September,2025Q3
O002793,2025-09-23,C0185,P0069,S008,3,0.0,19685.7,17280.51,2405.19,0.12217955165424649,9,September,2025Q3
O002955,2025-09-23,C0799,P0104,S005,1,0.05,7448.92,6133.47,1315.45,0.176596070302809,9,September,2025Q3
O003040,2025-09-23,C0724,P0012,S022,8,0.0,20015.36,16137.44,3877.92,0.19374720214874977,9,September,2025Q3
O004368,2025-09-23,C0188,P0030,S011,4,0.0,49549.24,41418.48,8130.76,0.16409454514337657,9,September,2025Q3
O004710,2025-09-23,C0145,P0017,S005,3,0.05,26626.47,24776.94,1849.53,0.06946208040344815,9,September,2025Q3
O005736,2025-09-23,C0888,P0087,S021,1,0.0,34747.8,22799.65,11948.15,0.3438534238138817,9,September,2025Q3
O000244,2025-09-22,C0547,P0093,S011,8,0.05,258345.81,179386.72,78959.09,0.30563332921869335,9,September,2025Q3
O000407,2025-09-22,C0926,P0019,S015,8,0.0,257134.72,194383.12,62751.6,0.2440417225647318,9,September,2025Q3
O000512,2025-09-22,C0081,P0067,S020,2,0.0,41495.76,29550.18,11945.58,0.287874712982724,9,September,2025Q3
O000906,2025-09-22,C0814,P0088,S012,1,0.1,30742.69,23430.43,7312.26,0.23785361658332438,9,September,2025Q3
O000927,2025-09-22,C0597,P0025,S025,6,0.1,7986.01,6243.36,1742.65,0.2182128497209495,9,September,2025Q3
O001424,2025-09-22,C0747,P0078,S021,6,0.1,29541.78,22706.4,6835.38,0.23138009964193088,9,September,2025Q3
O001660,2025-09-22,C0306,P0013,S004,8,0.0,73745.76,49150.72,24595.04,0.3335112418666511,9,September,2025Q3
O002039,2025-09-22,C0486,P0084,S020,7,0.2,133031.53,109806.97,23224.56,0.1745793647566107,9,September,2025Q3
O002481,2025-09-22,C0503,P0023,S015,5,0.0,217025.4,140345.7,76679.7,0.3533213163067549,9,September,2025Q3
O002519,2025-09-22,C0632,P0081,S003,5,0.2,166312.48,149593.1,16719.38,0.10052991813963691,9,September,2025Q3
O003121,2025-09-22,C0044,P0070,S001,2,0.2,19060.11,16098.68,2961.43,0.15537318514950857,9,September,2025Q3
O003238,2025-09-22,C0655,P0050,S002,1,0.15,16240.53,14893.84,1346.69,0.08292155489999403,9,September,2025Q3
O003286,2025-09-22,C0888,P0066,S002,4,0.0,66963.12,57249.64,9713.48,0.14505715982170483,9,September,2025Q3
O004034,2025-09-22,C0284,P0076,S014,1,0.1,34811.77,27102.76,7709.01,0.22144837794803313,9,September,2025Q3
O004113,2025-09-22,C0941,P0120,S017,7,0.15,72906.36,69223.56,3682.8,0.05051411152607262,9,September,2025Q3
O004432,2025-09-22,C0411,P0007,S011,1,0.1,16887.83,13108.06,3779.77,0.22381620373961603,9,September,2025Q3
O004687,2025-09-22,C0478,P0076,S011,4,0.0,154718.96,108411.04,46307.92,0.29930345964062843,9,September,2025Q3
O004971,2025-09-22,C0951,P0050,S014,7,0.0,133745.57,104256.88,29488.69,0.22048348965876027,9,September,2025Q3
O005253,2025-09-22,C0796,P0043,S017,4,0.05,85253.49,77045.88,8207.61,0.09627300888209972,9,September,2025Q3
O005327,2025-09-22,C0336,P0003,S009,6,0.0,69766.8,47477.16,22289.64,0.31948777928756944,9,September,2025Q3
O005336,2025-09-22,C0663,P0037,S019,4,0.2,118284.67,106840.36,11444.31,0.09675226722110312,9,September,2025Q3
O000101,2025-09-21,C0123,P0049,S002,7,0.05,111659.95,81906.51,29753.44,0.2664647440734122,9,September,2025Q3
O000116,2025-09-21,C0085,P0013,S006,1,0.2,7374.58,6143.84,1230.74,0.16688950421583332,9,September,2025Q3
O001283,2025-09-21,C0702,P0087,S018,2,0.1,62546.04,45599.3,16946.74,0.27094824868209083,9,September,2025Q3
O001293,2025-09-21,C0846,P0115,S002,8,0.15,229124.03,204618.16,24505.87,0.10695460445593594,9,September,2025Q3
O001931,2025-09-21,C0833,P0079,S024,8,0.1,308244.6,233364.08,74880.52,0.24292565060344937,9,September,2025Q3
O002606,2025-09-21,C0038,P0086,S025,2,0.0,29712.42,25100.76,4611.66,0.15520984154101214,9,September,2025Q3
O003070,2025-09-21,C0366,P0024,S008,7,0.0,63772.8,50744.54,13028.26,0.20429179838426414,9,September,2025Q3
O003118,2025-09-21,C0126,P0005,S007,1,0.2,32097.44,27171.32,4926.12,0.15347392190779077,9,September,2025Q3
O003156,2025-09-21,C0472,P0105,S018,3,0.0,54740.61,36086.64,18653.97,0.3407702252495908,9,September,2025Q3
O003217,2025-09-21,C0594,P0034,S011,6,0.15,65668.11,61377.12,4290.99,0.06534358914852277,9,September,2025Q3
O003836,2025-09-21,C0796,P0067,S010,8,0.15,141085.58,118200.72,22884.86,0.16220552093275586,9,September,2025Q3
O004404,2025-09-21,C0381,P0118,S018,7,0.2,150831.35,136435.6,14395.75,0.0954426914563849,9,September,2025Q3
O004575,2025-09-21,C0826,P0036,S004,7,0.0,96247.55,67585.35,28662.2,0.29779667118799386,9,September,2025Q3
O004963,2025-09-21,C0662,P0028,S016,5,0.1,38965.9,35660.9,3305.0,0.08481775090527871,9,September,2025Q3
O005100,2025-09-21,C0204,P0086,S024,5,0.15,63138.89,62751.9,386.99,0.00612918598980755,9,September,2025Q3
O005140,2025-09-21,C0264,P0068,S004,8,0.1,141766.06,131319.68,10446.38,0.07368745382357385,9,September,2025Q3
O005284,2025-09-21,C0437,P0085,S003,6,0.1,136275.43,112602.78,23672.65,0.17371179823097974,9,September,2025Q3
O005335,2025-09-21,C0809,P0010,S021,7,0.0,11960.34,8627.85,3332.49,0.2786283667521157,9,September,2025Q3
O005819,2025-09-21,C0741,P0054,S015,6,0.0,55792.98,47889.66,7903.32,0.14165438017471013,9,September,2025Q3
O000680,2025-09-20,C0751,P0074,S001,5,0.0,85575.05,63376.2,22198.85,0.2594079699632077,9,September,2025Q3
O000848,2025-09-20,C0205,P0063,S015,7,0.1,12890.68,12769.68,121.0,0.009386626617059766,9,September,2025Q3
O000856,2025-09-20,C0111,P0066,S014,7,0.0,117185.46,100186.87,16998.59,0.14505715982170483,9,September,2025Q3
O001061,2025-09-20,C0637,P0044,S014,8,0.1,83620.44,80550.56,3069.88,0.036712076616674104,9,September,2025Q3
O001065,2025-09-20,C0560,P0083,S003,5,0.0,75937.25,58826.75,17110.5,0.22532419859818467,9,September,2025Q3
O001072,2025-09-20,C0780,P0020,S013,4,0.0,184585.04,119953.0,64632.04,0.35014776928834535,9,September,2025Q3
O001508,2025-09-20,C0970,P0052,S007,5,0.0,138711.65,113978.3,24733.35,0.17830766197359774,9,September,2025Q3
O001552,2025-09-20,C0208,P0100,S013,4,0.0,73939.84,62220.16,11719.68,0.1585029126381664,9,September,2025Q3
O001612,2025-09-20,C0383,P0017,S020,5,0.0,46713.1,41294.9,5418.2,0.11598887678188774,9,September,2025Q3
O001889,2025-09-20,C0792,P0027,S009,4,0.1,45084.1,37639.12,7444.98,0.16513538032255273,9,September,2025Q3
O002315,2025-09-20,C0287,P0067,S001,8,0.05,157683.89,118200.72,39483.17,0.25039444422635687,9,September,2025Q3
O002935,2025-09-20,C0686,P0041,S005,8,0.1,267036.77,204420.48,62616.29,0.23448564780048828,9,September,2025Q3
O002944,2025-09-20,C0175,P0118,S006,2,0.0,53868.34,38981.6,14886.74,0.27635416276053804,9,September,2025Q3
O003000,2025-09-20,C0845,P0074,S003,2,0.1,30807.02,25350.48,5456.54,0.1771200200473788,9,September,2025Q3
O003275,2025-09-20,C0677,P0033,S018,7,0.15,177151.49,148366.61,28784.88,0.16248737168397512,9,September,2025Q3
O003823,2025-09-20,C0052,P0013,S017,2,0.05,17514.62,12287.68,5226.94,0.29843296628759286,9,September,2025Q3
O003901,2025-09-20,C0846,P0082,S014,1,0.0,13937.62,9728.53,4209.09,0.3019948886538735,9,September,2025Q3
O004524,2025-09-20,C0793,P0065,S017,3,0.0,11208.09,9270.63,1937.46,0.172862637612653,9,September,2025Q3
O004599,2025-09-20,C0454,P0053,S007,1,0.0,27242.97,24016.0,3226.97,0.11845147573851161,9,September,2025Q3
O004906,2025-09-20,C0377,P0054,S008,8,0.0,74390.64,63852.88,10537.76,0.14165438017471016,9,September,2025Q3
O005229,2025-09-20,C0161,P0036,S016,2,0.15,23374.4,19310.1,4064.3,0.17387825997672668,9,September,2025Q3
O005633,2025-09-20,C0975,P0082,S019,8,0.15,94775.82,77828.24,16947.58,0.17881755072127048,9,September,2025Q3
O000094,2025-09-19,C0804,P0102,S023,5,0.2,5113.04,5313.3,-200.26,-0.039166523242532815,9,September,2025Q3
O000414,2025-09-19,C0627,P0021,S013,7,0.0,170896.6,138421.92,32474.68,0.1900253135521713,9,September,2025Q3
O000724,2025-09-19,C0286,P0019,S025,8,0.0,257134.72,194383.12,62751.6,0.2440417225647318,9,September,2025Q3
O000918,2025-09-19,C0566,P0040,S017,6,0.2,1730.69,1521.48,209.21,0.12088242261756872,9,September,2025Q3
O001133,2025-09-19,C0656,P0095,S008,1,0.0,37697.8,25316.83,12380.97,0.32842685780072045,9,September,2025Q3
O001980,2025-09-19,C0885,P0025,S006,8,0.05,11239.56,8324.48,2915.08,0.25935890728818567,9,September,2025Q3
O002129,2025-09-19,C0200,P0019,S022,4,0.0,128567.36,97191.56,31375.8,0.2440417225647318,9,September,2025Q3
O002406,2025-09-19,C0784,P0038,S016,1,0.2,23562.07,20032.84,3529.23,0.14978437802790673,9,September,2025Q3
O003953,2025-09-19,C0768,P0030,S015,2,0.15,21058.43,20709.24,349.19,0.01658195791424147,9,September,2025Q3
O004307,2025-09-19,C0096,P0043,S001,4,0.1,80766.47,77045.88,3720.59,0.046066022199558805,9,September,2025Q3
O004613,2025-09-19,C0629,P0053,S017,4,0.0,108971.88,96064.0,12907.88,0.11845147573851161,9,September,2025Q3
O004835,2025-09-19,C0780,P0117,S004,5,0.05,93990.67,88088.6,5902.07,0.06279421138289577,9,September,2025Q3
O005216,2025-09-19,C0233,P0015,S020,7,0.15,178203.81,164507.63,13696.18,0.07685683038987776,9,September,2025Q3
O005785,2025-09-19,C0821,P0105,S002,8,0.15,124078.72,96231.04,27847.68,0.2244355841195009,9,September,2025Q3
O005837,2025-09-19,C0490,P0018,S010,7,0.0,11033.12,7512.68,3520.44,0.31907928129123947,9,September,2025Q3
O000833,2025-09-18,C0843,P0035,S019,4,0.15,141378.05,113884.28,27493.77,0.1944698628959729,9,September,2025Q3
O000965,2025-09-18,C0771,P0065,S013,2,0.05,7098.46,6180.42,918.04,0.1293294601927742,9,September,2025Q3
O001053,2025-09-18,C0398,P0097,S021,6,0.1,57730.59,49372.32,8358.27,0.1447806093788406,9,September,2025Q3
O001282,2025-09-18,C0955,P0094,S005,8,0.1,108035.42,82147.28,25888.14,0.2396264114121091,9,September,2025Q3
O003161,2025-09-18,C0032,P0105,S003,7,0.05,121341.69,84202.16,37139.53,0.30607394704985563,9,September,2025Q3
O003434,2025-09-18,C0283,P0043,S010,1,0.2,17948.1,19261.47,-1313.37,-0.07317599077339662,9,September,2025Q3
O003890,2025-09-18,C0466,P0098,S009,6,0.05,115228.06,80178.9,35049.16,0.3041720914159277,9,September,2025Q3
O003930,2025-09-18,C0484,P0114,S003,7,0.1,255270.77,203121.31,52149.46,0.20429076153137316,9,September,2025Q3
O004507,2025-09-18,C0679,P0046,S021,7,0.05,192257.35,141167.11,51090.24,0.265738813106495,9,September,2025Q3
O004813,2025-09-18,C0664,P0054,S006,5,0.0,46494.15,39908.05,6586.1,0.14165438017471016,9,September,2025Q3
O004949,2025-09-18,C0171,P0089,S018,7,0.1,204867.5,184528.61,20338.89,0.0992782652202033,9,September,2025Q3
O004961,2025-09-18,C0349,P0010,S022,4,0.05,6492.76,4930.2,1562.56,0.2406619064927704,9,September,2025Q3
O005271,2025-09-18,C0066,P0009,S007,4,0.15,114796.68,109069.88,5726.8,0.04988646013107697,9,September,2025Q3
O005347,2025-09-18,C0800,P0077,S013,4,0.0,158329.48,108134.24,50195.24,0.3170302839370154,9,September,2025Q3
O005455,2025-09-18,C0949,P0066,S015,7,0.05,111326.19,100186.87,11139.32,0.10006019248480523,9,September,2025Q3
O005462,2025-09-18,C0018,P0027,S011,2,0.2,20037.38,18819.56,1217.82,0.060777407026267896,9,September,2025Q3
O005805,2025-09-18,C0485,P0091,S018,6,0.0,37197.12,26920.86,10276.26,0.27626493664025603,9,September,2025Q3
O005988,2025-09-18,C0717,P0019,S019,3,0.2,77140.42,72893.67,4246.75,0.055052202204758545,9,September,2025Q3
O000592,2025-09-17,C0225,P0060,S025,4,0.05,114024.05,83905.84,30118.21,0.264139100479241,9,September,2025Q3
O001719,2025-09-17,C0455,P0015,S017,2,0.0,59900.44,47002.18,12898.26,0.2153283014281698,9,September,2025Q3
O002014,2025-09-17,C0069,P0035,S018,2,0.0,83163.56,56942.14,26221.42,0.31529939314767186,9,September,2025Q3
O002087,2025-09-17,C0936,P0075,S024,2,0.0,70143.24,52946.58,17196.66,0.2451648940083178,9,September,2025Q3
O002194,2025-09-17,C0726,P0061,S018,6,0.0,148890.96,119314.92,29576.04,0.19864228157303843,9,September,2025Q3
O002600,2025-09-17,C0170,P0002,S004,3,0.2,63655.54,56948.61,6706.93,0.10536286393925808,9,September,2025Q3
O003209,2025-09-17,C0391,P0073,S010,2,0.05,15200.95,13959.76,1241.19,0.08165213358375628,9,September,2025Q3
O003531,2025-09-17,C0359,P0005,S016,7,0.0,280852.6,190199.24,90653.36,0.32277913752623266,9,September,2025Q3
O004050,2025-09-17,C0265,P0013,S019,5,0.2,36872.88,30719.2,6153.68,0.16688905233331383,9,September,2025Q3
O004497,2025-09-17,C0717,P0005,S013,7,0.05,266809.97,190199.24,76610.73,0.2871359342381396,9,September,2025Q3
O004537,2025-09-17,C0417,P0036,S011,8,0.2,87997.76,77240.4,10757.36,0.12224583898499236,9,September,2025Q3
O005083,2025-09-17,C0401,P0107,S021,1,0.1,20224.88,17689.03,2535.85,0.1253826969554331,9,September,2025Q3
O005368,2025-09-17,C0154,P0031,S024,5,0.2,4682.08,4265.0,417.08,0.08908006697877865,9,September,2025Q3
O005659,2025-09-17,C0346,P0035,S022,1,0.0,41581.78,28471.07,13110.71,0.31529939314767186,9,September,2025Q3
O005917,2025-09-17,C0508,P0092,S024,3,0.0,53902.08,35983.86,17918.22,0.33242168020232243,9,September,2025Q3
O000025,2025-09-16,C0174,P0016,S012,1,0.1,12823.9,10452.22,2371.68,0.18494217827649934,9,September,2025Q3
O000522,2025-09-16,C0079,P0109,S009,5,0.0,69734.9,58598.3,11136.6,0.15969908897840251,9,September,2025Q3
O000615,2025-09-16,C0035,P0055,S017,7,0.1,199736.4,186622.45,13113.95,0.0656562849836084,9,September,2025Q3
O000945,2025-09-16,C0652,P0059,S025,8,0.2,14509.89,14367.68,142.21,0.009800901316274625,9,September,2025Q3
O000979,2025-09-16,C0981,P0103,S011,6,0.2,48237.55,45808.86,2428.69,0.05034853552885667,9,September,2025Q3
O001738,2025-09-16,C0152,P0074,S016,4,0.0,68460.04,50700.96,17759.08,0.2594079699632078,9,September,2025Q3
O002266,2025-09-16,C0066,P0029,S006,4,0.05,1268.4,881.48,386.92,0.3050457269000315,9,September,2025Q3
O002577,2025-09-16,C0917,P0008,S013,3,0.0,45381.48,34816.02,10565.46,0.23281435510697313,9,September,2025Q3
O003171,2025-09-16,C0155,P0060,S024,7,0.15,178537.66,146835.22,31702.44,0.17756724267585897,9,September,2025Q3
O003268,2025-09-16,C0294,P0066,S003,7,0.05,111326.19,100186.87,11139.32,0.10006019248480523,9,September,2025Q3
O003330,2025-09-16,C0130,P0001,S019,3,0.0,18111.66,12285.93,5825.73,0.3216563252622896,9,September,2025Q3
O004996,2025-09-16,C0944,P0050,S007,1,0.15,16240.53,14893.84,1346.69,0.08292155489999403,9,September,2025Q3
O005494,2025-09-16,C0838,P0024,S002,2,0.1,16398.72,14498.44,1900.28,0.1158797759825157,9,September,2025Q3
O005521,2025-09-16,C0067,P0059,S016,6,0.05,12922.87,10775.76,2147.11,0.16614807701385217,9,September,2025Q3
O000155,2025-09-15,C0011,P0085,S008,3,0.15,64352.28,56301.39,8050.89,0.12510652303228417,9,September,2025Q3
O000182,2025-09-15,C0771,P0016,S003,8,0.2,91192.19,83617.76,7574.43,0.08306007345585187,9,September,2025Q3
O000394,2025-09-15,C0867,P0078,S016,6,0.0,32824.2,22706.4,10117.8,0.30824208967773775,9,September,2025Q3
O000751,2025-09-15,C0831,P0098,S022,6,0.0,121292.7,80178.9,41113.8,0.33896351552896425,9,September,2025Q3
O001315,2025-09-15,C0626,P0024,S007,3,0.0,27331.2,21747.66,5583.54,0.20429179838426412,9,September,2025Q3
O001419,2025-09-15,C0104,P0065,S025,3,0.0,11208.09,9270.63,1937.46,0.172862637612653,9,September,2025Q3
O001598,2025-09-15,C0682,P0099,S018,3,0.0,58932.45,43910.76,15021.69,0.2548967504320625,9,September,2025Q3
O002048,2025-09-15,C0451,P0110,S009,2,0.0,71993.6,51483.82,20509.78,0.2848833785225353,9,September,2025Q3
O002479,2025-09-15,C0186,P0060,S009,7,0.15,178537.66,146835.22,31702.44,0.17756724267585897,9,September,2025Q3
O003020,2025-09-15,C0132,P0039,S020,2,0.0,55034.4,44146.1,10888.3,0.19784534763711423,9,September,2025Q3
O003068,2025-09-15,C0519,P0111,S019,8,0.05,199888.59,156938.4,42950.19,0.21487064369206868,9,September,2025Q3
O003186,2025-09-15,C0991,P0074,S025,4,0.05,65037.04,50700.96,14336.08,0.22042946603965985,9,September,2025Q3
O003335,2025-09-15,C0167,P0118,S018,6,0.2,129284.02,116944.8,12339.22,0.09544273143734236,9,September,2025Q3
O003428,2025-09-15,C0448,P0028,S018,6,0.05,49356.81,42793.08,6563.73,0.13298529625395158,9,September,2025Q3
O003675,2025-09-15,C0861,P0067,S016,6,0.0,124487.28,88650.54,35836.74,0.287874712982724,9,September,2025Q3
O004033,2025-09-15,C0826,P0023,S024,2,0.15,73788.64,56138.28,17650.36,0.23920158983821901,9,September,2025Q3
O005053,2025-09-15,C0298,P0018,S004,2,0.2,2521.86,2146.48,375.38,0.14885045165076569,9,September,2025Q3
O005149,2025-09-15,C0353,P0109,S003,5,0.2,55787.92,58598.3,-2810.38,-0.050376138776996884,9,September,2025Q3
O005164,2025-09-15,C0501,P0030,S020,3,0.0,37161.93,31063.86,6098.07,0.16409454514337657,9,September,2025Q3
O005342,2025-09-15,C0881,P0048,S005,8,0.1,65914.7,62787.28,3127.42,0.04744647248641047,9,September,2025Q3
O005358,2025-09-15,C0730,P0043,S005,6,0.0,134610.78,115568.82,19041.96,0.14145939871977564,9,September,2025Q3
O000408,2025-09-14,C0116,P0024,S025,3,0.1,24598.08,21747.66,2850.42,0.1158797759825157,9,September,2025Q3
O000633,2025-09-14,C0540,P0107,S004,8,0.2,143821.38,141512.24,2309.14,0.016055610090794568,9,September,2025Q3
O001157,2025-09-14,C0748,P0093,S012,8,0.1,244748.66,179386.72,65361.94,0.2670573967595982,9,September,2025Q3
O001404,2025-09-14,C0314,P0091,S008,7,0.0,43396.64,31407.67,11988.97,0.27626493664025603,9,September,2025Q3
O001847,2025-09-14,C0779,P0016,S008,7,0.1,89767.31,73165.54,16601.77,0.18494226907322944,9,September,2025Q3
O001949,2025-09-14,C0688,P0006,S020,7,0.0,13586.23,10306.45,3279.78,0.241404716392995,9,September,2025Q3
O002006,2025-09-14,C0322,P0067,S012,7,0.1,130711.64,103425.63,27286.01,0.20874965687830097,9,September,2025Q3
O002405,2025-09-14,C0328,P0042,S013,7,0.0,49496.93,39382.28,10114.65,0.20434903740494612,9,September,2025Q3
O002674,2025-09-14,C0890,P0094,S025,5,0.15,63770.91,51342.05,12428.86,0.19489858306867505,9,September,2025Q3
O004252,2025-09-14,C0896,P0044,S021,6,0.1,62715.33,60412.92,2302.41,0.036712076616674104,9,September,2025Q3
O004335,2025-09-14,C0772,P0011,S023,8,0.05,88667.68,71953.04,16714.64,0.18850882305705982,9,September,2025Q3
O005393,2025-09-14,C0348,P0022,S009,8,0.05,203465.98,138844.96,64621.02,0.3176011046170962,9,September,2025Q3
O005637,2025-09-14,C0463,P0117,S002,5,0.0,98937.55,88088.6,10848.95,0.10965452449550248,9,September,2025Q3
O005866,2025-09-14,C0582,P0107,S024,2,0.0,44944.18,35378.06,9566.12,0.21284446618004824,9,September,2025Q3
O000420,2025-09-13,C0557,P0104,S001,8,0.0,62727.76,49067.76,13660.0,0.21776642430719667,9,September,2025Q3
O000508,2025-09-13,C0868,P0094,S008,5,0.1,67522.14,51342.05,16180.09,0.23962643956485977,9,September,2025Q3
O000652,2025-09-13,C0787,P0019,S015,6,0.0,192851.04,145787.34,47063.7,0.2440417225647318,9,September,2025Q3
O000722,2025-09-13,C0286,P0098,S023,5,0.2,80861.8,66815.75,14046.05,0.17370439441120528,9,September,2025Q3
O000727,2025-09-13,C0695,P0004,S006,7,0.15,50673.65,42650.72,8022.93,0.15832548079721906,9,September,2025Q3
O000761,2025-09-13,C0219,P0085,S024,8,0.05,191795.04,150137.04,41658.0,0.2172006116529395,9,September,2025Q3
O000899,2025-09-13,C0751,P0112,S004,3,0.2,91833.17,82089.48,9743.69,0.10610207618881065,9,September,2025Q3
O000932,2025-09-13,C0652,P0055,S015,8,0.2,202906.82,213282.8,-10375.98,-0.051136674459734764,9,September,2025Q3
O001129,2025-09-13,C0105,P0092,S018,3,0.05,51206.98,35983.86,15223.12,0.29728603405238896,9,September,2025Q3
O001465,2025-09-13,C0665,P0059,S014,7,0.05,15076.68,12571.72,2504.96,0.16614798483485754,9,September,2025Q3
O001819,2025-09-13,C0321,P0084,S008,6,0.1,128280.4,94120.26,34160.14,0.2662927462028494,9,September,2025Q3
O001918,2025-09-13,C0193,P0006,S007,5,0.1,8734.01,7361.75,1372.26,0.15711683407735966,9,September,2025Q3
O002011,2025-09-13,C0471,P0073,S021,1,0.2,6400.4,6979.88,-579.48,-0.09053809136928943,9,September,2025Q3
O002213,2025-09-13,C0093,P0024,S009,7,0.0,63772.8,50744.54,13028.26,0.20429179838426414,9,September,2025Q3
O003699,2025-09-13,C0412,P0039,S001,2,0.15,46779.24,44146.1,2633.14,0.05628864427895793,9,September,2025Q3
O004793,2025-09-13,C0309,P0079,S004,7,0.0,299682.25,204193.57,95488.68,0.3186330855431044,9,September,2025Q3
O005029,2025-09-13,C0686,P0017,S010,1,0.0,9342.62,8258.98,1083.64,0.11598887678188774,9,September,2025Q3
O005648,2025-09-13,C0918,P0034,S011,2,0.0,25752.2,20459.04,5293.16,0.20554205077624435,9,September,2025Q3
O005968,2025-09-13,C0491,P0011,S011,6,0.2,56000.64,53964.78,2035.86,0.03635422738025851,9,September,2025Q3
O000454,2025-09-12,C0899,P0031,S012,8,0.05,8895.95,6824.0,2071.95,0.2329093576290334,9,September,2025Q3
O001199,2025-09-12,C0816,P0012,S010,8,0.0,20015.36,16137.44,3877.92,0.19374720214874977,9,September,2025Q3
O001387,2025-09-12,C0552,P0069,S016,4,0.1,23622.84,23040.68,582.16,0.024643946282496092,9,September,2025Q3
O001472,2025-09-12,C0768,P0097,S020,2,0.2,17105.36,16457.44,647.92,0.037878185551195646,9,September,2025Q3
O001585,2025-09-12,C0032,P0032,S019,7,0.05,251939.77,177975.91,73963.86,0.29357754831640914,9,September,2025Q3
O002225,2025-09-12,C0198,P0078,S005,6,0.1,29541.78,22706.4,6835.38,0.23138009964193088,9,September,2025Q3
O002235,2025-09-12,C0806,P0099,S010,1,0.15,16697.53,14636.92,2060.61,0.12340807293054723,9,September,2025Q3
O002436,2025-09-12,C0443,P0107,S015,7,0.0,157304.63,123823.21,33481.42,0.2128444661800482,9,September,2025Q3
O002654,2025-09-12,C0475,P0085,S013,6,0.1,136275.43,112602.78,23672.65,0.17371179823097974,9,September,2025Q3
O002753,2025-09-12,C0542,P0001,S005,1,0.05,5735.36,4095.31,1640.05,0.2859541510907772,9,September,2025Q3
O003062,2025-09-12,C0737,P0015,S007,8,0.2,191681.41,188008.72,3672.69,0.019160387019273282,9,September,2025Q3
O003112,2025-09-12,C0578,P0118,S025,8,0.05,204699.69,155926.4,48773.29,0.2382675323054959,9,September,2025Q3
O003682,2025-09-12,C0486,P0041,S006,3,0.05,105702.05,76657.68,29044.37,0.27477584398788857,9,September,2025Q3
O003845,2025-09-12,C0779,P0112,S006,7,0.15,227669.73,191542.12,36127.61,0.1586842923738698,9,September,2025Q3
O004041,2025-09-12,C0146,P0013,S023,7,0.0,64527.54,43006.88,21520.66,0.33351124186665104,9,September,2025Q3
O004244,2025-09-12,C0173,P0029,S009,6,0.1,1802.47,1322.22,480.25,0.2664399407479736,9,September,2025Q3
O004459,2025-09-12,C0829,P0013,S011,7,0.0,64527.54,43006.88,21520.66,0.33351124186665104,9,September,2025Q3
O005399,2025-09-12,C0491,P0039,S004,4,0.0,110068.8,88292.2,21776.6,0.19784534763711423,9,September,2025Q3
O005790,2025-09-12,C0973,P0016,S013,7,0.0,99741.46,73165.54,26575.92,0.2664480748527242,9,September,2025Q3
O000809,2025-09-11,C0392,P0017,S014,4,0.15,31764.91,33035.92,-1271.01,-0.04001302065707096,9,September,2025Q3
O000830,2025-09-11,C0042,P0057,S012,8,0.1,320131.22,236489.84,83641.38,0.2612721745789118,9,September,2025Q3
O000876,2025-09-11,C0755,P0075,S020,5,0.0,175358.1,132366.45,42991.65,0.24516489400831784,9,September,2025Q3
O001713,2025-09-11,C0131,P0030,S021,3,0.0,37161.93,31063.86,6098.07,0.16409454514337657,9,September,2025Q3
O002156,2025-09-11,C0227,P0076,S014,5,0.0,193398.7,135513.8,57884.9,0.2993034596406284,9,September,2025Q3
O002184,2025-09-11,C0230,P0107,S023,4,0.0,89888.36,70756.12,19132.24,0.21284446618004824,9,September,2025Q3
O002363,2025-09-11,C0823,P0028,S014,8,0.0,69272.72,57057.44,12215.28,0.17633608150510044,9,September,2025Q3
O003106,2025-09-11,C0285,P0008,S006,1,0.1,13614.44,11605.34,2009.1,0.1475712552260688,9,September,2025Q3
O003888,2025-09-11,C0412,P0034,S023,1,0.15,10944.68,10229.52,715.16,0.0653431621573221,9,September,2025Q3
O003933,2025-09-11,C0114,P0073,S006,2,0.1,14400.9,13959.76,441.14,0.03063280767174274,9,September,2025Q3
O004503,2025-09-11,C0277,P0003,S022,7,0.1,73255.14,55390.02,17865.12,0.2438753103195216,9,September,2025Q3
O005103,2025-09-11,C0222,P0056,S013,5,0.15,185072.33,141333.3,43739.03,0.2363347886742443,9,September,2025Q3
O005829,2025-09-11,C0705,P0072,S016,2,0.15,50171.54,40221.22,9950.32,0.19832598321677986,9,September,2025Q3
O005836,2025-09-11,C0412,P0081,S015,4,0.15,141365.61,119674.48,21691.13,0.15343993493184094,9,September,2025Q3
O000831,2025-09-10,C0116,P0109,S024,3,0.0,41840.94,35158.98,6681.96,0.1596990889784025,9,September,2025Q3
O000993,2025-09-10,C0927,P0091,S023,4,0.0,24798.08,17947.24,6850.84,0.27626493664025603,9,September,2025Q3
O001281,2025-09-10,C0828,P0112,S001,7,0.2,214277.39,191542.12,22735.27,0.10610204837757263,9,September,2025Q3
O001630,2025-09-10,C0377,P0086,S009,7,0.1,93594.12,87852.66,5741.46,0.0613442382918927,9,September,2025Q3
O001764,2025-09-10,C0270,P0012,S005,5,0.2,10007.68,10085.9,-78.22,-0.0078159973140628,9,September,2025Q3
O001816,2025-09-10,C0259,P0053,S010,6,0.0,163457.82,144096.0,19361.82,0.11845147573851161,9,September,2025Q3
O002110,2025-09-10,C0767,P0107,S019,4,0.0,89888.36,70756.12,19132.24,0.21284446618004824,9,September,2025Q3
O002399,2025-09-10,C0411,P0070,S002,7,0.2,66710.39,56345.38,10365.01,0.15537324845500078,9,September,2025Q3
O003017,2025-09-10,C0724,P0044,S017,6,0.2,55746.96,60412.92,-4665.96,-0.08369891380624163,9,September,2025Q3
O003369,2025-09-10,C0645,P0090,S010,1,0.2,16675.43,18347.07,-1671.64,-0.10024569081576908,9,September,2025Q3
O003473,2025-09-10,C0972,P0077,S022,2,0.2,63331.79,54067.12,9264.67,0.14628782796128137,9,September,2025Q3
O003896,2025-09-10,C0211,P0071,S016,8,0.2,42731.58,37629.52,5102.06,0.11939787857130488,9,September,2025Q3
O004089,2025-09-10,C0338,P0104,S004,3,0.0,23522.91,18400.41,5122.5,0.2177664243071967,9,September,2025Q3
O004539,2025-09-10,C0361,P0013,S006,5,0.1,41481.99,30719.2,10762.79,0.25945693540739007,9,September,2025Q3
O005443,2025-09-10,C0753,P0017,S009,4,0.15,31764.91,33035.92,-1271.01,-0.04001302065707096,9,September,2025Q3
O005553,2025-09-10,C0686,P0076,S016,4,0.05,146983.01,108411.04,38571.97,0.26242468432235805,9,September,2025Q3
O000676,2025-09-09,C0929,P0089,S021,4,0.0,130074.6,105444.92,24629.68,0.18935041891345428,9,September,2025Q3
O000888,2025-09-09,C0104,P0102,S014,8,0.05,9714.78,8501.28,1213.5,0.12491276179182646,9,September,2025Q3
O001252,2025-09-09,C0712,P0041,S017,6,0.15,189151.04,153315.36,35835.68,0.18945536857740777,9,September,2025Q3
O001297,2025-09-09,C0203,P0011,S017,3,0.1,31500.36,26982.39,4517.97,0.14342597989356312,9,September,2025Q3
O001358,2025-09-09,C0966,P0094,S006,5,0.0,75024.6,51342.05,23682.55,0.31566379560837377,9,September,2025Q3
O001580,2025-09-09,C0753,P0045,S018,5,0.2,31232.6,26015.25,5217.35,0.16704821244468923,9,September,2025Q3
O001651,2025-09-09,C0449,P0087,S010,4,0.0,138991.2,91198.6,47792.6,0.3438534238138817,9,September,2025Q3
O001995,2025-09-09,C0771,P0032,S025,5,0.05,179956.98,127125.65,52831.33,0.29357755392427676,9,September,2025Q3
O002469,2025-09-09,C0033,P0064,S011,6,0.0,206253.0,148512.84,57740.16,0.27994821893499733,9,September,2025Q3
O002638,2025-09-09,C0111,P0035,S019,5,0.15,176722.56,142355.35,34367.21,0.19446985150056675,9,September,2025Q3
O002809,2025-09-09,C0535,P0117,S025,2,0.0,39575.02,35235.44,4339.58,0.10965452449550248,9,September,2025Q3
O003849,2025-09-09,C0855,P0069,S003,5,0.05,31169.02,28800.85,2368.17,0.07597832719796772,9,September,2025Q3
O004086,2025-09-09,C0518,P0105,S019,7,0.0,127728.09,84202.16,43525.93,0.3407702252495908,9,September,2025Q3
O004561,2025-09-09,C0307,P0066,S001,6,0.1,90400.21,85874.46,4525.75,0.05006348989676019,9,September,2025Q3
O004913,2025-09-09,C0675,P0071,S007,8,0.1,48073.03,37629.52,10443.51,0.217242599436732,9,September,2025Q3
O005021,2025-09-09,C0916,P0012,S020,3,0.0,7505.76,6051.54,1454.22,0.19374720214874977,9,September,2025Q3
O005122,2025-09-09,C0636,P0110,S025,6,0.0,215980.8,154451.46,61529.34,0.2848833785225353,9,September,2025Q3
O005235,2025-09-09,C0128,P0015,S009,7,0.05,199168.96,164507.63,34661.33,0.17402977853577187,9,September,2025Q3
O005334,2025-09-09,C0439,P0096,S006,7,0.05,43029.89,29432.83,13597.06,0.3159910471535019,9,September,2025Q3
O005842,2025-09-09,C0709,P0092,S009,2,0.1,32341.25,23989.24,8352.01,0.25824635720635414,9,September,2025Q3
O000318,2025-09-08,C0539,P0080,S023,5,0.0,99005.45,64082.85,34922.6,0.352734117162237,9,September,2025Q3
O000611,2025-09-08,C0883,P0028,S019,8,0.1,62345.45,57057.44,5288.01,0.0848178976974262,9,September,2025Q3
O001159,2025-09-08,C0316,P0083,S019,2,0.1,27337.41,23530.7,3806.71,0.13924910955353853,9,September,2025Q3
O001596,2025-09-08,C0314,P0001,S014,6,0.2,28978.66,24571.86,4406.8,0.1520705236197947,9,September,2025Q3
O001760,2025-09-08,C0853,P0106,S001,6,0.0,93250.68,67797.06,25453.62,0.27295908190696305,9,September,2025Q3
O002739,2025-09-08,C0972,P0036,S014,1,0.05,13062.17,9655.05,3407.12,0.26083874272039026,9,September,2025Q3
O003056,2025-09-08,C0743,P0083,S015,8,0.0,121499.6,94122.8,27376.8,0.22532419859818467,9,September,2025Q3
O003067,2025-09-08,C0622,P0104,S022,8,0.15,53318.6,49067.76,4250.84,0.07972527410697205,9,September,2025Q3
O004153,2025-09-08,C0272,P0080,S024,6,0.0,118806.54,76899.42,41907.12,0.35273411716223707,9,September,2025Q3
O004475,2025-09-08,C0248,P0028,S007,3,0.2,20781.82,21396.54,-614.72,-0.029579699949282594,9,September,2025Q3
O004606,2025-09-08,C0008,P0118,S013,7,0.2,150831.35,136435.6,14395.75,0.0954426914563849,9,September,2025Q3
O005114,2025-09-08,C0929,P0019,S019,6,0.05,183208.49,145787.34,37421.15,0.20425445349175686,9,September,2025Q3
O005701,2025-09-08,C0370,P0039,S012,5,0.0,137586.0,110365.25,27220.75,0.19784534763711425,9,September,2025Q3
O005890,2025-09-08,C0948,P0051,S008,2,0.2,6837.94,6445.14,392.8,0.05744420103130476,9,September,2025Q3
O000877,2025-09-07,C0410,P0063,S017,8,0.0,16369.12,14593.92,1775.2,0.10844810228039137,9,September,2025Q3
O001221,2025-09-07,C0745,P0051,S010,3,0.0,12821.13,9667.71,3153.42,0.2459549197301642,9,September,2025Q3
O001294,2025-09-07,C0059,P0046,S001,8,0.05,219722.69,161333.84,58388.85,0.26573882742833704,9,September,2025Q3
O001498,2025-09-07,C0983,P0081,S003,4,0.2,133049.98,119674.48,13375.5,0.10052989109806705,9,September,2025Q3
O001581,2025-09-07,C0260,P0047,S015,1,0.05,620.34,539.59,80.75,0.13017055163297545,9,September,2025Q3
O001594,2025-09-07,C0296,P0009,S010,1,0.1,30387.36,27267.47,3119.89,0.10267064990180128,9,September,2025Q3
O001756,2025-09-07,C0450,P0029,S006,5,0.05,1585.5,1101.85,483.65,0.3050457269000315,9,September,2025Q3
O001960,2025-09-07,C0575,P0045,S003,4,0.2,24986.08,20812.2,4173.88,0.1670482124446892,9,September,2025Q3
O002024,2025-09-07,C0308,P0073,S001,7,0.0,56003.5,48859.16,7144.34,0.12756952690456846,9,September,2025Q3
O002517,2025-09-07,C0396,P0097,S023,3,0.1,28865.3,24686.16,4179.14,0.14478075751854305,9,September,2025Q3
O003176,2025-09-07,C0291,P0087,S023,4,0.05,132041.64,91198.6,40843.04,0.30931939348829657,9,September,2025Q3
O003459,2025-09-07,C0015,P0065,S002,6,0.1,20174.56,18541.26,1633.3,0.08095839512732866,9,September,2025Q3
O004412,2025-09-07,C0044,P0065,S024,8,0.0,29888.24,24721.68,5166.56,0.172862637612653,9,September,2025Q3
O004557,2025-09-07,C0139,P0108,S009,6,0.0,191349.54,135114.24,56235.3,0.2938878243449135,9,September,2025Q3
O004653,2025-09-07,C0831,P0058,S010,1,0.2,26948.58,28284.78,-1336.2,-0.04958331756255802,9,September,2025Q3
O004665,2025-09-07,C0367,P0080,S024,1,0.0,19801.09,12816.57,6984.52,0.35273411716223707,9,September,2025Q3
O004728,2025-09-07,C0783,P0115,S013,3,0.05,96029.92,76731.81,19298.11,0.2009593468369025,9,September,2025Q3
O004919,2025-09-07,C0188,P0036,S011,6,0.0,82497.9,57930.3,24567.6,0.29779667118799386,9,September,2025Q3
O005380,2025-09-07,C0685,P0001,S009,8,0.2,38638.21,32762.48,5875.73,0.15207045046859055,9,September,2025Q3
O005566,2025-09-07,C0246,P0048,S022,6,0.2,43943.14,47090.46,-3147.32,-0.07162255587561563,9,September,2025Q3
O005699,2025-09-07,C0320,P0044,S022,2,0.0,23227.9,20137.64,3090.26,0.1330408689550067,9,September,2025Q3
O000603,2025-09-06,C0056,P0114,S014,3,0.0,121557.51,87051.99,34505.52,0.28386168818364244,9,September,2025Q3
O000769,2025-09-06,C0574,P0056,S014,1,0.0,43546.43,28266.66,15279.77,0.3508845616047056,9,September,2025Q3
O000772,2025-09-06,C0802,P0003,S002,2,0.05,22092.82,15825.72,6267.1,0.2836713466184942,9,September,2025Q3
O001183,2025-09-06,C0689,P0098,S004,1,0.0,20215.45,13363.15,6852.3,0.33896351552896425,9,September,2025Q3
O001789,2025-09-06,C0746,P0029,S011,1,0.05,317.1,220.37,96.73,0.3050457269000315,9,September,2025Q3
O002380,2025-09-06,C0322,P0078,S018,4,0.2,17506.24,15137.6,2368.64,0.13530261209717218,9,September,2025Q3
O002484,2025-09-06,C0256,P0001,S013,3,0.1,16300.49,12285.93,4014.56,0.24628462089176462,9,September,2025Q3
O003150,2025-09-06,C0294,P0007,S016,8,0.15,127596.97,104864.48,22732.49,0.17815854091206085,9,September,2025Q3
O003711,2025-09-06,C0961,P0066,S019,2,0.0,33481.56,28624.82,4856.74,0.14505715982170483,9,September,2025Q3
O004224,2025-09-06,C0675,P0005,S011,7,0.05,266809.97,190199.24,76610.73,0.2871359342381396,9,September,2025Q3
O004343,2025-09-06,C0992,P0117,S022,3,0.0,59362.53,52853.16,6509.37,0.10965452449550246,9,September,2025Q3
O004696,2025-09-06,C0818,P0071,S003,8,0.0,53414.48,37629.52,15784.96,0.29551836880186794,9,September,2025Q3
O004904,2025-09-06,C0127,P0070,S012,3,0.0,35737.71,24148.02,11589.69,0.32429861902175605,9,September,2025Q3
O005192,2025-09-06,C0439,P0062,S006,1,0.0,16152.14,11908.49,4243.65,0.2627298921381315,9,September,2025Q3
O005504,2025-09-06,C0107,P0119,S012,6,0.05,22378.31,20529.12,1849.19,0.08263313896357678,9,September,2025Q3
O005855,2025-09-06,C0651,P0079,S002,7,0.0,299682.25,204193.57,95488.68,0.3186330855431044,9,September,2025Q3
O005869,2025-09-06,C0420,P0072,S018,4,0.05,112148.15,80442.44,31705.71,0.28271273311240536,9,September,2025Q3
O005900,2025-09-06,C0973,P0098,S008,8,0.05,153637.42,106905.2,46732.22,0.304172121609436,9,September,2025Q3
O005931,2025-09-06,C0006,P0109,S008,4,0.05,52998.52,46878.64,6119.88,0.11547265848178404,9,September,2025Q3
O000077,2025-09-05,C0947,P0066,S025,3,0.2,40177.87,42937.23,-2759.36,-0.06867860342024104,9,September,2025Q3
O000157,2025-09-05,C0962,P0046,S002,4,0.1,104079.17,80666.92,23412.25,0.2249465479019481,9,September,2025Q3
O000510,2025-09-05,C0722,P0048,S004,8,0.2,58590.85,62787.28,-4196.43,-0.07162261684204957,9,September,2025Q3
O000887,2025-09-05,C0133,P0023,S007,3,0.15,110682.95,84207.42,26475.53,0.23920152110148854,9,September,2025Q3
O000967,2025-09-05,C0030,P0053,S021,4,0.0,108971.88,96064.0,12907.88,0.11845147573851161,9,September,2025Q3
O001336,2025-09-05,C0430,P0068,S017,1,0.0,19689.73,16414.96,3274.77,0.1663186849184829,9,September,2025Q3
O001415,2025-09-05,C0047,P0007,S011,2,0.05,35652.09,26216.12,9435.97,0.2646680741577843,9,September,2025Q3
O001545,2025-09-05,C0232,P0012,S009,5,0.2,10007.68,10085.9,-78.22,-0.0078159973140628,9,September,2025Q3
O002008,2025-09-05,C0919,P0049,S001,2,0.05,31902.84,23401.86,8500.98,0.2664646783797304,9,September,2025Q3
O002529,2025-09-05,C0735,P0035,S019,8,0.15,282756.1,227768.56,54987.54,0.1944698628959729,9,September,2025Q3
O003783,2025-09-05,C0281,P0086,S011,7,0.15,88394.45,87852.66,541.79,0.006129230964161211,9,September,2025Q3
O004391,2025-09-05,C0712,P0031,S022,3,0.15,2984.83,2559.0,425.83,0.14266474137555574,9,September,2025Q3
O005655,2025-09-05,C0977,P0074,S016,7,0.05,113814.82,88726.68,25088.14,0.22042946603965985,9,September,2025Q3
O000270,2025-09-04,C0553,P0030,S003,8,0.05,94143.56,82836.96,11306.6,0.12009955858903149,9,September,2025Q3
O000295,2025-09-04,C0654,P0039,S007,6,0.0,165103.2,132438.3,32664.9,0.19784534763711423,9,September,2025Q3
O000353,2025-09-04,C0573,P0026,S016,7,0.2,37941.4,31042.55,6898.85,0.18182908379764584,9,September,2025Q3
O001024,2025-09-04,C0743,P0080,S015,3,0.0,59403.27,38449.71,20953.56,0.35273411716223707,9,September,2025Q3
O001132,2025-09-04,C0070,P0043,S001,8,0.1,161532.94,154091.76,7441.18,0.046066022199558805,9,September,2025Q3
O001150,2025-09-04,C0082,P0047,S013,7,0.0,4570.93,3777.13,793.8,0.1736626900871376,9,September,2025Q3
O001152,2025-09-04,C0021,P0098,S013,7,0.0,141508.15,93542.05,47966.1,0.33896351552896425,9,September,2025Q3
O001989,2025-09-04,C0848,P0093,S002,5,0.1,152967.92,112116.7,40851.22,0.267057432695692,9,September,2025Q3
O002755,2025-09-04,C0199,P0024,S004,5,0.2,36441.6,36246.1,195.5,0.0053647479803301725,9,September,2025Q3
O003340,2025-09-04,C0068,P0008,S012,1,0.0,15127.16,11605.34,3521.82,0.23281435510697315,9,September,2025Q3
O003737,2025-09-04,C0505,P0050,S004,1,0.1,17195.86,14893.84,2302.02,0.1338705944337765,9,September,2025Q3
O004060,2025-09-04,C0503,P0100,S004,4,0.1,66545.86,62220.16,4325.7,0.06500329246627815,9,September,2025Q3
O004205,2025-09-04,C0129,P0085,S019,3,0.05,71923.14,56301.39,15621.75,0.21720061165293952,9,September,2025Q3
O004579,2025-09-04,C0300,P0119,S017,4,0.0,15704.08,13686.08,2018.0,0.1285016377909435,9,September,2025Q3
O004695,2025-09-04,C0548,P0053,S006,2,0.0,54485.94,48032.0,6453.94,0.11845147573851161,9,September,2025Q3
O005255,2025-09-04,C0872,P0036,S024,4,0.15,46748.81,38620.2,8128.61,0.1738784366917575,9,September,2025Q3
O005397,2025-09-04,C0661,P0029,S012,2,0.15,567.44,440.74,126.7,0.22328351896235724,9,September,2025Q3
O005679,2025-09-04,C0733,P0107,S002,1,0.1,20224.88,17689.03,2535.85,0.1253826969554331,9,September,2025Q3
O005755,2025-09-04,C0807,P0062,S003,6,0.0,96912.84,71450.94,25461.9,0.2627298921381316,9,September,2025Q3
O000619,2025-09-03,C0686,P0040,S006,8,0.15,2451.81,2028.64,423.17,0.17259494006468692,9,September,2025Q3
O000693,2025-09-03,C0357,P0040,S023,6,0.0,2163.36,1521.48,641.88,0.2967051253605502,9,September,2025Q3
O001311,2025-09-03,C0297,P0037,S016,2,0.1,66535.13,53420.18,13114.95,0.1971131641284837,9,September,2025Q3
O001629,2025-09-03,C0297,P0038,S022,2,0.15,50069.4,40065.68,10003.72,0.19979708165066884,9,September,2025Q3
O001671,2025-09-03,C0970,P0017,S009,1,0.0,9342.62,8258.98,1083.64,0.11598887678188774,9,September,2025Q3
O001859,2025-09-03,C0408,P0006,S023,5,0.05,9219.23,7361.75,1857.48,0.20147886537162,9,September,2025Q3
O002349,2025-09-03,C0380,P0064,S010,8,0.05,261253.8,198017.12,63236.68,0.2420507567736814,9,September,2025Q3
O002599,2025-09-03,C0070,P0046,S011,4,0.05,109861.34,80666.92,29194.42,0.26573879401070477,9,September,2025Q3
O002792,2025-09-03,C0405,P0117,S021,3,0.0,59362.53,52853.16,6509.37,0.10965452449550246,9,September,2025Q3
O003116,2025-09-03,C0862,P0014,S005,5,0.1,125228.52,94982.4,30246.12,0.24152740925150276,9,September,2025Q3
O003189,2025-09-03,C0155,P0097,S017,8,0.15,72697.78,65829.76,6868.02,0.09447358640112533,9,September,2025Q3
O003580,2025-09-03,C0008,P0092,S002,1,0.0,17967.36,11994.62,5972.74,0.33242168020232243,9,September,2025Q3
O003608,2025-09-03,C0335,P0039,S017,6,0.0,165103.2,132438.3,32664.9,0.19784534763711423,9,September,2025Q3
O004423,2025-09-03,C0744,P0090,S002,3,0.2,50026.3,55041.21,-5014.91,-0.10024547088231589,9,September,2025Q3
O005628,2025-09-03,C0319,P0044,S009,7,0.15,69103.0,70481.74,-1378.74,-0.019951955776160223,9,September,2025Q3
O005809,2025-09-03,C0181,P0068,S002,1,0.1,17720.76,16414.96,1305.8,0.07368758450540497,9,September,2025Q3
O005971,2025-09-03,C0952,P0079,S002,3,0.05,122013.49,87511.53,34501.96,0.2827716836884184,9,September,2025Q3
O005982,2025-09-03,C0692,P0028,S013,8,0.0,69272.72,57057.44,12215.28,0.17633608150510044,9,September,2025Q3
O000016,2025-09-02,C0393,P0001,S002,4,0.2,19319.1,16381.24,2937.86,0.15207023101490236,9,September,2025Q3
O000047,2025-09-02,C0820,P0054,S021,3,0.0,27896.49,23944.83,3951.66,0.14165438017471013,9,September,2025Q3
O001164,2025-09-02,C0036,P0118,S012,1,0.2,21547.34,19490.8,2056.54,0.0954428713706657,9,September,2025Q3
O001382,2025-09-02,C0835,P0009,S004,7,0.2,189076.89,190872.29,-1795.4,-0.009495607845041242,9,September,2025Q3
O001544,2025-09-02,C0678,P0063,S009,6,0.2,9821.47,10945.44,-1123.97,-0.11444009908903659,9,September,2025Q3
O001673,2025-09-02,C0311,P0101,S008,1,0.0,18031.39,15302.5,2728.89,0.15134107797568574,9,September,2025Q3
O002199,2025-09-02,C0889,P0091,S005,2,0.2,9919.23,8973.62,945.61,0.09533098839325231,9,September,2025Q3
O002362,2025-09-02,C0623,P0038,S005,4,0.15,100138.81,80131.36,20007.45,0.19979716156003852,9,September,2025Q3
O002505,2025-09-02,C0526,P0010,S019,3,0.0,5125.86,3697.65,1428.21,0.2786283667521158,9,September,2025Q3
O002717,2025-09-02,C0044,P0061,S012,7,0.15,147650.2,139200.74,8449.46,0.057226200844970064,9,September,2025Q3
O002861,2025-09-02,C0352,P0108,S001,3,0.1,86107.29,67557.12,18550.17,0.21543088860420528,9,September,2025Q3
O002972,2025-09-02,C0201,P0070,S025,3,0.0,35737.71,24148.02,11589.69,0.32429861902175605,9,September,2025Q3
O003326,2025-09-02,C0343,P0066,S019,2,0.1,30133.4,28624.82,1508.58,0.05006338481552031,9,September,2025Q3
O003736,2025-09-02,C0334,P0091,S025,1,0.1,5579.57,4486.81,1092.76,0.19585021784832882,9,September,2025Q3
O004108,2025-09-02,C0969,P0009,S023,4,0.05,128302.17,109069.88,19232.29,0.14989840000367882,9,September,2025Q3
O004422,2025-09-02,C0975,P0035,S012,5,0.05,197513.46,142355.35,55158.11,0.2792625373480876,9,September,2025Q3
O004498,2025-09-02,C0029,P0119,S015,1,0.0,3926.02,3421.52,504.5,0.1285016377909435,9,September,2025Q3
O004781,2025-09-02,C0580,P0086,S004,8,0.15,101022.23,100403.04,619.19,0.006129245018645897,9,September,2025Q3
O005068,2025-09-02,C0492,P0060,S005,7,0.05,199542.09,146835.22,52706.87,0.2641391096986105,9,September,2025Q3
O005233,2025-09-02,C0916,P0037,S019,8,0.15,251354.93,213680.72,37674.21,0.14988450793465638,9,September,2025Q3
O005273,2025-09-02,C0710,P0018,S004,8,0.2,10087.42,8585.92,1501.5,0.1488487641042011,9,September,2025Q3
O005350,2025-09-02,C0732,P0108,S024,1,0.1,28702.43,22519.04,6183.39,0.21543088860420528,9,September,2025Q3
O005450,2025-09-02,C0270,P0058,S013,6,0.0,202114.32,169708.68,32405.64,0.1603332213175197,9,September,2025Q3
O005518,2025-09-02,C0657,P0066,S009,5,0.2,66963.12,71562.05,-4598.93,-0.06867855022286895,9,September,2025Q3
O000247,2025-09-01,C0860,P0081,S004,8,0.2,266099.97,239348.96,26751.01,0.10052992490002911,9,September,2025Q3
O000716,2025-09-01,C0962,P0087,S012,3,0.0,104243.4,68398.95,35844.45,0.34385342381388173,9,September,2025Q3
O000944,2025-09-01,C0855,P0093,S020,3,0.0,101978.61,67270.02,34708.59,0.34035166786446686,9,September,2025Q3
O001083,2025-09-01,C0112,P0043,S019,8,0.2,143584.83,154091.76,-10506.93,-0.0731757665485971,9,September,2025Q3
O001894,2025-09-01,C0343,P0044,S021,2,0.0,23227.9,20137.64,3090.26,0.1330408689550067,9,September,2025Q3
O002023,2025-09-01,C0203,P0013,S018,4,0.15,31341.95,24575.36,6766.59,0.2158956287021069,9,September,2025Q3
O002108,2025-09-01,C0481,P0116,S009,3,0.05,35251.39,27611.76,7639.63,0.21671854641760227,9,September,2025Q3
O002769,2025-09-01,C0706,P0036,S018,3,0.2,32999.16,28965.15,4034.01,0.12224583898499233,9,September,2025Q3
O003819,2025-09-01,C0202,P0002,S010,7,0.0,185661.98,132880.09,52781.89,0.28429024617748877,9,September,2025Q3
O004957,2025-09-01,C0354,P0101,S017,1,0.15,15326.68,15302.5,24.18,0.0015776410807820088,9,September,2025Q3
O005360,2025-09-01,C0399,P0060,S014,8,0.05,228048.11,167811.68,60236.43,0.2641391327470331,9,September,2025Q3
O005482,2025-09-01,C0343,P0019,S003,4,0.05,122138.99,97191.56,24947.43,0.20425443177481653,9,September,2025Q3
O005496,2025-09-01,C0668,P0082,S005,3,0.05,39722.22,29185.59,10536.63,0.2652578330214172,9,September,2025Q3
O000872,2025-08-31,C0433,P0003,S004,3,0.0,34883.4,23738.58,11144.82,0.31948777928756944,8,August,2025Q3
O000902,2025-08-31,C0350,P0037,S017,3,0.0,110891.88,80130.27,30761.61,0.2774018259948339,8,August,2025Q3
O001231,2025-08-31,C0184,P0007,S004,6,0.15,95697.73,78648.36,17049.37,0.1781585623817827,8,August,2025Q3
O001432,2025-08-31,C0263,P0098,S015,3,0.0,60646.35,40089.45,20556.9,0.33896351552896425,8,August,2025Q3
O002626,2025-08-31,C0032,P0043,S012,2,0.05,42626.75,38522.94,4103.81,0.09627311488677885,8,August,2025Q3
O002643,2025-08-31,C0830,P0058,S012,5,0.05,160007.17,141423.9,18583.27,0.11614023296581022,8,August,2025Q3
O002825,2025-08-31,C0511,P0113,S008,4,0.1,34161.23,27473.4,6687.83,0.1957725175586476,8,August,2025Q3
O003859,2025-08-31,C0315,P0018,S021,6,0.05,8984.11,6439.44,2544.67,0.28324118916620566,8,August,2025Q3
O004226,2025-08-31,C1000,P0056,S005,7,0.05,289583.76,197866.62,91717.14,0.31672059234260924,8,August,2025Q3
O004373,2025-08-31,C0675,P0047,S008,1,0.1,587.69,539.59,48.1,0.08184587112253058,8,August,2025Q3
O004502,2025-08-31,C0811,P0091,S010,1,0.0,6199.52,4486.81,1712.71,0.27626493664025603,8,August,2025Q3
O004666,2025-08-31,C0885,P0058,S020,2,0.05,64002.87,56569.56,7433.31,0.11614026058518938,8,August,2025Q3
O005880,2025-08-31,C0129,P0098,S005,8,0.05,153637.42,106905.2,46732.22,0.304172121609436,8,August,2025Q3
O000201,2025-08-30,C0949,P0077,S014,2,0.0,79164.74,54067.12,25097.62,0.3170302839370154,8,August,2025Q3
O000364,2025-08-30,C0024,P0043,S007,4,0.0,89740.52,77045.88,12694.64,0.14145939871977561,8,August,2025Q3
O000513,2025-08-30,C0646,P0095,S022,2,0.2,60316.48,50633.66,9682.82,0.16053357225090056,8,August,2025Q3
O001111,2025-08-30,C0841,P0036,S006,3,0.0,41248.95,28965.15,12283.8,0.29779667118799386,8,August,2025Q3
O001151,2025-08-30,C0452,P0055,S017,7,0.0,221929.33,186622.45,35306.88,0.1590906438549605,8,August,2025Q3
O001641,2025-08-30,C0621,P0085,S006,5,0.0,126180.95,93835.65,32345.3,0.2563405965797531,8,August,2025Q3
O001666,2025-08-30,C0960,P0118,S009,1,0.0,26934.17,19490.8,7443.37,0.27635416276053804,8,August,2025Q3
O001729,2025-08-30,C0676,P0068,S017,8,0.05,149641.95,131319.68,18322.27,0.12244073269561108,8,August,2025Q3
O002443,2025-08-30,C0558,P0021,S012,6,0.2,117186.24,118647.36,-1461.12,-0.012468358059785857,8,August,2025Q3
O003610,2025-08-30,C0820,P0075,S005,3,0.0,105214.86,79419.87,25794.99,0.24516489400831784,8,August,2025Q3
O003712,2025-08-30,C0884,P0079,S015,3,0.1,115591.72,87511.53,28080.19,0.24292561785567338,8,August,2025Q3
O004054,2025-08-30,C0945,P0022,S018,8,0.15,182048.51,138844.96,43203.55,0.23731888824577582,8,August,2025Q3
O004069,2025-08-30,C0021,P0050,S015,6,0.0,114639.06,89363.04,25276.02,0.2204834896587603,8,August,2025Q3
O004896,2025-08-30,C0664,P0115,S025,7,0.0,235862.97,179040.89,56822.08,0.2409114071615396,8,August,2025Q3
O005416,2025-08-30,C0927,P0025,S010,2,0.0,2957.78,2081.12,876.66,0.296391212328165,8,August,2025Q3
O005646,2025-08-30,C0779,P0031,S002,4,0.0,4682.08,3412.0,1270.08,0.2712640535830229,8,August,2025Q3
O000814,2025-08-29,C0137,P0112,S011,7,0.2,214277.39,191542.12,22735.27,0.10610204837757263,8,August,2025Q3
O001028,2025-08-29,C0317,P0078,S011,5,0.05,25985.82,18922.0,7063.82,0.2718336384997664,8,August,2025Q3
O001156,2025-08-29,C0201,P0020,S007,1,0.0,46146.26,29988.25,16158.01,0.35014776928834535,8,August,2025Q3
O001399,2025-08-29,C0762,P0018,S024,5,0.1,7092.72,5366.2,1726.52,0.24342142365693273,8,August,2025Q3
O001531,2025-08-29,C0098,P0107,S014,5,0.05,106742.43,88445.15,18297.28,0.17141524696411728,8,August,2025Q3
O001987,2025-08-29,C0883,P0050,S003,7,0.05,127058.29,104256.88,22801.41,0.17945629521694334,8,August,2025Q3
O002103,2025-08-29,C0036,P0095,S005,7,0.0,263884.6,177217.81,86666.79,0.32842685780072045,8,August,2025Q3
O002373,2025-08-29,C0912,P0003,S011,2,0.1,20930.04,15825.72,5104.32,0.2438753103195216,8,August,2025Q3
O002819,2025-08-29,C0055,P0053,S007,4,0.1,98074.69,96064.0,2010.69,0.020501619734918358,8,August,2025Q3
O003201,2025-08-29,C0774,P0095,S016,2,0.15,64086.26,50633.66,13452.6,0.2099139503537888,8,August,2025Q3
O003306,2025-08-29,C0043,P0067,S020,1,0.05,19710.49,14775.09,4935.4,0.25039458684182886,8,August,2025Q3
O004058,2025-08-29,C1000,P0107,S005,3,0.0,67416.27,53067.09,14349.18,0.2128444661800482,8,August,2025Q3
O004836,2025-08-29,C0570,P0053,S015,5,0.2,108971.88,120080.0,-11108.12,-0.10193565532686047,8,August,2025Q3
O005272,2025-08-29,C0197,P0120,S014,8,0.0,98025.36,79112.64,18912.72,0.1929370114019474,8,August,2025Q3
O000308,2025-08-28,C0282,P0112,S020,3,0.0,114791.46,82089.48,32701.98,0.28488164537675537,8,August,2025Q3
O000462,2025-08-28,C0911,P0006,S004,5,0.0,9704.45,7361.75,2342.7,0.24140471639299493,8,August,2025Q3
O000822,2025-08-28,C0136,P0012,S011,7,0.0,17513.44,14120.26,3393.18,0.19374720214874977,8,August,2025Q3
O000853,2025-08-28,C0448,P0011,S016,5,0.0,58334.0,44970.65,13363.35,0.22908338190420682,8,August,2025Q3
O001408,2025-08-28,C0489,P0041,S021,7,0.1,233657.17,178867.92,54789.25,0.23448563551463025,8,August,2025Q3
O002061,2025-08-28,C0234,P0059,S012,6,0.0,13603.02,10775.76,2827.26,0.2078406118641302,8,August,2025Q3
O003640,2025-08-28,C0452,P0009,S024,2,0.2,54021.97,54534.94,-512.97,-0.009495581149669292,8,August,2025Q3
O004019,2025-08-28,C0850,P0011,S022,3,0.15,29750.34,26982.39,2767.95,0.0930392728284786,8,August,2025Q3
O004465,2025-08-28,C0598,P0007,S011,8,0.0,150114.08,104864.48,45249.6,0.3014347488256931,8,August,2025Q3
O004496,2025-08-28,C0224,P0027,S003,7,0.2,70130.82,65868.46,4262.36,0.060777273101897275,8,August,2025Q3
O004981,2025-08-28,C0928,P0100,S023,8,0.05,140485.7,124440.32,16045.38,0.11421361747138675,8,August,2025Q3
O005161,2025-08-28,C0620,P0017,S013,6,0.0,56055.72,49553.88,6501.84,0.11598887678188774,8,August,2025Q3
O005287,2025-08-28,C0040,P0041,S010,3,0.05,105702.05,76657.68,29044.37,0.27477584398788857,8,August,2025Q3
O000369,2025-08-27,C0671,P0002,S003,7,0.2,148529.58,132880.09,15649.49,0.10536278362868864,8,August,2025Q3
O001441,2025-08-27,C0480,P0083,S018,8,0.0,121499.6,94122.8,27376.8,0.22532419859818467,8,August,2025Q3
O001710,2025-08-27,C0038,P0046,S016,4,0.1,104079.17,80666.92,23412.25,0.2249465479019481,8,August,2025Q3
O002071,2025-08-27,C0463,P0114,S024,3,0.2,97246.01,87051.99,10194.02,0.10482712864003367,8,August,2025Q3
O002149,2025-08-27,C0437,P0075,S006,8,0.05,266544.31,211786.32,54757.99,0.2054367245731113,8,August,2025Q3
O002449,2025-08-27,C0462,P0097,S018,3,0.0,32072.55,24686.16,7386.39,0.23030254844095654,8,August,2025Q3
O002584,2025-08-27,C0986,P0083,S017,6,0.15,77456.0,70592.1,6863.9,0.08861676306548233,8,August,2025Q3
O002594,2025-08-27,C0381,P0113,S007,8,0.0,75913.84,54946.8,20967.04,0.2761952234269799,8,August,2025Q3
O002846,2025-08-27,C0739,P0113,S004,1,0.15,8065.85,6868.35,1197.5,0.1484654438155929,8,August,2025Q3
O003083,2025-08-27,C0771,P0085,S005,1,0.0,25236.19,18767.13,6469.06,0.25634059657975317,8,August,2025Q3
O003632,2025-08-27,C0270,P0025,S002,5,0.0,7394.45,5202.8,2191.65,0.29639121232816507,8,August,2025Q3
O004047,2025-08-27,C0781,P0084,S018,7,0.0,166289.41,109806.97,56482.44,0.3396634818777696,8,August,2025Q3
O004051,2025-08-27,C0842,P0068,S011,6,0.0,118138.38,98489.76,19648.62,0.16631868491848287,8,August,2025Q3
O004064,2025-08-27,C0888,P0065,S002,1,0.0,3736.03,3090.21,645.82,0.172862637612653,8,August,2025Q3
O004802,2025-08-27,C0598,P0070,S020,5,0.15,50628.42,40246.7,10381.72,0.2050571595953419,8,August,2025Q3
O000154,2025-08-26,C0514,P0066,S003,7,0.05,111326.19,100186.87,11139.32,0.10006019248480523,8,August,2025Q3
O000287,2025-08-26,C0714,P0102,S002,6,0.0,7669.56,6375.96,1293.6,0.16866678140597371,8,August,2025Q3
O000531,2025-08-26,C0409,P0061,S010,8,0.2,158817.02,159086.56,-269.54,-0.0016971732626641655,8,August,2025Q3
O000673,2025-08-26,C0230,P0004,S001,3,0.05,24272.25,18278.88,5993.37,0.24692272039056948,8,August,2025Q3
O000857,2025-08-26,C0677,P0093,S019,5,0.05,161466.13,112116.7,49349.43,0.30563332384321096,8,August,2025Q3
O001703,2025-08-26,C0435,P0074,S024,5,0.0,85575.05,63376.2,22198.85,0.2594079699632077,8,August,2025Q3
O001972,2025-08-26,C0294,P0106,S015,3,0.0,46625.34,33898.53,12726.81,0.27295908190696305,8,August,2025Q3
O002419,2025-08-26,C0056,P0083,S021,4,0.15,51637.33,47061.4,4575.93,0.08861670423315846,8,August,2025Q3
O002668,2025-08-26,C0937,P0114,S020,4,0.05,153972.85,116069.32,37903.53,0.24617021767149208,8,August,2025Q3
O003430,2025-08-26,C0707,P0061,S006,2,0.1,44667.29,39771.64,4895.65,0.10960257494914062,8,August,2025Q3
O003855,2025-08-26,C0985,P0096,S001,6,0.0,38823.96,25228.14,13595.82,0.35019147969449793,8,August,2025Q3
O004127,2025-08-26,C0851,P0048,S021,8,0.1,65914.7,62787.28,3127.42,0.04744647248641047,8,August,2025Q3
O005080,2025-08-26,C0051,P0081,S008,1,0.0,41578.12,29918.62,11659.5,0.2804239345117095,8,August,2025Q3
O005414,2025-08-26,C0763,P0108,S008,1,0.15,27107.85,22519.04,4588.81,0.16927974737944915,8,August,2025Q3
O005444,2025-08-26,C0962,P0016,S005,6,0.0,85492.68,62713.32,22779.36,0.26644807485272426,8,August,2025Q3
O000137,2025-08-25,C0661,P0071,S003,5,0.2,26707.24,23518.45,3188.79,0.11939796100233493,8,August,2025Q3
O000804,2025-08-25,C0204,P0034,S023,3,0.0,38628.3,30688.56,7939.74,0.20554205077624435,8,August,2025Q3
O000989,2025-08-25,C0380,P0120,S007,8,0.0,98025.36,79112.64,18912.72,0.1929370114019474,8,August,2025Q3
O001074,2025-08-25,C0349,P0102,S003,6,0.0,7669.56,6375.96,1293.6,0.16866678140597371,8,August,2025Q3
O001983,2025-08-25,C0471,P0032,S022,8,0.0,303085.44,203401.04,99684.4,0.3288986762280629,8,August,2025Q3
O002526,2025-08-25,C0596,P0067,S006,2,0.2,33196.61,29550.18,3646.43,0.10984344485777311,8,August,2025Q3
O003204,2025-08-25,C0854,P0071,S005,2,0.05,12685.94,9407.38,3278.56,0.2584404466677282,8,August,2025Q3
O003421,2025-08-25,C0475,P0114,S001,3,0.0,121557.51,87051.99,34505.52,0.28386168818364244,8,August,2025Q3
O003615,2025-08-25,C0342,P0110,S013,6,0.15,183583.68,154451.46,29132.22,0.158686327673571,8,August,2025Q3
O003811,2025-08-25,C0122,P0046,S019,5,0.2,115643.52,100833.65,14809.87,0.12806484963446288,8,August,2025Q3
O003843,2025-08-25,C0015,P0119,S011,5,0.05,18648.59,17107.6,1540.99,0.08263305697642556,8,August,2025Q3
O004147,2025-08-25,C0718,P0021,S025,8,0.0,195310.4,158196.48,37113.92,0.1900253135521713,8,August,2025Q3
O004747,2025-08-25,C0091,P0004,S008,1,0.1,7664.92,6092.96,1571.96,0.2050849845790954,8,August,2025Q3
O004986,2025-08-25,C0184,P0062,S025,7,0.1,101758.48,83359.43,18399.05,0.1808109751639372,8,August,2025Q3
O005731,2025-08-25,C0492,P0022,S025,5,0.05,127166.24,86778.1,40388.14,0.31760111803258473,8,August,2025Q3
O005817,2025-08-25,C0914,P0011,S009,7,0.1,73500.84,62958.91,10541.93,0.14342597989356312,8,August,2025Q3
O005955,2025-08-25,C0445,P0036,S001,4,0.0,54998.6,38620.2,16378.4,0.29779667118799386,8,August,2025Q3
O000692,2025-08-24,C0939,P0010,S004,3,0.0,5125.86,3697.65,1428.21,0.2786283667521158,8,August,2025Q3
O001357,2025-08-24,C0190,P0105,S006,4,0.15,62039.36,48115.52,13923.84,0.2244355841195009,8,August,2025Q3
O001392,2025-08-24,C0148,P0107,S018,7,0.0,157304.63,123823.21,33481.42,0.2128444661800482,8,August,2025Q3
O001905,2025-08-24,C0001,P0085,S005,4,0.0,100944.76,75068.52,25876.24,0.25634059657975317,8,August,2025Q3
O001933,2025-08-24,C0376,P0007,S020,6,0.05,106956.28,78648.36,28307.92,0.26466814290848556,8,August,2025Q3
O002547,2025-08-24,C0625,P0022,S006,4,0.05,101732.99,69422.48,32310.51,0.3176011046170962,8,August,2025Q3
O003073,2025-08-24,C0069,P0045,S006,4,0.2,24986.08,20812.2,4173.88,0.1670482124446892,8,August,2025Q3
O003407,2025-08-24,C0551,P0033,S006,1,0.2,23818.69,21195.23,2623.46,0.11014291717974414,8,August,2025Q3
O003507,2025-08-24,C0266,P0035,S022,8,0.0,332654.24,227768.56,104885.68,0.31529939314767186,8,August,2025Q3
O004761,2025-08-24,C0091,P0080,S014,8,0.2,126726.98,102532.56,24194.42,0.1909176719906053,8,August,2025Q3
O005167,2025-08-24,C0446,P0100,S016,2,0.0,36969.92,31110.08,5859.84,0.1585029126381664,8,August,2025Q3
O005466,2025-08-24,C0829,P0073,S024,1,0.05,7600.48,6979.88,620.6,0.0816527377218281,8,August,2025Q3
O005560,2025-08-24,C0587,P0102,S021,5,0.15,5432.6,5313.3,119.3,0.021960019143688104,8,August,2025Q3
O005725,2025-08-24,C0310,P0090,S004,5,0.0,104221.45,91735.35,12486.1,0.11980355291545071,8,August,2025Q3
O000075,2025-08-23,C0675,P0076,S017,3,0.1,104435.3,81308.28,23127.02,0.22144830339932953,8,August,2025Q3
O000328,2025-08-23,C0720,P0086,S014,2,0.0,29712.42,25100.76,4611.66,0.15520984154101214,8,August,2025Q3
O000374,2025-08-23,C0575,P0119,S023,1,0.0,3926.02,3421.52,504.5,0.1285016377909435,8,August,2025Q3
O000605,2025-08-23,C0738,P0025,S021,6,0.05,8429.67,6243.36,2186.31,0.25935890728818567,8,August,2025Q3
O000636,2025-08-23,C0090,P0011,S013,3,0.05,33250.38,26982.39,6267.99,0.18850882305705982,8,August,2025Q3
O001807,2025-08-23,C0208,P0013,S009,8,0.1,66371.18,49150.72,17220.46,0.25945689077699086,8,August,2025Q3
O001940,2025-08-23,C0706,P0080,S008,8,0.0,158408.72,102532.56,55876.16,0.35273411716223707,8,August,2025Q3
O002077,2025-08-23,C0670,P0086,S007,6,0.2,71309.81,75302.28,-3992.47,-0.05598766845683644,8,August,2025Q3
O002241,2025-08-23,C0973,P0024,S008,6,0.0,54662.4,43495.32,11167.08,0.20429179838426412,8,August,2025Q3
O002696,2025-08-23,C0397,P0042,S021,6,0.0,42425.94,33756.24,8669.7,0.20434903740494614,8,August,2025Q3
O002741,2025-08-23,C0537,P0038,S007,7,0.0,206168.13,140229.88,65938.25,0.31982756015684866,8,August,2025Q3
O003725,2025-08-23,C0775,P0056,S008,4,0.0,174185.72,113066.64,61119.08,0.3508845616047056,8,August,2025Q3
O005112,2025-08-23,C0202,P0036,S006,4,0.15,46748.81,38620.2,8128.61,0.1738784366917575,8,August,2025Q3
O005214,2025-08-23,C0427,P0100,S004,5,0.0,92424.8,77775.2,14649.6,0.15850291263816638,8,August,2025Q3
O005776,2025-08-23,C0162,P0008,S008,4,0.05,57483.21,46421.36,11061.85,0.19243619136787943,8,August,2025Q3
O005795,2025-08-23,C0447,P0010,S011,1,0.05,1623.19,1232.55,390.64,0.2406619064927704,8,August,2025Q3
O000282,2025-08-22,C0633,P0058,S009,8,0.0,269485.76,226278.24,43207.52,0.1603332213175197,8,August,2025Q3
O000475,2025-08-22,C0318,P0088,S021,8,0.1,245941.49,187443.44,58498.05,0.23785352361653175,8,August,2025Q3
O001097,2025-08-22,C0356,P0090,S023,5,0.1,93799.3,91735.35,2063.95,0.022003895551459336,8,August,2025Q3
O001258,2025-08-22,C0086,P0033,S022,7,0.2,166730.82,148366.61,18364.21,0.11014286380886268,8,August,2025Q3
O001343,2025-08-22,C0516,P0091,S024,5,0.05,29447.72,22434.05,7013.67,0.23817361751605895,8,August,2025Q3
O001573,2025-08-22,C0146,P0002,S022,8,0.1,190966.61,151862.96,39103.65,0.2047669485257135,8,August,2025Q3
O001732,2025-08-22,C0323,P0096,S004,4,0.1,23294.38,16818.76,6475.62,0.27799065697391384,8,August,2025Q3
O002166,2025-08-22,C0870,P0115,S009,6,0.2,161734.61,153463.62,8270.99,0.05113927068547666,8,August,2025Q3
O002430,2025-08-22,C0953,P0120,S007,2,0.2,19605.07,19778.16,-173.09,-0.008828838662652059,8,August,2025Q3
O002666,2025-08-22,C0046,P0037,S011,1,0.1,33267.56,26710.09,6557.47,0.19711304345735006,8,August,2025Q3
O003321,2025-08-22,C0298,P0091,S003,3,0.1,16738.7,13460.43,3278.27,0.19584973743480674,8,August,2025Q3
O004258,2025-08-22,C0518,P0117,S017,5,0.05,93990.67,88088.6,5902.07,0.06279421138289577,8,August,2025Q3
O005424,2025-08-22,C0417,P0095,S023,7,0.0,263884.6,177217.81,86666.79,0.32842685780072045,8,August,2025Q3
O005665,2025-08-22,C0450,P0077,S012,8,0.0,316658.96,216268.48,100390.48,0.3170302839370154,8,August,2025Q3
O005770,2025-08-22,C0203,P0032,S017,2,0.0,75771.36,50850.26,24921.1,0.3288986762280629,8,August,2025Q3
O005899,2025-08-22,C0818,P0060,S001,2,0.1,54011.39,41952.92,12058.47,0.2232579091187988,8,August,2025Q3
O005915,2025-08-22,C0242,P0014,S015,4,0.15,94617.1,75985.92,18631.18,0.19691134055049245,8,August,2025Q3
O000160,2025-08-21,C0903,P0006,S002,6,0.0,11645.34,8834.1,2811.24,0.24140471639299493,8,August,2025Q3
O000478,2025-08-21,C0500,P0004,S003,8,0.0,68132.64,48743.68,19388.96,0.28457667279588755,8,August,2025Q3
O000516,2025-08-21,C0525,P0116,S016,6,0.1,66792.11,55223.52,11568.59,0.1732029426829007,8,August,2025Q3
O001739,2025-08-21,C0016,P0022,S004,7,0.05,178032.74,121489.34,56543.4,0.3176011333645711,8,August,2025Q3
O001767,2025-08-21,C0646,P0095,S017,2,0.2,60316.48,50633.66,9682.82,0.16053357225090056,8,August,2025Q3
O001925,2025-08-21,C0012,P0063,S021,7,0.1,12890.68,12769.68,121.0,0.009386626617059766,8,August,2025Q3
O002580,2025-08-21,C0180,P0091,S004,4,0.0,24798.08,17947.24,6850.84,0.27626493664025603,8,August,2025Q3
O002744,2025-08-21,C0357,P0039,S021,4,0.1,99061.92,88292.2,10769.72,0.10871705293012693,8,August,2025Q3
O003100,2025-08-21,C0122,P0019,S009,4,0.1,115710.62,97191.56,18519.06,0.16004632936890323,8,August,2025Q3
O003649,2025-08-21,C0735,P0021,S006,3,0.05,69579.33,59323.68,10255.65,0.14739506689702242,8,August,2025Q3
O003892,2025-08-21,C0140,P0109,S016,2,0.1,25104.56,23439.32,1665.24,0.06633217232247847,8,August,2025Q3
O005568,2025-08-21,C0132,P0018,S018,4,0.05,5989.41,4292.96,1696.45,0.28324158806960953,8,August,2025Q3
O005635,2025-08-21,C0103,P0064,S016,2,0.1,61875.9,49504.28,12371.62,0.19994246548333036,8,August,2025Q3
O005642,2025-08-21,C0783,P0107,S013,8,0.1,161799.05,141512.24,20286.81,0.12538275101120805,8,August,2025Q3
O005877,2025-08-21,C0103,P0038,S022,8,0.15,200277.61,160262.72,40014.89,0.1997971216053557,8,August,2025Q3
O000334,2025-08-20,C0459,P0051,S001,1,0.05,4060.02,3222.57,837.45,0.2062674568105576,8,August,2025Q3
O000972,2025-08-20,C0043,P0001,S015,5,0.2,24148.88,20476.55,3672.33,0.152070406577862,8,August,2025Q3
O002215,2025-08-20,C0770,P0013,S017,5,0.0,46091.1,30719.2,15371.9,0.33351124186665104,8,August,2025Q3
O002284,2025-08-20,C0455,P0050,S015,6,0.05,108907.11,89363.04,19544.07,0.17945632750699197,8,August,2025Q3
O002773,2025-08-20,C0570,P0090,S006,1,0.2,16675.43,18347.07,-1671.64,-0.10024569081576908,8,August,2025Q3
O002864,2025-08-20,C0282,P0043,S011,7,0.0,157045.91,134830.29,22215.62,0.14145939871977561,8,August,2025Q3
O003125,2025-08-20,C0105,P0032,S002,8,0.2,242468.35,203401.04,39067.31,0.16112333836560522,8,August,2025Q3
O003234,2025-08-20,C0439,P0113,S016,8,0.05,72118.15,54946.8,17171.35,0.2381002563155045,8,August,2025Q3
O003928,2025-08-20,C0176,P0021,S003,2,0.0,48827.6,39549.12,9278.48,0.1900253135521713,8,August,2025Q3
O004015,2025-08-20,C0004,P0066,S013,7,0.2,93748.37,100186.87,-6438.5,-0.06867852742399681,8,August,2025Q3
O004154,2025-08-20,C0741,P0001,S017,7,0.05,40147.51,28667.17,11480.34,0.2859539732352019,8,August,2025Q3
O004659,2025-08-20,C0471,P0016,S020,7,0.1,89767.31,73165.54,16601.77,0.18494226907322944,8,August,2025Q3
O004806,2025-08-20,C0357,P0085,S013,4,0.05,95897.52,75068.52,20829.0,0.2172006116529395,8,August,2025Q3
O004939,2025-08-20,C0569,P0088,S005,4,0.0,136634.16,93721.72,42912.44,0.3140681656768703,8,August,2025Q3
O005162,2025-08-20,C0219,P0110,S006,2,0.1,64794.24,51483.82,13310.42,0.20542597613615038,8,August,2025Q3
O005981,2025-08-20,C0276,P0088,S003,2,0.0,68317.08,46860.86,21456.22,0.3140681656768703,8,August,2025Q3
O000141,2025-08-19,C0337,P0079,S022,5,0.2,171247.0,145852.55,25394.45,0.1482913569288805,8,August,2025Q3
O000588,2025-08-19,C0422,P0031,S006,1,0.15,994.94,853.0,141.94,0.14266186905743058,8,August,2025Q3
O001076,2025-08-19,C0874,P0072,S001,6,0.0,177076.02,120663.66,56412.36,0.318577072152401,8,August,2025Q3
O001105,2025-08-19,C0169,P0033,S007,1,0.1,26796.02,21195.23,5600.79,0.20901574189002695,8,August,2025Q3
O001460,2025-08-19,C0655,P0075,S004,1,0.0,35071.62,26473.29,8598.33,0.2451648940083178,8,August,2025Q3
O001927,2025-08-19,C0515,P0048,S025,8,0.2,58590.85,62787.28,-4196.43,-0.07162261684204957,8,August,2025Q3
O002376,2025-08-19,C0399,P0100,S007,5,0.2,73939.84,77775.2,-3835.36,-0.05187135920229203,8,August,2025Q3
O002672,2025-08-19,C0245,P0051,S001,7,0.0,29915.97,22557.99,7357.98,0.24595491973016417,8,August,2025Q3
O003279,2025-08-19,C0698,P0018,S009,7,0.0,11033.12,7512.68,3520.44,0.31907928129123947,8,August,2025Q3
O003601,2025-08-19,C0292,P0029,S019,5,0.1,1502.06,1101.85,400.21,0.26644075469688294,8,August,2025Q3
O003724,2025-08-19,C0408,P0069,S023,7,0.0,45933.3,40321.19,5612.11,0.12217955165424647,8,August,2025Q3
O004105,2025-08-19,C0191,P0072,S017,5,0.0,147563.35,100553.05,47010.3,0.318577072152401,8,August,2025Q3
O004120,2025-08-19,C0060,P0095,S016,8,0.1,271424.16,202534.64,68889.52,0.25380761977857835,8,August,2025Q3
O004887,2025-08-19,C0594,P0080,S005,4,0.0,79204.36,51266.28,27938.08,0.35273411716223707,8,August,2025Q3
O004967,2025-08-19,C0563,P0034,S002,2,0.15,21889.37,20459.04,1430.33,0.06534358914852277,8,August,2025Q3
O005421,2025-08-19,C0452,P0069,S003,2,0.0,13123.8,11520.34,1603.46,0.12217955165424649,8,August,2025Q3
O005656,2025-08-19,C0371,P0038,S022,6,0.1,159043.99,120197.04,38846.95,0.24425286362596915,8,August,2025Q3
O005720,2025-08-19,C0862,P0001,S009,4,0.1,21733.99,16381.24,5352.75,0.24628473648879012,8,August,2025Q3
O005730,2025-08-19,C0242,P0098,S021,7,0.2,113206.52,93542.05,19664.47,0.1737043944112053,8,August,2025Q3
O000100,2025-08-18,C0182,P0088,S003,3,0.0,102475.62,70291.29,32184.33,0.3140681656768703,8,August,2025Q3
O000534,2025-08-18,C0392,P0087,S011,1,0.0,34747.8,22799.65,11948.15,0.3438534238138817,8,August,2025Q3
O000946,2025-08-18,C0153,P0111,S024,6,0.0,157806.78,117703.8,40102.98,0.2541271040445791,8,August,2025Q3
O001287,2025-08-18,C0988,P0022,S022,4,0.0,107087.36,69422.48,37664.88,0.3517210621309555,8,August,2025Q3
O001335,2025-08-18,C0645,P0092,S004,7,0.0,125771.52,83962.34,41809.18,0.33242168020232243,8,August,2025Q3
O001790,2025-08-18,C0420,P0029,S019,3,0.15,851.16,661.11,190.05,0.22328351896235726,8,August,2025Q3
O002252,2025-08-18,C0132,P0085,S023,4,0.0,100944.76,75068.52,25876.24,0.25634059657975317,8,August,2025Q3
O002317,2025-08-18,C0444,P0044,S002,5,0.2,46455.8,50344.1,-3888.3,-0.08369891380624163,8,August,2025Q3
O002401,2025-08-18,C0163,P0015,S025,5,0.0,149751.1,117505.45,32245.65,0.2153283014281698,8,August,2025Q3
O002440,2025-08-18,C0830,P0001,S021,1,0.15,5131.64,4095.31,1036.33,0.20194908450319973,8,August,2025Q3
O002923,2025-08-18,C0907,P0018,S024,7,0.1,9929.81,7512.68,2417.13,0.24342157604224052,8,August,2025Q3
O003679,2025-08-18,C0509,P0033,S020,3,0.1,80388.07,63585.69,16802.38,0.20901584028575385,8,August,2025Q3
O003748,2025-08-18,C0210,P0040,S020,3,0.05,1027.6,760.74,266.86,0.2596924873491631,8,August,2025Q3
O004106,2025-08-18,C0427,P0055,S009,3,0.0,95112.57,79981.05,15131.52,0.1590906438549605,8,August,2025Q3
O004332,2025-08-18,C0001,P0017,S025,5,0.0,46713.1,41294.9,5418.2,0.11598887678188774,8,August,2025Q3
O004808,2025-08-18,C0654,P0093,S003,8,0.0,271942.96,179386.72,92556.24,0.34035166786446686,8,August,2025Q3
O005321,2025-08-18,C0106,P0044,S013,8,0.05,88266.02,80550.56,7715.46,0.08741144100527021,8,August,2025Q3
O005641,2025-08-18,C0395,P0072,S009,2,0.15,50171.54,40221.22,9950.32,0.19832598321677986,8,August,2025Q3
O000062,2025-08-17,C0324,P0016,S016,1,0.0,14248.78,10452.22,3796.56,0.2664480748527242,8,August,2025Q3
O000146,2025-08-17,C0368,P0100,S010,8,0.15,125697.73,124440.32,1257.41,0.010003442385156837,8,August,2025Q3
O000252,2025-08-17,C0911,P0011,S013,5,0.1,52500.6,44970.65,7529.95,0.14342597989356312,8,August,2025Q3
O000525,2025-08-17,C0379,P0104,S006,5,0.2,31363.88,30667.35,696.53,0.022208030383995856,8,August,2025Q3
O000930,2025-08-17,C0080,P0048,S022,7,0.15,54471.18,54938.87,-467.69,-0.008586008234079012,8,August,2025Q3
O001094,2025-08-17,C0066,P0106,S013,4,0.15,52842.05,45198.04,7644.01,0.14465771104641095,8,August,2025Q3
O001200,2025-08-17,C0978,P0015,S016,4,0.0,119800.88,94004.36,25796.52,0.2153283014281698,8,August,2025Q3
O001355,2025-08-17,C0238,P0094,S024,7,0.05,99782.72,71878.87,27903.85,0.2796461150788433,8,August,2025Q3
O001543,2025-08-17,C0685,P0016,S017,4,0.15,48445.85,41808.88,6636.97,0.13699769949335186,8,August,2025Q3
O001782,2025-08-17,C0334,P0032,S022,7,0.0,265199.76,177975.91,87223.85,0.32889867622806296,8,August,2025Q3
O001936,2025-08-17,C0333,P0039,S021,1,0.15,23389.62,22073.05,1316.57,0.05628864427895793,8,August,2025Q3
O002015,2025-08-17,C0581,P0067,S008,4,0.05,78841.94,59100.36,19741.58,0.25039439668785424,8,August,2025Q3
O002060,2025-08-17,C0766,P0114,S007,3,0.05,115479.63,87051.99,28427.64,0.24617016871287167,8,August,2025Q3
O002346,2025-08-17,C0013,P0096,S022,2,0.05,12294.25,8409.38,3884.87,0.31599080871138946,8,August,2025Q3
O003364,2025-08-17,C0836,P0057,S009,1,0.1,40016.4,29561.23,10455.17,0.26127212842734476,8,August,2025Q3
O003771,2025-08-17,C0808,P0048,S001,1,0.0,9154.82,7848.41,1306.41,0.1427018772624694,8,August,2025Q3
O003940,2025-08-17,C0817,P0108,S016,3,0.1,86107.29,67557.12,18550.17,0.21543088860420528,8,August,2025Q3
O004107,2025-08-17,C0669,P0115,S013,4,0.0,134778.84,102309.08,32469.76,0.24091140716153958,8,August,2025Q3
O004138,2025-08-17,C0909,P0100,S002,6,0.2,88727.81,93330.24,-4602.43,-0.05187133549222054,8,August,2025Q3
O005079,2025-08-17,C0575,P0107,S016,6,0.2,107866.03,106134.18,1731.85,0.016055564481236587,8,August,2025Q3
O005332,2025-08-17,C0128,P0039,S002,3,0.05,78424.02,66219.15,12204.87,0.15562668172327815,8,August,2025Q3
O005359,2025-08-17,C0768,P0059,S009,1,0.0,2267.17,1795.96,471.21,0.20784061186413016,8,August,2025Q3
O005461,2025-08-17,C0925,P0113,S003,1,0.0,9489.23,6868.35,2620.88,0.2761952234269799,8,August,2025Q3
O000061,2025-08-16,C0821,P0074,S015,2,0.1,30807.02,25350.48,5456.54,0.1771200200473788,8,August,2025Q3
O000257,2025-08-16,C0800,P0111,S012,8,0.1,189368.14,156938.4,32429.74,0.17125235533284533,8,August,2025Q3
O000599,2025-08-16,C0607,P0075,S011,7,0.0,245501.34,185313.03,60188.31,0.24516489400831784,8,August,2025Q3
O000665,2025-08-16,C0760,P0054,S015,5,0.0,46494.15,39908.05,6586.1,0.14165438017471016,8,August,2025Q3
O000796,2025-08-16,C0811,P0083,S005,1,0.1,13668.71,11765.35,1903.36,0.13924942441532523,8,August,2025Q3
O001060,2025-08-16,C0532,P0046,S008,1,0.1,26019.79,20166.73,5853.06,0.22494647343425908,8,August,2025Q3
O001195,2025-08-16,C0240,P0078,S016,7,0.2,30635.92,26490.8,4145.12,0.1353026120971722,8,August,2025Q3
O001473,2025-08-16,C0516,P0075,S002,5,0.1,157822.29,132366.45,25455.84,0.1612943266759087,8,August,2025Q3
O001697,2025-08-16,C0046,P0029,S007,7,0.0,2336.53,1542.59,793.94,0.33979448156026243,8,August,2025Q3
O001957,2025-08-16,C0156,P0060,S024,8,0.0,240050.64,167811.68,72238.96,0.3009321699788011,8,August,2025Q3
O002143,2025-08-16,C0146,P0087,S009,6,0.0,208486.8,136797.9,71688.9,0.34385342381388173,8,August,2025Q3
O002387,2025-08-16,C0777,P0041,S004,5,0.1,166897.98,127762.8,39135.18,0.2344856420670879,8,August,2025Q3
O002551,2025-08-16,C0454,P0020,S024,7,0.15,274570.25,209917.75,64652.5,0.23546797222204519,8,August,2025Q3
O003183,2025-08-16,C0012,P0020,S018,6,0.0,276877.56,179929.5,96948.06,0.35014776928834535,8,August,2025Q3
O003422,2025-08-16,C0118,P0012,S012,3,0.0,7505.76,6051.54,1454.22,0.19374720214874977,8,August,2025Q3
O003821,2025-08-16,C0709,P0040,S014,6,0.2,1730.69,1521.48,209.21,0.12088242261756872,8,August,2025Q3
O003851,2025-08-16,C0480,P0074,S002,6,0.05,97555.56,76051.44,21504.12,0.22042946603965985,8,August,2025Q3
O004406,2025-08-16,C0547,P0070,S001,3,0.1,32163.94,24148.02,8015.92,0.2492207111442193,8,August,2025Q3
O004531,2025-08-16,C0639,P0035,S019,7,0.0,291072.46,199297.49,91774.97,0.31529939314767186,8,August,2025Q3
O004580,2025-08-16,C0198,P0090,S001,7,0.1,131319.03,128429.49,2889.54,0.02200397002627875,8,August,2025Q3
O004593,2025-08-16,C0431,P0064,S011,6,0.0,206253.0,148512.84,57740.16,0.27994821893499733,8,August,2025Q3
O004940,2025-08-16,C0661,P0094,S005,1,0.15,12754.18,10268.41,2485.77,0.19489845681964657,8,August,2025Q3
O005354,2025-08-16,C0552,P0041,S023,1,0.15,31525.17,25552.56,5972.61,0.18945528287397023,8,August,2025Q3
O005363,2025-08-16,C0360,P0026,S010,2,0.0,13550.5,8869.3,4681.2,0.34546326703811664,8,August,2025Q3
O005668,2025-08-16,C0072,P0086,S003,1,0.1,13370.59,12550.38,820.21,0.06134433858191748,8,August,2025Q3
O000216,2025-08-15,C0990,P0049,S019,8,0.0,134327.76,93607.44,40720.32,0.3031415099901911,8,August,2025Q3
O000291,2025-08-15,C0254,P0095,S002,4,0.1,135712.08,101267.32,34444.76,0.25380761977857835,8,August,2025Q3
O000422,2025-08-15,C0082,P0077,S020,1,0.0,39582.37,27033.56,12548.81,0.3170302839370154,8,August,2025Q3
O000655,2025-08-15,C0347,P0089,S004,8,0.0,260149.2,210889.84,49259.36,0.18935041891345428,8,August,2025Q3
O000694,2025-08-15,C0912,P0077,S017,6,0.0,237494.22,162201.36,75292.86,0.3170302839370154,8,August,2025Q3
O001788,2025-08-15,C0436,P0052,S009,1,0.05,26355.21,22795.66,3559.55,0.13506058194945136,8,August,2025Q3
O001856,2025-08-15,C0370,P0068,S007,1,0.15,16736.27,16414.96,321.31,0.01919842354359723,8,August,2025Q3
O002025,2025-08-15,C0797,P0083,S007,8,0.0,121499.6,94122.8,27376.8,0.22532419859818467,8,August,2025Q3
O002033,2025-08-15,C0351,P0082,S022,3,0.0,41812.86,29185.59,12627.27,0.3019948886538735,8,August,2025Q3
O002799,2025-08-15,C0074,P0055,S024,2,0.2,50726.7,53320.7,-2594.0,-0.051136778067566,8,August,2025Q3
O002922,2025-08-15,C0614,P0037,S013,3,0.0,110891.88,80130.27,30761.61,0.2774018259948339,8,August,2025Q3
O003114,2025-08-15,C0605,P0087,S025,6,0.05,198062.46,136797.9,61264.56,0.30931939348829657,8,August,2025Q3
O004615,2025-08-15,C0242,P0095,S004,3,0.2,90474.72,75950.49,14524.23,0.16053357225090056,8,August,2025Q3
O005903,2025-08-15,C0110,P0074,S023,7,0.0,119805.07,88726.68,31078.39,0.2594079699632077,8,August,2025Q3
O000052,2025-08-14,C0048,P0009,S009,6,0.0,202582.38,163604.82,38977.56,0.19240350518144764,8,August,2025Q3
O000780,2025-08-14,C0419,P0033,S019,1,0.1,26796.02,21195.23,5600.79,0.20901574189002695,8,August,2025Q3
O001040,2025-08-14,C0200,P0081,S019,6,0.0,249468.72,179511.72,69957.0,0.28042393451170955,8,August,2025Q3
O001180,2025-08-14,C0642,P0117,S020,2,0.2,31660.02,35235.44,-3575.42,-0.11293170377024399,8,August,2025Q3
O001712,2025-08-14,C0185,P0034,S025,5,0.05,61161.48,51147.6,10013.88,0.16372854286717717,8,August,2025Q3
O001846,2025-08-14,C0436,P0086,S016,6,0.05,84680.4,75302.28,9378.12,0.1107472331259654,8,August,2025Q3
O002001,2025-08-14,C0690,P0038,S005,3,0.0,88357.77,60098.52,28259.25,0.31982756015684866,8,August,2025Q3
O002030,2025-08-14,C0115,P0097,S006,8,0.0,85526.8,65829.76,19697.04,0.23030254844095652,8,August,2025Q3
O002107,2025-08-14,C0138,P0110,S020,1,0.05,34196.96,25741.91,8455.05,0.24724566160266875,8,August,2025Q3
O003164,2025-08-14,C0996,P0065,S012,8,0.0,29888.24,24721.68,5166.56,0.172862637612653,8,August,2025Q3
O003344,2025-08-14,C0055,P0106,S019,3,0.0,46625.34,33898.53,12726.81,0.27295908190696305,8,August,2025Q3
O003655,2025-08-14,C0158,P0101,S022,8,0.2,115400.9,122420.0,-7019.1,-0.06082361576036236,8,August,2025Q3
O004008,2025-08-14,C0430,P0029,S021,5,0.1,1502.06,1101.85,400.21,0.26644075469688294,8,August,2025Q3
O004569,2025-08-14,C0681,P0059,S016,5,0.15,9635.47,8979.8,655.67,0.06804753686120138,8,August,2025Q3
O004922,2025-08-14,C0524,P0038,S019,7,0.0,206168.13,140229.88,65938.25,0.31982756015684866,8,August,2025Q3
O005527,2025-08-14,C0456,P0056,S012,7,0.05,289583.76,197866.62,91717.14,0.31672059234260924,8,August,2025Q3
O005992,2025-08-14,C0236,P0092,S014,6,0.05,102413.95,71967.72,30446.23,0.29728596543732566,8,August,2025Q3
O000306,2025-08-13,C0573,P0038,S018,8,0.0,235620.72,160262.72,75358.0,0.31982756015684866,8,August,2025Q3
O000566,2025-08-13,C0753,P0025,S005,1,0.0,1478.89,1040.56,438.33,0.296391212328165,8,August,2025Q3
O000901,2025-08-13,C0993,P0054,S025,1,0.0,9298.83,7981.61,1317.22,0.14165438017471016,8,August,2025Q3
O001301,2025-08-13,C0673,P0108,S015,3,0.0,95674.77,67557.12,28117.65,0.2938878243449135,8,August,2025Q3
O001340,2025-08-13,C0769,P0066,S013,7,0.1,105466.91,100186.87,5280.04,0.05006347488515592,8,August,2025Q3
O001823,2025-08-13,C0891,P0015,S002,7,0.1,188686.39,164507.63,24178.76,0.1281425756250888,8,August,2025Q3
O001896,2025-08-13,C0829,P0079,S015,7,0.2,239745.8,204193.57,35552.23,0.1482913569288805,8,August,2025Q3
O002197,2025-08-13,C0510,P0076,S014,2,0.0,77359.48,54205.52,23153.96,0.29930345964062843,8,August,2025Q3
O002593,2025-08-13,C0259,P0063,S013,8,0.2,13095.3,14593.92,-1498.62,-0.11443953174039541,8,August,2025Q3
O003445,2025-08-13,C0510,P0046,S005,2,0.0,57821.76,40333.46,17488.3,0.30245187970757026,8,August,2025Q3
O003514,2025-08-13,C0955,P0069,S003,1,0.05,6233.8,5760.17,473.63,0.07597773428727261,8,August,2025Q3
O004636,2025-08-13,C0240,P0014,S017,7,0.15,165579.93,132975.36,32604.57,0.19691136480127755,8,August,2025Q3
O005203,2025-08-13,C0457,P0094,S022,2,0.2,24007.87,20536.82,3471.05,0.14457967324881385,8,August,2025Q3
O005257,2025-08-13,C0829,P0035,S003,3,0.05,118508.07,85413.21,33094.86,0.2792625008575365,8,August,2025Q3
O000504,2025-08-12,C0999,P0018,S003,3,0.2,3782.78,3219.72,563.06,0.14884820158719247,8,August,2025Q3
O000558,2025-08-12,C0414,P0109,S024,2,0.15,23709.87,23439.32,270.55,0.01141085969682668,8,August,2025Q3
O001161,2025-08-12,C0981,P0033,S025,6,0.15,151844.14,127171.38,24672.76,0.16248740320173038,8,August,2025Q3
O001907,2025-08-12,C0093,P0093,S008,3,0.2,81582.89,67270.02,14312.87,0.1754396050446362,8,August,2025Q3
O002128,2025-08-12,C0567,P0011,S017,3,0.1,31500.36,26982.39,4517.97,0.14342597989356312,8,August,2025Q3
O002491,2025-08-12,C0571,P0090,S014,2,0.0,41688.58,36694.14,4994.44,0.1198035529154507,8,August,2025Q3
O003134,2025-08-12,C0911,P0051,S014,3,0.0,12821.13,9667.71,3153.42,0.2459549197301642,8,August,2025Q3
O003325,2025-08-12,C0273,P0023,S006,3,0.15,110682.95,84207.42,26475.53,0.23920152110148854,8,August,2025Q3
O003959,2025-08-12,C0277,P0058,S002,3,0.0,101057.16,84854.34,16202.82,0.1603332213175197,8,August,2025Q3
O004070,2025-08-12,C0635,P0089,S004,4,0.15,110563.41,105444.92,5118.49,0.046294610486416796,8,August,2025Q3
O004570,2025-08-12,C0472,P0047,S020,6,0.0,3917.94,3237.54,680.4,0.1736626900871376,8,August,2025Q3
O004723,2025-08-12,C0769,P0059,S021,8,0.2,14509.89,14367.68,142.21,0.009800901316274625,8,August,2025Q3
O004911,2025-08-12,C0353,P0077,S022,7,0.1,249368.93,189234.92,60134.01,0.2411447568869145,8,August,2025Q3
O005144,2025-08-12,C0763,P0064,S002,5,0.05,163283.62,123760.7,39522.92,0.24205073356408927,8,August,2025Q3
O005507,2025-08-12,C0497,P0110,S009,7,0.2,201582.08,180193.37,21388.71,0.10610422315316917,8,August,2025Q3
O001202,2025-08-11,C0733,P0004,S006,6,0.1,45989.53,36557.76,9431.77,0.20508515742604894,8,August,2025Q3
O001232,2025-08-11,C0994,P0020,S021,7,0.0,323023.82,209917.75,113106.07,0.3501477692883454,8,August,2025Q3
O001775,2025-08-11,C0069,P0063,S018,4,0.2,6547.65,7296.96,-749.31,-0.11443953174039541,8,August,2025Q3
O001826,2025-08-11,C0302,P0093,S022,5,0.15,144469.7,112116.7,32353.0,0.22394315209348395,8,August,2025Q3
O002239,2025-08-11,C0757,P0066,S017,3,0.15,42688.99,42937.23,-248.24,-0.005815082530647833,8,August,2025Q3
O002360,2025-08-11,C0971,P0110,S006,8,0.2,230379.52,205935.28,24444.24,0.10610422315316918,8,August,2025Q3
O002441,2025-08-11,C0573,P0090,S016,4,0.2,66701.73,73388.28,-6686.55,-0.10024552586567095,8,August,2025Q3
O002784,2025-08-11,C0235,P0090,S006,5,0.2,83377.16,91735.35,-8358.19,-0.10024555885568662,8,August,2025Q3
O003117,2025-08-11,C0003,P0015,S002,1,0.0,29950.22,23501.09,6449.13,0.2153283014281698,8,August,2025Q3
O003563,2025-08-11,C1000,P0021,S022,1,0.0,24413.8,19774.56,4639.24,0.1900253135521713,8,August,2025Q3
O003597,2025-08-11,C0254,P0039,S011,5,0.05,130706.7,110365.25,20341.45,0.15562668172327815,8,August,2025Q3
O003706,2025-08-11,C0742,P0017,S007,5,0.2,37370.48,41294.9,-3924.42,-0.10501390402264033,8,August,2025Q3
O004733,2025-08-11,C0737,P0041,S022,4,0.05,140936.07,102210.24,38725.83,0.2747758611404447,8,August,2025Q3
O005662,2025-08-11,C0389,P0093,S019,3,0.2,81582.89,67270.02,14312.87,0.1754396050446362,8,August,2025Q3
O001062,2025-08-10,C0419,P0048,S016,6,0.05,52182.47,47090.46,5092.01,0.0975808542600609,8,August,2025Q3
O002292,2025-08-10,C0185,P0057,S001,4,0.1,160065.61,118244.92,41820.69,0.2612721745789118,8,August,2025Q3
O002333,2025-08-10,C0811,P0088,S008,4,0.0,136634.16,93721.72,42912.44,0.3140681656768703,8,August,2025Q3
O002780,2025-08-10,C0158,P0089,S003,3,0.1,87800.36,79083.69,8716.67,0.0992782945309108,8,August,2025Q3
O003301,2025-08-10,C0996,P0115,S022,7,0.1,212276.67,179040.89,33235.78,0.15656821825968908,8,August,2025Q3
O003311,2025-08-10,C0572,P0072,S017,2,0.1,53122.81,40221.22,12901.59,0.24286347051294915,8,August,2025Q3
O003612,2025-08-10,C0869,P0039,S013,2,0.0,55034.4,44146.1,10888.3,0.19784534763711423,8,August,2025Q3
O003961,2025-08-10,C0192,P0019,S023,1,0.0,32141.84,24297.89,7843.95,0.2440417225647318,8,August,2025Q3
O005062,2025-08-10,C0446,P0057,S017,1,0.15,37793.27,29561.23,8232.04,0.21781761673440805,8,August,2025Q3
O005766,2025-08-10,C0454,P0047,S009,4,0.15,2220.17,2158.36,61.81,0.02784021043433611,8,August,2025Q3
O005794,2025-08-10,C0244,P0041,S005,1,0.0,37088.44,25552.56,11535.88,0.3110370778603791,8,August,2025Q3
O000332,2025-08-09,C0846,P0093,S011,4,0.15,115575.76,89693.36,25882.4,0.22394315209348398,8,August,2025Q3
O000732,2025-08-09,C0902,P0118,S004,7,0.1,169685.27,136435.6,33249.67,0.19594906499544715,8,August,2025Q3
O001176,2025-08-09,C0175,P0023,S012,3,0.2,104172.19,84207.42,19964.77,0.1916516298639781,8,August,2025Q3
O001558,2025-08-09,C0218,P0020,S013,7,0.15,274570.25,209917.75,64652.5,0.23546797222204519,8,August,2025Q3
O002541,2025-08-09,C0247,P0030,S008,5,0.15,52646.07,51773.1,872.97,0.01658186451524302,8,August,2025Q3
O002963,2025-08-09,C0639,P0078,S018,5,0.15,23250.48,18922.0,4328.48,0.18616733934095123,8,August,2025Q3
O003618,2025-08-09,C0995,P0104,S003,4,0.0,31363.88,24533.88,6830.0,0.21776642430719667,8,August,2025Q3
O003829,2025-08-09,C0269,P0116,S011,1,0.15,10513.57,9203.92,1309.65,0.1245675826574608,8,August,2025Q3
O003948,2025-08-09,C0554,P0113,S013,5,0.2,37956.92,34341.75,3615.17,0.09524402928372482,8,August,2025Q3
O004540,2025-08-09,C0282,P0001,S001,1,0.1,5433.5,4095.31,1338.19,0.246285083279654,8,August,2025Q3
O000143,2025-08-08,C0173,P0001,S011,4,0.0,24148.88,16381.24,7767.64,0.3216563252622896,8,August,2025Q3
O001049,2025-08-08,C0652,P0032,S002,4,0.15,128811.31,101700.52,27110.79,0.21046901859782344,8,August,2025Q3
O001075,2025-08-08,C0789,P0090,S014,4,0.1,75039.44,73388.28,1651.16,0.02200389555145934,8,August,2025Q3
O001135,2025-08-08,C0776,P0032,S020,2,0.0,75771.36,50850.26,24921.1,0.3288986762280629,8,August,2025Q3
O001277,2025-08-08,C0534,P0092,S008,5,0.2,71869.44,59973.1,11896.34,0.16552710025290304,8,August,2025Q3
O001314,2025-08-08,C0204,P0061,S023,2,0.2,39704.26,39771.64,-67.38,-0.0016970471178659415,8,August,2025Q3
O002632,2025-08-08,C0505,P0115,S003,3,0.0,101084.13,76731.81,24352.32,0.24091140716153958,8,August,2025Q3
O003131,2025-08-08,C0611,P0033,S016,1,0.0,29773.36,21195.23,8578.13,0.2881142739684066,8,August,2025Q3
O003559,2025-08-08,C0279,P0003,S019,2,0.15,19767.26,15825.72,3941.54,0.19939738739714055,8,August,2025Q3
O003641,2025-08-08,C0803,P0059,S012,1,0.1,2040.45,1795.96,244.49,0.11982160797863217,8,August,2025Q3
O004150,2025-08-08,C0061,P0017,S014,7,0.1,58858.51,57812.86,1045.65,0.0177654853987979,8,August,2025Q3
O004700,2025-08-08,C0842,P0075,S022,4,0.0,140286.48,105893.16,34393.32,0.2451648940083178,8,August,2025Q3
O004895,2025-08-08,C0349,P0008,S012,3,0.2,36305.18,34816.02,1489.16,0.04101783822583995,8,August,2025Q3
O004917,2025-08-08,C0403,P0038,S006,7,0.1,185551.32,140229.88,45321.44,0.24425285683766626,8,August,2025Q3
O005099,2025-08-08,C0918,P0071,S018,7,0.05,44400.79,32925.83,11474.96,0.2584404466677282,8,August,2025Q3
O005611,2025-08-08,C0479,P0039,S004,2,0.1,49530.96,44146.1,5384.86,0.10871705293012693,8,August,2025Q3
O000855,2025-08-07,C0303,P0073,S002,2,0.0,16001.0,13959.76,2041.24,0.12756952690456846,8,August,2025Q3
O001372,2025-08-07,C0395,P0019,S012,5,0.0,160709.2,121489.45,39219.75,0.2440417225647318,8,August,2025Q3
O001659,2025-08-07,C0641,P0049,S003,2,0.0,33581.94,23401.86,10180.08,0.3031415099901911,8,August,2025Q3
O001900,2025-08-07,C0793,P0035,S019,7,0.15,247411.59,199297.49,48114.1,0.1944698710355485,8,August,2025Q3
O002342,2025-08-07,C0257,P0106,S012,4,0.15,52842.05,45198.04,7644.01,0.14465771104641095,8,August,2025Q3
O002682,2025-08-07,C0209,P0094,S006,6,0.0,90029.52,61610.46,28419.06,0.31566379560837377,8,August,2025Q3
O002797,2025-08-07,C0503,P0109,S007,3,0.0,41840.94,35158.98,6681.96,0.1596990889784025,8,August,2025Q3
O003175,2025-08-07,C0046,P0064,S018,4,0.0,137502.0,99008.56,38493.44,0.27994821893499733,8,August,2025Q3
O003343,2025-08-07,C0083,P0096,S002,6,0.0,38823.96,25228.14,13595.82,0.35019147969449793,8,August,2025Q3
O003585,2025-08-07,C0708,P0005,S009,6,0.0,240730.8,163027.92,77702.88,0.32277913752623266,8,August,2025Q3
O003642,2025-08-07,C0146,P0100,S016,6,0.05,105364.27,93330.24,12034.03,0.11421357543691045,8,August,2025Q3
O003680,2025-08-07,C0650,P0085,S007,3,0.15,64352.28,56301.39,8050.89,0.12510652303228417,8,August,2025Q3
O004629,2025-08-07,C0525,P0038,S009,7,0.1,185551.32,140229.88,45321.44,0.24425285683766626,8,August,2025Q3
O004631,2025-08-07,C0977,P0039,S001,2,0.1,49530.96,44146.1,5384.86,0.10871705293012693,8,August,2025Q3
O004990,2025-08-07,C0110,P0031,S001,8,0.0,9364.16,6824.0,2540.16,0.2712640535830229,8,August,2025Q3
O005246,2025-08-07,C0506,P0045,S007,3,0.0,23424.45,15609.15,7815.3,0.33363856995575136,8,August,2025Q3
O005696,2025-08-07,C0009,P0031,S007,3,0.15,2984.83,2559.0,425.83,0.14266474137555574,8,August,2025Q3
O005888,2025-08-07,C0778,P0104,S015,6,0.0,47045.82,36800.82,10245.0,0.2177664243071967,8,August,2025Q3
O000118,2025-08-06,C0856,P0014,S007,7,0.2,155839.94,132975.36,22864.58,0.14671835730942917,8,August,2025Q3
O000666,2025-08-06,C0747,P0115,S014,3,0.15,85921.51,76731.81,9189.7,0.10695459146376736,8,August,2025Q3
O000710,2025-08-06,C0220,P0066,S008,7,0.0,117185.46,100186.87,16998.59,0.14505715982170483,8,August,2025Q3
O001079,2025-08-06,C0703,P0097,S013,5,0.05,50781.54,41143.6,9637.94,0.18979219614056606,8,August,2025Q3
O001285,2025-08-06,C0720,P0069,S024,6,0.0,39371.4,34561.02,4810.38,0.12217955165424649,8,August,2025Q3
O001395,2025-08-06,C0381,P0007,S023,2,0.2,30022.82,26216.12,3806.7,0.126793552371163,8,August,2025Q3
O001806,2025-08-06,C0525,P0096,S001,5,0.05,30735.64,21023.45,9712.19,0.31599114253030036,8,August,2025Q3
O001821,2025-08-06,C0717,P0010,S013,3,0.0,5125.86,3697.65,1428.21,0.2786283667521158,8,August,2025Q3
O001854,2025-08-06,C0219,P0079,S018,4,0.1,154122.3,116682.04,37440.26,0.24292565060344937,8,August,2025Q3
O001929,2025-08-06,C0545,P0098,S013,2,0.0,40430.9,26726.3,13704.6,0.33896351552896425,8,August,2025Q3
O001934,2025-08-06,C0346,P0087,S010,1,0.15,29535.63,22799.65,6735.98,0.2280628515457432,8,August,2025Q3
O002756,2025-08-06,C0258,P0090,S009,4,0.2,66701.73,73388.28,-6686.55,-0.10024552586567095,8,August,2025Q3
O002787,2025-08-06,C0177,P0079,S015,5,0.05,203355.81,145852.55,57503.26,0.28277166017533506,8,August,2025Q3
O003800,2025-08-06,C0791,P0035,S018,4,0.15,141378.05,113884.28,27493.77,0.1944698628959729,8,August,2025Q3
O003824,2025-08-06,C0703,P0062,S007,5,0.05,76722.66,59542.45,17180.21,0.2239261516740947,8,August,2025Q3
O004132,2025-08-06,C0979,P0075,S001,4,0.15,119243.51,105893.16,13350.35,0.11195871372790017,8,August,2025Q3
O004183,2025-08-06,C0124,P0058,S025,4,0.0,134742.88,113139.12,21603.76,0.1603332213175197,8,August,2025Q3
O005045,2025-08-06,C0091,P0032,S025,7,0.1,238679.78,177975.91,60703.87,0.25433184997908076,8,August,2025Q3
O005180,2025-08-06,C0555,P0065,S004,1,0.0,3736.03,3090.21,645.82,0.172862637612653,8,August,2025Q3
O005379,2025-08-06,C0946,P0012,S017,7,0.15,14886.42,14120.26,766.16,0.051467041773643356,8,August,2025Q3
O005456,2025-08-06,C0714,P0117,S020,4,0.0,79150.04,70470.88,8679.16,0.10965452449550248,8,August,2025Q3
O005686,2025-08-06,C0564,P0068,S021,8,0.15,133890.16,131319.68,2570.48,0.01919842354359723,8,August,2025Q3
O005821,2025-08-06,C0312,P0046,S014,1,0.05,27465.34,20166.73,7298.61,0.26573892768121565,8,August,2025Q3
O000232,2025-08-05,C0490,P0070,S002,6,0.1,64327.88,48296.04,16031.84,0.2492207111442193,8,August,2025Q3
O000747,2025-08-05,C0582,P0066,S014,5,0.0,83703.9,71562.05,12141.85,0.14505715982170486,8,August,2025Q3
O000782,2025-08-05,C0487,P0088,S008,5,0.0,170792.7,117152.15,53640.55,0.31406816567687024,8,August,2025Q3
O001212,2025-08-05,C0328,P0099,S012,3,0.15,50092.58,43910.76,6181.82,0.12340789793618136,8,August,2025Q3
O001289,2025-08-05,C0508,P0049,S006,6,0.0,100745.82,70205.58,30540.24,0.3031415099901911,8,August,2025Q3
O001512,2025-08-05,C0611,P0096,S009,6,0.15,33000.37,25228.14,7772.23,0.23551948053915756,8,August,2025Q3
O003113,2025-08-05,C0915,P0101,S010,2,0.05,34259.64,30605.0,3654.64,0.10667479284662652,8,August,2025Q3
O004095,2025-08-05,C0792,P0060,S015,3,0.0,90018.99,62929.38,27089.61,0.3009321699788011,8,August,2025Q3
O004237,2025-08-05,C0880,P0089,S007,5,0.15,138204.26,131806.15,6398.11,0.04629459323468031,8,August,2025Q3
O004291,2025-08-05,C0843,P0107,S010,5,0.0,112360.45,88445.15,23915.3,0.21284446618004824,8,August,2025Q3
O004454,2025-08-05,C0032,P0058,S001,5,0.1,151585.74,141423.9,10161.84,0.06703691257502191,8,August,2025Q3
O005799,2025-08-05,C0025,P0117,S017,1,0.2,15830.01,17617.72,-1787.71,-0.11293170377024399,8,August,2025Q3
O000794,2025-08-04,C0617,P0094,S018,6,0.1,81026.57,61610.46,19416.11,0.23962645833335902,8,August,2025Q3
O000940,2025-08-04,C0050,P0120,S010,5,0.0,61265.85,49445.4,11820.45,0.19293701140194744,8,August,2025Q3
O001306,2025-08-04,C0501,P0071,S016,3,0.05,19028.91,14111.07,4917.84,0.2584404466677282,8,August,2025Q3
O001955,2025-08-04,C0651,P0077,S011,7,0.1,249368.93,189234.92,60134.01,0.2411447568869145,8,August,2025Q3
O002136,2025-08-04,C0916,P0061,S015,6,0.0,148890.96,119314.92,29576.04,0.19864228157303843,8,August,2025Q3
O002715,2025-08-04,C0096,P0085,S011,5,0.2,100944.76,93835.65,7109.11,0.0704257457246914,8,August,2025Q3
O003216,2025-08-04,C0322,P0032,S014,3,0.0,113657.04,76275.39,37381.65,0.32889867622806296,8,August,2025Q3
O003441,2025-08-04,C0998,P0047,S019,4,0.2,2089.57,2158.36,-68.79,-0.03292064874591423,8,August,2025Q3
O003581,2025-08-04,C0992,P0072,S015,7,0.05,196259.26,140774.27,55484.99,0.282712723975419,8,August,2025Q3
O004850,2025-08-04,C0471,P0031,S008,8,0.05,8895.95,6824.0,2071.95,0.2329093576290334,8,August,2025Q3
O005217,2025-08-04,C0213,P0114,S014,5,0.1,182336.26,145086.65,37249.61,0.20429074282866172,8,August,2025Q3
O005259,2025-08-04,C0920,P0023,S004,3,0.2,104172.19,84207.42,19964.77,0.1916516298639781,8,August,2025Q3
O005362,2025-08-04,C0479,P0046,S003,5,0.15,122871.24,100833.65,22037.59,0.17935515259714152,8,August,2025Q3
O005605,2025-08-04,C0670,P0062,S023,2,0.2,25843.42,23816.98,2026.44,0.07841222253091891,8,August,2025Q3
O005813,2025-08-04,C0290,P0003,S015,4,0.2,37208.96,31651.44,5557.52,0.14935972410946183,8,August,2025Q3
O000683,2025-08-03,C0652,P0117,S012,1,0.05,18798.13,17617.72,1180.41,0.06279401195757238,8,August,2025Q3
O001322,2025-08-03,C0253,P0041,S002,3,0.0,111265.32,76657.68,34607.64,0.3110370778603791,8,August,2025Q3
O001334,2025-08-03,C0564,P0092,S009,6,0.05,102413.95,71967.72,30446.23,0.29728596543732566,8,August,2025Q3
O001499,2025-08-03,C0385,P0114,S011,8,0.0,324153.36,232138.64,92014.72,0.2838616881836425,8,August,2025Q3
O002453,2025-08-03,C0902,P0015,S017,1,0.15,25457.69,23501.09,1956.6,0.07685693399518967,8,August,2025Q3
O003996,2025-08-03,C0961,P0009,S021,3,0.2,81032.95,81802.41,-769.46,-0.009495643438872707,8,August,2025Q3
O004853,2025-08-03,C0680,P0072,S003,5,0.15,125428.85,100553.05,24875.8,0.19832598321677986,8,August,2025Q3
O005322,2025-08-03,C0443,P0094,S011,1,0.2,12003.94,10268.41,1735.53,0.14458002955696211,8,August,2025Q3
O005402,2025-08-03,C0791,P0041,S018,2,0.05,70468.04,51105.12,19362.92,0.2747759125981083,8,August,2025Q3
O005948,2025-08-03,C0072,P0078,S005,3,0.0,16412.1,11353.2,5058.9,0.30824208967773775,8,August,2025Q3
O000049,2025-08-02,C0934,P0076,S016,8,0.0,309437.92,216822.08,92615.84,0.29930345964062843,8,August,2025Q3
O000639,2025-08-02,C0993,P0088,S018,3,0.1,92228.06,70291.29,21936.77,0.23785353394617648,8,August,2025Q3
O000933,2025-08-02,C0844,P0021,S005,3,0.1,65917.26,59323.68,6593.58,0.10002812616907925,8,August,2025Q3
O003379,2025-08-02,C0778,P0104,S023,1,0.0,7840.97,6133.47,1707.5,0.21776642430719667,8,August,2025Q3
O004515,2025-08-02,C0794,P0112,S014,5,0.0,191319.1,136815.8,54503.3,0.28488164537675537,8,August,2025Q3
O004730,2025-08-02,C0427,P0039,S004,5,0.1,123827.4,110365.25,13462.15,0.10871705293012694,8,August,2025Q3
O004929,2025-08-02,C0729,P0064,S006,4,0.2,110001.6,99008.56,10993.04,0.09993527366874663,8,August,2025Q3
O005236,2025-08-02,C0365,P0067,S024,2,0.15,35271.4,29550.18,5721.22,0.16220563969675147,8,August,2025Q3
O005517,2025-08-02,C0267,P0028,S020,6,0.1,46759.09,42793.08,3966.01,0.08481794662813157,8,August,2025Q3
O005606,2025-08-02,C0190,P0013,S016,3,0.0,27654.66,18431.52,9223.14,0.33351124186665104,8,August,2025Q3
O005801,2025-08-02,C0751,P0013,S002,4,0.15,31341.95,24575.36,6766.59,0.2158956287021069,8,August,2025Q3
O005856,2025-08-02,C0085,P0042,S005,8,0.1,50911.13,45008.32,5902.81,0.11594340962378955,8,August,2025Q3
O000074,2025-08-01,C0048,P0119,S021,2,0.1,7066.84,6843.04,223.8,0.031669034533115224,8,August,2025Q3
O000505,2025-08-01,C0881,P0059,S023,7,0.15,13489.66,12571.72,917.94,0.06804767503406313,8,August,2025Q3
O000759,2025-08-01,C0412,P0033,S020,8,0.2,190549.5,169561.84,20987.66,0.1101428237806974,8,August,2025Q3
O001140,2025-08-01,C0664,P0105,S010,1,0.0,18246.87,12028.88,6217.99,0.3407702252495908,8,August,2025Q3
O001158,2025-08-01,C0963,P0051,S024,6,0.1,23078.03,19335.42,3742.61,0.1621719878169844,8,August,2025Q3
O001371,2025-08-01,C0146,P0001,S008,1,0.0,6037.22,4095.31,1941.91,0.3216563252622896,8,August,2025Q3
O001479,2025-08-01,C0034,P0002,S001,3,0.05,75590.95,56948.61,18642.34,0.24662132173229734,8,August,2025Q3
O002187,2025-08-01,C0570,P0071,S019,4,0.1,24036.52,18814.76,5221.76,0.21724276226342248,8,August,2025Q3
O002595,2025-08-01,C0983,P0007,S008,3,0.2,45034.22,39324.18,5710.04,0.12679335847273474,8,August,2025Q3
O003779,2025-08-01,C0900,P0083,S002,1,0.0,15187.45,11765.35,3422.1,0.22532419859818467,8,August,2025Q3
O004543,2025-08-01,C0392,P0046,S009,6,0.0,173465.28,121000.38,52464.9,0.3024518797075703,8,August,2025Q3
O005189,2025-08-01,C0862,P0002,S008,2,0.2,42437.02,37965.74,4471.28,0.1053627233957521,8,August,2025Q3
O005241,2025-08-01,C0106,P0054,S020,5,0.15,39520.03,39908.05,-388.02,-0.009818312384884323,8,August,2025Q3
O005579,2025-08-01,C0243,P0115,S024,8,0.15,229124.03,204618.16,24505.87,0.10695460445593594,8,August,2025Q3
O005938,2025-08-01,C0073,P0109,S019,8,0.0,111575.84,93757.28,17818.56,0.15969908897840251,8,August,2025Q3
O000134,2025-07-31,C0928,P0083,S017,3,0.0,45562.35,35296.05,10266.3,0.22532419859818467,7,July,2025Q3
O000220,2025-07-31,C0979,P0046,S017,1,0.2,23128.7,20166.73,2961.97,0.1280646988373752,7,July,2025Q3
O000389,2025-07-31,C0985,P0053,S010,8,0.2,174355.01,192128.0,-17772.99,-0.10193564268672292,7,July,2025Q3
O000397,2025-07-31,C0228,P0096,S022,4,0.0,25882.64,16818.76,9063.88,0.35019147969449793,7,July,2025Q3
O000409,2025-07-31,C0332,P0058,S001,3,0.1,90951.44,84854.34,6097.1,0.06703687154376006,7,July,2025Q3
O000528,2025-07-31,C0789,P0050,S008,8,0.2,122281.66,119150.72,3130.94,0.025604330199639095,7,July,2025Q3
O000792,2025-07-31,C0949,P0108,S011,7,0.0,223241.13,157633.28,65607.85,0.2938878243449135,7,July,2025Q3
O001193,2025-07-31,C0677,P0025,S001,6,0.0,8873.34,6243.36,2629.98,0.29639121232816507,7,July,2025Q3
O001476,2025-07-31,C0930,P0106,S021,7,0.0,108792.46,79096.57,29695.89,0.272959081906963,7,July,2025Q3
O001797,2025-07-31,C0221,P0071,S024,4,0.0,26707.24,18814.76,7892.48,0.29551836880186794,7,July,2025Q3
O002055,2025-07-31,C0845,P0020,S005,5,0.15,196121.6,149941.25,46180.35,0.23546794437736587,7,July,2025Q3
O002497,2025-07-31,C0119,P0072,S002,4,0.0,118050.68,80442.44,37608.24,0.318577072152401,7,July,2025Q3
O002816,2025-07-31,C0153,P0103,S009,4,0.05,38188.06,30539.24,7648.82,0.20029349487771833,7,July,2025Q3
O003119,2025-07-31,C0568,P0030,S004,8,0.1,89188.63,82836.96,6351.67,0.07121614044301386,7,July,2025Q3
O003352,2025-07-31,C0857,P0094,S003,3,0.1,40513.28,30805.23,9708.05,0.23962636449085337,7,July,2025Q3
O003500,2025-07-31,C0226,P0085,S025,8,0.0,201889.52,150137.04,51752.48,0.25634059657975317,7,July,2025Q3
O003651,2025-07-31,C0939,P0107,S009,8,0.2,143821.38,141512.24,2309.14,0.016055610090794568,7,July,2025Q3
O003982,2025-07-31,C0421,P0004,S015,6,0.1,45989.53,36557.76,9431.77,0.20508515742604894,7,July,2025Q3
O004021,2025-07-31,C0999,P0120,S004,5,0.15,52075.97,49445.4,2630.57,0.05051408547934873,7,July,2025Q3
O004660,2025-07-31,C0446,P0010,S001,3,0.05,4869.57,3697.65,1171.92,0.24066190649277044,7,July,2025Q3
O004760,2025-07-31,C0720,P0117,S013,5,0.15,84096.92,88088.6,-3991.68,-0.04746523416077545,7,July,2025Q3
O005353,2025-07-31,C0912,P0018,S013,4,0.1,5674.18,4292.96,1381.22,0.24342195700524127,7,July,2025Q3
O005654,2025-07-31,C0852,P0016,S004,2,0.0,28497.56,20904.44,7593.12,0.2664480748527242,7,July,2025Q3
O005745,2025-07-31,C0801,P0077,S008,1,0.15,33645.01,27033.56,6611.45,0.19650610892967485,7,July,2025Q3
O005844,2025-07-31,C0773,P0050,S005,8,0.2,122281.66,119150.72,3130.94,0.025604330199639095,7,July,2025Q3
O005947,2025-07-31,C0877,P0116,S012,6,0.2,59370.77,55223.52,4147.25,0.06985339755573323,7,July,2025Q3
O000276,2025-07-30,C0904,P0072,S014,7,0.0,206588.69,140774.27,65814.42,0.318577072152401,7,July,2025Q3
O000743,2025-07-30,C0360,P0008,S022,4,0.0,60508.64,46421.36,14087.28,0.23281435510697315,7,July,2025Q3
O000765,2025-07-30,C0327,P0111,S003,4,0.1,94684.07,78469.2,16214.87,0.17125235533284533,7,July,2025Q3
O001171,2025-07-30,C0771,P0113,S024,2,0.0,18978.46,13736.7,5241.76,0.2761952234269799,7,July,2025Q3
O001400,2025-07-30,C0740,P0044,S015,1,0.05,11033.25,10068.82,964.43,0.08741123422382344,7,July,2025Q3
O001584,2025-07-30,C0877,P0029,S022,3,0.05,951.3,661.11,290.19,0.30504572690003157,7,July,2025Q3
O002706,2025-07-30,C0077,P0068,S012,2,0.1,35441.51,32829.92,2611.59,0.07368732314170587,7,July,2025Q3
O002762,2025-07-30,C0888,P0006,S007,8,0.1,13974.41,11778.8,2195.61,0.15711647218022085,7,July,2025Q3
O002838,2025-07-30,C0812,P0036,S010,1,0.0,13749.65,9655.05,4094.6,0.29779667118799386,7,July,2025Q3
O002920,2025-07-30,C0643,P0019,S002,6,0.0,192851.04,145787.34,47063.7,0.2440417225647318,7,July,2025Q3
O003051,2025-07-30,C0903,P0022,S004,7,0.05,178032.74,121489.34,56543.4,0.3176011333645711,7,July,2025Q3
O003149,2025-07-30,C0930,P0049,S004,3,0.0,50372.91,35102.79,15270.12,0.3031415099901911,7,July,2025Q3
O003470,2025-07-30,C0682,P0018,S024,6,0.2,7565.57,6439.44,1126.13,0.14884932662046615,7,July,2025Q3
O003758,2025-07-30,C0474,P0032,S010,8,0.15,257622.62,203401.04,54221.58,0.21046901859782344,7,July,2025Q3
O004508,2025-07-30,C0747,P0010,S010,8,0.05,12985.51,9860.4,3125.11,0.24066132173476437,7,July,2025Q3
O004718,2025-07-30,C0696,P0037,S011,3,0.0,110891.88,80130.27,30761.61,0.2774018259948339,7,July,2025Q3
O005242,2025-07-30,C0224,P0063,S018,2,0.0,4092.28,3648.48,443.8,0.10844810228039137,7,July,2025Q3
O005277,2025-07-30,C0690,P0117,S008,3,0.2,47490.02,52853.16,-5363.14,-0.11293193812089362,7,July,2025Q3
O005283,2025-07-30,C0360,P0090,S003,2,0.2,33350.86,36694.14,-3343.28,-0.10024569081576908,7,July,2025Q3
O005532,2025-07-30,C0820,P0073,S006,3,0.2,19201.2,20939.64,-1738.44,-0.09053809136928942,7,July,2025Q3
O005550,2025-07-30,C0172,P0031,S007,5,0.1,5267.34,4265.0,1002.34,0.19029339287002547,7,July,2025Q3
O005727,2025-07-30,C0163,P0050,S005,6,0.15,97443.2,89363.04,8080.16,0.08292174312830448,7,July,2025Q3
O005793,2025-07-30,C0138,P0109,S003,6,0.2,66945.5,70317.96,-3372.46,-0.0503762015370712,7,July,2025Q3
O001434,2025-07-29,C0878,P0080,S022,3,0.1,53462.94,38449.71,15013.23,0.28081564537977144,7,July,2025Q3
O001516,2025-07-29,C0301,P0078,S021,6,0.1,29541.78,22706.4,6835.38,0.23138009964193088,7,July,2025Q3
O001733,2025-07-29,C0371,P0011,S012,2,0.05,22166.92,17988.26,4178.66,0.18850882305705982,7,July,2025Q3
O001968,2025-07-29,C0361,P0097,S007,7,0.15,63610.56,57601.04,6009.52,0.094473621989808,7,July,2025Q3
O002288,2025-07-29,C0384,P0083,S010,4,0.1,54674.82,47061.4,7613.42,0.13924910955353853,7,July,2025Q3
O002650,2025-07-29,C0126,P0120,S021,5,0.2,49012.68,49445.4,-432.72,-0.008828735747565732,7,July,2025Q3
O003690,2025-07-29,C0177,P0106,S020,5,0.2,62167.12,56497.55,5669.57,0.09119885238370379,7,July,2025Q3
O004000,2025-07-29,C0025,P0007,S003,3,0.15,47848.86,39324.18,8524.68,0.17815847650288846,7,July,2025Q3
O004707,2025-07-29,C0492,P0005,S004,6,0.0,240730.8,163027.92,77702.88,0.32277913752623266,7,July,2025Q3
O005318,2025-07-29,C0718,P0014,S015,1,0.1,25045.7,18996.48,6049.22,0.24152728811732155,7,July,2025Q3
O005479,2025-07-29,C0655,P0064,S017,1,0.15,29219.18,24752.14,4467.04,0.15288040253011892,7,July,2025Q3
O005627,2025-07-29,C0371,P0058,S008,6,0.0,202114.32,169708.68,32405.64,0.1603332213175197,7,July,2025Q3
O005792,2025-07-29,C0252,P0003,S014,2,0.2,18604.48,15825.72,2778.76,0.14935972410946183,7,July,2025Q3
O000122,2025-07-28,C0398,P0058,S021,7,0.1,212220.04,197993.46,14226.58,0.0670369301598473,7,July,2025Q3
O000970,2025-07-28,C0457,P0011,S021,4,0.0,46667.2,35976.52,10690.68,0.22908338190420682,7,July,2025Q3
O001002,2025-07-28,C0281,P0016,S022,8,0.1,102591.22,83617.76,18973.46,0.18494233717076372,7,July,2025Q3
O002458,2025-07-28,C0705,P0097,S004,4,0.2,34210.72,32914.88,1295.84,0.037878185551195646,7,July,2025Q3
O003185,2025-07-28,C0282,P0070,S018,3,0.0,35737.71,24148.02,11589.69,0.32429861902175605,7,July,2025Q3
O003193,2025-07-28,C0111,P0030,S007,8,0.2,79278.78,82836.96,-3558.18,-0.04488187129014851,7,July,2025Q3
O003194,2025-07-28,C0916,P0001,S011,3,0.0,18111.66,12285.93,5825.73,0.3216563252622896,7,July,2025Q3
O004328,2025-07-28,C0611,P0003,S019,2,0.0,23255.6,15825.72,7429.88,0.3194877792875695,7,July,2025Q3
O004427,2025-07-28,C0136,P0112,S014,3,0.0,114791.46,82089.48,32701.98,0.28488164537675537,7,July,2025Q3
O004547,2025-07-28,C0935,P0069,S014,1,0.15,5577.62,5760.17,-182.55,-0.03272901345018126,7,July,2025Q3
O004699,2025-07-28,C0658,P0071,S021,1,0.0,6676.81,4703.69,1973.12,0.29551836880186794,7,July,2025Q3
O004873,2025-07-28,C0476,P0070,S025,3,0.0,35737.71,24148.02,11589.69,0.32429861902175605,7,July,2025Q3
O005055,2025-07-28,C0752,P0111,S012,1,0.2,21040.9,19617.3,1423.6,0.06765870281214206,7,July,2025Q3
O005337,2025-07-28,C0881,P0072,S002,7,0.0,206588.69,140774.27,65814.42,0.318577072152401,7,July,2025Q3
O005663,2025-07-28,C0070,P0028,S017,3,0.1,23379.54,21396.54,1983.0,0.08481775090527871,7,July,2025Q3
O000621,2025-07-27,C0190,P0102,S012,8,0.2,8180.86,8501.28,-320.42,-0.03916703133900348,7,July,2025Q3
O002173,2025-07-27,C0321,P0080,S016,3,0.1,53462.94,38449.71,15013.23,0.28081564537977144,7,July,2025Q3
O002462,2025-07-27,C0311,P0106,S007,2,0.0,31083.56,22599.02,8484.54,0.27295908190696305,7,July,2025Q3
O002620,2025-07-27,C0053,P0076,S010,5,0.0,193398.7,135513.8,57884.9,0.2993034596406284,7,July,2025Q3
O002789,2025-07-27,C0303,P0049,S025,8,0.0,134327.76,93607.44,40720.32,0.3031415099901911,7,July,2025Q3
O002990,2025-07-27,C0169,P0034,S003,6,0.0,77256.6,61377.12,15879.48,0.20554205077624435,7,July,2025Q3
O003804,2025-07-27,C0119,P0065,S011,8,0.05,28393.83,24721.68,3672.15,0.12932915355202168,7,July,2025Q3
O003898,2025-07-27,C0291,P0098,S016,8,0.0,161723.6,106905.2,54818.4,0.33896351552896425,7,July,2025Q3
O004035,2025-07-27,C0266,P0111,S025,1,0.05,24986.07,19617.3,5368.77,0.21487052585700755,7,July,2025Q3
O004165,2025-07-27,C0595,P0065,S018,5,0.2,14944.12,15451.05,-506.93,-0.033921702984183746,7,July,2025Q3
O004292,2025-07-27,C0602,P0038,S006,1,0.0,29452.59,20032.84,9419.75,0.31982756015684866,7,July,2025Q3
O004450,2025-07-27,C0161,P0111,S006,6,0.0,157806.78,117703.8,40102.98,0.2541271040445791,7,July,2025Q3
O004598,2025-07-27,C0847,P0071,S007,5,0.15,28376.44,23518.45,4857.99,0.17119800792488415,7,July,2025Q3
O004655,2025-07-27,C0296,P0086,S021,4,0.0,59424.84,50201.52,9223.32,0.15520984154101214,7,July,2025Q3
O005312,2025-07-27,C0337,P0006,S009,8,0.0,15527.12,11778.8,3748.32,0.24140471639299496,7,July,2025Q3
O005534,2025-07-27,C0970,P0089,S008,5,0.0,162593.25,131806.15,30787.1,0.18935041891345428,7,July,2025Q3
O005743,2025-07-27,C0392,P0089,S025,3,0.0,97555.95,79083.69,18472.26,0.18935041891345428,7,July,2025Q3
O000063,2025-07-26,C0423,P0005,S018,1,0.0,40121.8,27171.32,12950.48,0.3227791375262326,7,July,2025Q3
O001959,2025-07-26,C0034,P0085,S019,2,0.2,40377.9,37534.26,2843.64,0.07042565363726196,7,July,2025Q3
O002352,2025-07-26,C0475,P0112,S015,8,0.0,306110.56,218905.28,87205.28,0.28488164537675537,7,July,2025Q3
O002466,2025-07-26,C0011,P0090,S020,5,0.05,99010.38,91735.35,7275.03,0.0734774475161089,7,July,2025Q3
O002603,2025-07-26,C0343,P0103,S020,8,0.05,76376.12,61078.48,15297.64,0.20029349487771833,7,July,2025Q3
O002751,2025-07-26,C0021,P0009,S019,2,0.0,67527.46,54534.94,12992.52,0.19240350518144766,7,July,2025Q3
O003298,2025-07-26,C0938,P0024,S001,6,0.05,51929.28,43495.32,8433.96,0.16241241935185696,7,July,2025Q3
O003567,2025-07-26,C0474,P0069,S019,8,0.1,47245.68,46081.36,1164.32,0.024643946282496092,7,July,2025Q3
O003773,2025-07-26,C0105,P0076,S025,6,0.2,185662.75,162616.56,23046.19,0.12412931511571383,7,July,2025Q3
O003966,2025-07-26,C0465,P0031,S019,2,0.15,1989.88,1706.0,283.88,0.14266186905743058,7,July,2025Q3
O004124,2025-07-26,C0768,P0108,S005,8,0.2,204106.18,180152.32,23953.86,0.11735979772880958,7,July,2025Q3
O004702,2025-07-26,C0035,P0007,S006,4,0.0,75057.04,52432.24,22624.8,0.3014347488256931,7,July,2025Q3
O004776,2025-07-26,C0938,P0070,S002,2,0.15,20251.37,16098.68,4152.69,0.20505723810290363,7,July,2025Q3
O005847,2025-07-26,C0058,P0001,S006,3,0.0,18111.66,12285.93,5825.73,0.3216563252622896,7,July,2025Q3
O000046,2025-07-25,C0410,P0059,S009,7,0.2,12696.15,12571.72,124.43,0.009800608845988745,7,July,2025Q3
O000657,2025-07-25,C0633,P0108,S008,8,0.05,242376.08,180152.32,62223.76,0.2567240133597342,7,July,2025Q3
O000805,2025-07-25,C0633,P0055,S020,5,0.0,158520.95,133301.75,25219.2,0.1590906438549605,7,July,2025Q3
O000911,2025-07-25,C0908,P0088,S023,5,0.2,136634.16,117152.15,19482.01,0.14258520709608782,7,July,2025Q3
O001944,2025-07-25,C0023,P0024,S024,5,0.2,36441.6,36246.1,195.5,0.0053647479803301725,7,July,2025Q3
O002074,2025-07-25,C0589,P0038,S001,7,0.0,206168.13,140229.88,65938.25,0.31982756015684866,7,July,2025Q3
O002170,2025-07-25,C0772,P0045,S025,3,0.1,21082.0,15609.15,5472.85,0.25959823546153116,7,July,2025Q3
O002294,2025-07-25,C0589,P0101,S007,3,0.1,48684.75,45907.5,2777.25,0.057045584089473605,7,July,2025Q3
O002493,2025-07-25,C0520,P0118,S008,3,0.0,80802.51,58472.4,22330.11,0.27635416276053804,7,July,2025Q3
O002757,2025-07-25,C0686,P0108,S020,6,0.0,191349.54,135114.24,56235.3,0.2938878243449135,7,July,2025Q3
O003128,2025-07-25,C0180,P0015,S023,4,0.0,119800.88,94004.36,25796.52,0.2153283014281698,7,July,2025Q3
O003235,2025-07-25,C0138,P0098,S011,2,0.1,36387.81,26726.3,9661.51,0.26551501725440474,7,July,2025Q3
O003583,2025-07-25,C0305,P0074,S015,8,0.05,130074.08,101401.92,28672.16,0.22042946603965985,7,July,2025Q3
O003638,2025-07-25,C0588,P0014,S007,4,0.0,111314.24,75985.92,35328.32,0.31737466832635247,7,July,2025Q3
O003784,2025-07-25,C0839,P0118,S012,3,0.05,76762.38,58472.4,18289.98,0.23826749509329959,7,July,2025Q3
O004180,2025-07-25,C0132,P0055,S009,8,0.05,240951.84,213282.8,27669.04,0.11483224199491485,7,July,2025Q3
O004284,2025-07-25,C0700,P0093,S015,1,0.1,30593.58,22423.34,8170.24,0.26705733686610067,7,July,2025Q3
O004312,2025-07-25,C0154,P0068,S006,7,0.15,117153.89,114904.72,2249.17,0.01919842354359723,7,July,2025Q3
O004765,2025-07-25,C0795,P0092,S008,5,0.2,71869.44,59973.1,11896.34,0.16552710025290304,7,July,2025Q3
O004773,2025-07-25,C0011,P0037,S019,2,0.0,73927.92,53420.18,20507.74,0.27740182599483393,7,July,2025Q3
O005061,2025-07-25,C0177,P0076,S006,3,0.1,104435.3,81308.28,23127.02,0.22144830339932953,7,July,2025Q3
O005206,2025-07-25,C0784,P0107,S013,8,0.15,152810.21,141512.24,11297.97,0.07393465397371027,7,July,2025Q3
O005435,2025-07-25,C0175,P0084,S013,7,0.0,166289.41,109806.97,56482.44,0.3396634818777696,7,July,2025Q3
O005552,2025-07-25,C0827,P0076,S015,2,0.05,73491.51,54205.52,19285.99,0.2624247345033461,7,July,2025Q3
O005565,2025-07-25,C0694,P0032,S012,4,0.1,136388.45,101700.52,34687.93,0.25433187341010177,7,July,2025Q3
O005959,2025-07-25,C0825,P0059,S004,3,0.1,6121.36,5387.88,733.48,0.11982304585909015,7,July,2025Q3
O000723,2025-07-24,C0365,P0061,S022,7,0.1,156335.51,139200.74,17134.77,0.10960254647200754,7,July,2025Q3
O000843,2025-07-24,C0262,P0023,S008,7,0.0,303835.56,196483.98,107351.58,0.3533213163067549,7,July,2025Q3
O001189,2025-07-24,C0388,P0079,S002,6,0.05,244026.97,175023.06,69003.91,0.28277165429706397,7,July,2025Q3
O001307,2025-07-24,C0514,P0093,S024,7,0.0,237950.09,156963.38,80986.71,0.3403516678644669,7,July,2025Q3
O001602,2025-07-24,C0991,P0116,S004,5,0.05,58752.32,46019.6,12732.72,0.21671859085734826,7,July,2025Q3
O001897,2025-07-24,C0485,P0107,S008,5,0.2,89888.36,88445.15,1443.21,0.016055582725060285,7,July,2025Q3
O001973,2025-07-24,C0296,P0001,S018,6,0.1,32600.99,24571.86,8029.13,0.24628485208578021,7,July,2025Q3
O002623,2025-07-24,C0430,P0073,S011,5,0.0,40002.5,34899.4,5103.1,0.12756952690456846,7,July,2025Q3
O002828,2025-07-24,C0634,P0087,S010,3,0.15,88606.89,68398.95,20207.94,0.2280628515457432,7,July,2025Q3
O003305,2025-07-24,C0629,P0105,S019,5,0.15,77549.2,60144.4,17404.8,0.2244355841195009,7,July,2025Q3
O003705,2025-07-24,C0767,P0040,S025,2,0.15,612.95,507.16,105.79,0.17259156538053674,7,July,2025Q3
O003746,2025-07-24,C0547,P0050,S025,3,0.15,48721.6,44681.52,4040.08,0.08292174312830448,7,July,2025Q3
O004225,2025-07-24,C0114,P0119,S022,7,0.0,27482.14,23950.64,3531.5,0.1285016377909435,7,July,2025Q3
O004856,2025-07-24,C0631,P0079,S006,7,0.05,284698.14,204193.57,80504.57,0.2827716752908888,7,July,2025Q3
O005004,2025-07-24,C0413,P0099,S015,7,0.05,130633.6,102458.44,28175.16,0.21568080493839256,7,July,2025Q3
O005265,2025-07-24,C0534,P0085,S024,6,0.15,128704.57,112602.78,16101.79,0.12510659100916152,7,July,2025Q3
O005480,2025-07-24,C0286,P0042,S018,4,0.1,25455.56,22504.16,2951.4,0.1159432359767375,7,July,2025Q3
O005808,2025-07-24,C0777,P0072,S018,3,0.1,79684.21,60331.83,19352.38,0.2428634230043819,7,July,2025Q3
O005815,2025-07-24,C0619,P0057,S017,6,0.0,266776.02,177367.38,89408.64,0.33514496542830197,7,July,2025Q3
O000081,2025-07-23,C0987,P0044,S010,8,0.0,92911.6,80550.56,12361.04,0.1330408689550067,7,July,2025Q3
O000194,2025-07-23,C0774,P0027,S014,8,0.0,100186.88,75278.24,24908.64,0.24862177562571067,7,July,2025Q3
O000405,2025-07-23,C0906,P0039,S025,5,0.1,123827.4,110365.25,13462.15,0.10871705293012694,7,July,2025Q3
O001339,2025-07-23,C0507,P0088,S018,2,0.0,68317.08,46860.86,21456.22,0.3140681656768703,7,July,2025Q3
O001799,2025-07-23,C0811,P0063,S002,3,0.05,5831.5,5472.72,358.78,0.06152447912200977,7,July,2025Q3
O002895,2025-07-23,C0656,P0016,S015,7,0.0,99741.46,73165.54,26575.92,0.2664480748527242,7,July,2025Q3
O003257,2025-07-23,C0783,P0027,S008,5,0.2,50093.44,47048.9,3044.54,0.060777219532138334,7,July,2025Q3
O003520,2025-07-23,C0542,P0104,S021,2,0.1,14113.75,12266.94,1846.81,0.13085182889026659,7,July,2025Q3
O003549,2025-07-23,C0701,P0102,S016,5,0.0,6391.3,5313.3,1078.0,0.16866678140597374,7,July,2025Q3
O003730,2025-07-23,C0466,P0014,S008,7,0.15,165579.93,132975.36,32604.57,0.19691136480127755,7,July,2025Q3
O003937,2025-07-23,C0016,P0019,S011,3,0.0,96425.52,72893.67,23531.85,0.2440417225647318,7,July,2025Q3
O003998,2025-07-23,C0118,P0114,S002,1,0.1,36467.25,29017.33,7449.92,0.20429069918899834,7,July,2025Q3
O004135,2025-07-23,C0276,P0064,S003,1,0.1,30937.95,24752.14,6185.81,0.19994246548333036,7,July,2025Q3
O004144,2025-07-23,C0775,P0119,S011,5,0.0,19630.1,17107.6,2522.5,0.1285016377909435,7,July,2025Q3
O004523,2025-07-23,C0733,P0060,S024,8,0.0,240050.64,167811.68,72238.96,0.3009321699788011,7,July,2025Q3
O004754,2025-07-23,C0189,P0042,S021,5,0.0,35354.95,28130.2,7224.75,0.20434903740494614,7,July,2025Q3
O005058,2025-07-23,C0891,P0115,S005,4,0.1,121300.96,102309.08,18991.88,0.15656825799235224,7,July,2025Q3
O005618,2025-07-23,C0558,P0019,S019,7,0.1,202493.59,170085.23,32408.36,0.16004635010915655,7,July,2025Q3
O005687,2025-07-23,C0029,P0087,S006,1,0.0,34747.8,22799.65,11948.15,0.3438534238138817,7,July,2025Q3
O005702,2025-07-23,C0283,P0068,S016,3,0.2,47255.35,49244.88,-1989.53,-0.04210168795702497,7,July,2025Q3
O005707,2025-07-23,C0057,P0062,S018,6,0.05,92067.2,71450.94,20616.26,0.22392621910951999,7,July,2025Q3
O000719,2025-07-22,C0411,P0089,S019,2,0.2,52029.84,52722.46,-692.62,-0.013311976358182152,7,July,2025Q3
O000948,2025-07-22,C0348,P0070,S002,8,0.2,76240.45,64394.72,11845.73,0.15537329593411373,7,July,2025Q3
O001124,2025-07-22,C0962,P0055,S004,4,0.0,126816.76,106641.4,20175.36,0.1590906438549605,7,July,2025Q3
O001304,2025-07-22,C0432,P0096,S011,1,0.0,6470.66,4204.69,2265.97,0.35019147969449793,7,July,2025Q3
O002064,2025-07-22,C0826,P0063,S002,1,0.15,1739.22,1824.24,-85.02,-0.04888398247490254,7,July,2025Q3
O002400,2025-07-22,C0712,P0020,S018,2,0.0,92292.52,59976.5,32316.02,0.35014776928834535,7,July,2025Q3
O002583,2025-07-22,C0564,P0070,S024,7,0.15,70879.79,56345.38,14534.41,0.20505718202607542,7,July,2025Q3
O002868,2025-07-22,C0439,P0056,S024,1,0.15,37014.47,28266.66,8747.81,0.23633487120037108,7,July,2025Q3
O003448,2025-07-22,C0202,P0001,S022,1,0.05,5735.36,4095.31,1640.05,0.2859541510907772,7,July,2025Q3
O004151,2025-07-22,C0662,P0043,S006,8,0.0,179481.04,154091.76,25389.28,0.14145939871977561,7,July,2025Q3
O004942,2025-07-22,C0500,P0052,S025,8,0.0,221938.64,182365.28,39573.36,0.17830766197359774,7,July,2025Q3
O004943,2025-07-22,C0202,P0053,S021,4,0.2,87177.5,96064.0,-8886.5,-0.10193570588741362,7,July,2025Q3
O005064,2025-07-22,C0837,P0042,S006,3,0.15,18031.02,16878.12,1152.9,0.063939810393422,7,July,2025Q3
O005201,2025-07-22,C0353,P0044,S013,2,0.15,19743.72,20137.64,-393.92,-0.019951660578654884,7,July,2025Q3
O005519,2025-07-22,C0003,P0058,S018,1,0.1,30317.15,28284.78,2032.37,0.06703697412190789,7,July,2025Q3
O005749,2025-07-22,C0319,P0117,S003,5,0.1,89043.8,88088.6,955.2,0.010727304989230019,7,July,2025Q3
O005998,2025-07-22,C0335,P0009,S006,6,0.05,192453.26,163604.82,28848.44,0.1498984220896024,7,July,2025Q3
O000350,2025-07-21,C0152,P0017,S011,2,0.1,16816.72,16517.96,298.76,0.017765652279398123,7,July,2025Q3
O000376,2025-07-21,C0763,P0021,S001,6,0.2,117186.24,118647.36,-1461.12,-0.012468358059785857,7,July,2025Q3
O000661,2025-07-21,C0200,P0063,S011,1,0.2,1636.91,1824.24,-187.33,-0.11444123378805188,7,July,2025Q3
O001613,2025-07-21,C0129,P0052,S022,1,0.1,24968.1,22795.66,2172.44,0.08700862300295177,7,July,2025Q3
O001914,2025-07-21,C0547,P0010,S012,8,0.2,10935.17,9860.4,1074.77,0.0982856233602221,7,July,2025Q3
O003403,2025-07-21,C0503,P0059,S013,3,0.05,6461.43,5387.88,1073.55,0.16614743176046168,7,July,2025Q3
O003596,2025-07-21,C0358,P0119,S010,7,0.2,21985.71,23950.64,-1964.93,-0.08937305185959427,7,July,2025Q3
O003658,2025-07-21,C0777,P0069,S010,5,0.15,27888.08,28800.85,-912.77,-0.03272975407414207,7,July,2025Q3
O004493,2025-07-21,C0808,P0037,S008,4,0.2,118284.67,106840.36,11444.31,0.09675226722110312,7,July,2025Q3
O004661,2025-07-21,C0938,P0031,S009,3,0.0,3511.56,2559.0,952.56,0.2712640535830229,7,July,2025Q3
O004746,2025-07-21,C0919,P0101,S017,4,0.2,57700.45,61210.0,-3509.55,-0.06082361576036236,7,July,2025Q3
O005783,2025-07-21,C0313,P0010,S003,3,0.05,4869.57,3697.65,1171.92,0.24066190649277044,7,July,2025Q3
O005984,2025-07-21,C0981,P0084,S015,7,0.0,166289.41,109806.97,56482.44,0.3396634818777696,7,July,2025Q3
O000129,2025-07-20,C0816,P0103,S018,5,0.2,40197.96,38174.05,2023.91,0.05034857490280602,7,July,2025Q3
O000153,2025-07-20,C0229,P0115,S025,5,0.0,168473.55,127886.35,40587.2,0.2409114071615396,7,July,2025Q3
O000477,2025-07-20,C0188,P0090,S022,6,0.05,118812.45,110082.42,8730.03,0.07347740072694403,7,July,2025Q3
O001089,2025-07-20,C0161,P0015,S005,7,0.1,188686.39,164507.63,24178.76,0.1281425756250888,7,July,2025Q3
O001113,2025-07-20,C0173,P0010,S022,1,0.2,1366.9,1232.55,134.35,0.09828809715414441,7,July,2025Q3
O001223,2025-07-20,C0401,P0010,S017,5,0.05,8115.94,6162.75,1953.19,0.24066097087952845,7,July,2025Q3
O001482,2025-07-20,C0198,P0079,S021,7,0.0,299682.25,204193.57,95488.68,0.3186330855431044,7,July,2025Q3
O001497,2025-07-20,C0104,P0063,S001,7,0.0,14322.98,12769.68,1553.3,0.10844810228039137,7,July,2025Q3
O001589,2025-07-20,C0604,P0054,S009,5,0.0,46494.15,39908.05,6586.1,0.14165438017471016,7,July,2025Q3
O002357,2025-07-20,C0484,P0020,S009,6,0.0,276877.56,179929.5,96948.06,0.35014776928834535,7,July,2025Q3
O002664,2025-07-20,C0911,P0068,S019,4,0.1,70883.03,65659.84,5223.19,0.07368745382357385,7,July,2025Q3
O002913,2025-07-20,C0930,P0114,S013,2,0.0,81038.34,58034.66,23003.68,0.2838616881836425,7,July,2025Q3
O003523,2025-07-20,C0181,P0117,S024,1,0.15,16819.38,17617.72,-798.34,-0.04746548326989461,7,July,2025Q3
O003635,2025-07-20,C0347,P0024,S015,6,0.2,43729.92,43495.32,234.6,0.0053647479803301725,7,July,2025Q3
O003922,2025-07-20,C0915,P0103,S014,3,0.0,30148.47,22904.43,7244.04,0.2402788599222448,7,July,2025Q3
O004067,2025-07-20,C0600,P0005,S013,7,0.15,238724.71,190199.24,48525.47,0.2032695735602737,7,July,2025Q3
O004285,2025-07-20,C0211,P0024,S002,2,0.1,16398.72,14498.44,1900.28,0.1158797759825157,7,July,2025Q3
O005094,2025-07-20,C0969,P0085,S020,6,0.1,136275.43,112602.78,23672.65,0.17371179823097974,7,July,2025Q3
O005452,2025-07-20,C0987,P0089,S009,4,0.0,130074.6,105444.92,24629.68,0.18935041891345428,7,July,2025Q3
O005838,2025-07-20,C0220,P0002,S007,5,0.0,132615.7,94914.35,37701.35,0.28429024617748877,7,July,2025Q3
O000200,2025-07-19,C0988,P0082,S001,2,0.0,27875.24,19457.06,8418.18,0.3019948886538735,7,July,2025Q3
O000736,2025-07-19,C0500,P0098,S004,8,0.2,129378.88,106905.2,22473.68,0.17370439441120528,7,July,2025Q3
O001633,2025-07-19,C0012,P0075,S010,1,0.2,28057.3,26473.29,1584.01,0.05645625202710168,7,July,2025Q3
O002245,2025-07-19,C0847,P0030,S012,7,0.0,86711.17,72482.34,14228.83,0.16409454514337657,7,July,2025Q3
O002677,2025-07-19,C0575,P0093,S011,3,0.15,86681.82,67270.02,19411.8,0.22394315209348395,7,July,2025Q3
O002738,2025-07-19,C0362,P0025,S022,4,0.1,5324.0,4162.24,1161.76,0.21821187077385423,7,July,2025Q3
O003483,2025-07-19,C0939,P0089,S019,5,0.1,146333.93,131806.15,14527.78,0.09927827401341577,7,July,2025Q3
O003571,2025-07-19,C0692,P0098,S001,8,0.05,153637.42,106905.2,46732.22,0.304172121609436,7,July,2025Q3
O003913,2025-07-19,C0262,P0111,S019,7,0.0,184107.91,137321.1,46786.81,0.25412710404457906,7,July,2025Q3
O004425,2025-07-19,C0764,P0010,S020,6,0.2,8201.38,7395.3,806.08,0.09828589822688379,7,July,2025Q3
O004490,2025-07-19,C0059,P0118,S015,6,0.1,145444.52,116944.8,28499.72,0.1959490807903935,7,July,2025Q3
O004764,2025-07-19,C0111,P0022,S012,1,0.0,26771.84,17355.62,9416.22,0.3517210621309555,7,July,2025Q3
O004809,2025-07-19,C0414,P0018,S025,6,0.1,8511.26,6439.44,2071.82,0.24342106809097597,7,July,2025Q3
O005247,2025-07-19,C0228,P0103,S023,4,0.1,36178.16,30539.24,5638.92,0.155865306582756,7,July,2025Q3
O005923,2025-07-19,C0451,P0120,S002,7,0.0,85772.19,69223.56,16548.63,0.1929370114019474,7,July,2025Q3
O000395,2025-07-18,C0504,P0061,S005,3,0.0,74445.48,59657.46,14788.02,0.19864228157303843,7,July,2025Q3
O001676,2025-07-18,C0785,P0049,S023,3,0.1,45335.62,35102.79,10232.83,0.2257128059569936,7,July,2025Q3
O002412,2025-07-18,C0164,P0107,S007,5,0.05,106742.43,88445.15,18297.28,0.17141524696411728,7,July,2025Q3
O002422,2025-07-18,C0738,P0042,S015,7,0.15,42072.39,39382.28,2690.11,0.06394003288142176,7,July,2025Q3
O002467,2025-07-18,C0384,P0027,S010,7,0.15,74513.99,65868.46,8645.53,0.1160255946567886,7,July,2025Q3
O003072,2025-07-18,C0661,P0011,S019,6,0.0,70000.8,53964.78,16036.02,0.2290833819042068,7,July,2025Q3
O003262,2025-07-18,C0986,P0032,S002,5,0.05,179956.98,127125.65,52831.33,0.29357755392427676,7,July,2025Q3
O003395,2025-07-18,C0073,P0005,S002,7,0.1,252767.34,190199.24,62568.1,0.24753237502914735,7,July,2025Q3
O003702,2025-07-18,C0182,P0073,S017,8,0.1,57603.6,55839.04,1764.56,0.03063280767174274,7,July,2025Q3
O004016,2025-07-18,C0958,P0045,S023,7,0.0,54657.05,36421.35,18235.7,0.33363856995575136,7,July,2025Q3
O004073,2025-07-18,C0075,P0001,S016,1,0.0,6037.22,4095.31,1941.91,0.3216563252622896,7,July,2025Q3
O004236,2025-07-18,C0536,P0047,S016,7,0.0,4570.93,3777.13,793.8,0.1736626900871376,7,July,2025Q3
O004262,2025-07-18,C0774,P0030,S013,2,0.05,23535.89,20709.24,2826.65,0.12009955858903149,7,July,2025Q3
O004869,2025-07-18,C0232,P0006,S009,1,0.0,1940.89,1472.35,468.54,0.24140471639299496,7,July,2025Q3
O005024,2025-07-18,C0874,P0037,S022,4,0.0,147855.84,106840.36,41015.48,0.27740182599483393,7,July,2025Q3
O005970,2025-07-18,C0716,P0114,S006,8,0.15,275530.36,232138.64,43391.72,0.1574843512707638,7,July,2025Q3
O000325,2025-07-17,C0195,P0025,S017,4,0.15,5028.23,4162.24,865.99,0.1722256141823266,7,July,2025Q3
O000663,2025-07-17,C0382,P0002,S010,6,0.05,151181.9,113897.22,37284.68,0.24662132173229734,7,July,2025Q3
O001384,2025-07-17,C0362,P0041,S016,7,0.1,233657.17,178867.92,54789.25,0.23448563551463025,7,July,2025Q3
O001848,2025-07-17,C0724,P0061,S012,5,0.15,105464.43,99429.1,6035.33,0.05722621361533932,7,July,2025Q3
O002597,2025-07-17,C0909,P0084,S014,2,0.15,40384.57,31373.42,9011.15,0.22313348885477793,7,July,2025Q3
O002872,2025-07-17,C0158,P0088,S015,2,0.05,64901.23,46860.86,18040.37,0.27796653468663074,7,July,2025Q3
O003184,2025-07-17,C0146,P0021,S012,4,0.2,78124.16,79098.24,-974.08,-0.012468358059785859,7,July,2025Q3
O003291,2025-07-17,C0125,P0002,S018,2,0.05,50393.97,37965.74,12428.23,0.24662137156489158,7,July,2025Q3
O003553,2025-07-17,C0179,P0052,S022,1,0.15,23580.98,22795.66,785.32,0.03330311123625906,7,July,2025Q3
O004839,2025-07-17,C0228,P0097,S012,8,0.15,72697.78,65829.76,6868.02,0.09447358640112533,7,July,2025Q3
O004902,2025-07-17,C0645,P0106,S016,7,0.0,108792.46,79096.57,29695.89,0.272959081906963,7,July,2025Q3
O004921,2025-07-17,C0629,P0061,S014,5,0.15,105464.43,99429.1,6035.33,0.05722621361533932,7,July,2025Q3
O005487,2025-07-17,C0701,P0114,S006,7,0.1,255270.77,203121.31,52149.46,0.20429076153137316,7,July,2025Q3
O000020,2025-07-16,C0516,P0076,S010,3,0.0,116039.22,81308.28,34730.94,0.29930345964062843,7,July,2025Q3
O000203,2025-07-16,C0954,P0052,S020,5,0.2,110969.32,113978.3,-3008.98,-0.027115422533002816,7,July,2025Q3
O000471,2025-07-16,C0056,P0012,S014,7,0.0,17513.44,14120.26,3393.18,0.19374720214874977,7,July,2025Q3
O001019,2025-07-16,C0476,P0102,S014,2,0.05,2428.69,2125.32,303.37,0.1249109602295888,7,July,2025Q3
O001100,2025-07-16,C0933,P0085,S006,2,0.1,45425.14,37534.26,7890.88,0.17371173759728645,7,July,2025Q3
O002218,2025-07-16,C0314,P0004,S019,6,0.0,51099.48,36557.76,14541.72,0.2845766727958875,7,July,2025Q3
O002889,2025-07-16,C0653,P0073,S008,3,0.05,22801.42,20939.64,1861.78,0.08165193220422237,7,July,2025Q3
O003413,2025-07-16,C0403,P0057,S008,3,0.15,113379.81,88683.69,24696.12,0.217817616734408,7,July,2025Q3
O004182,2025-07-16,C0106,P0115,S005,1,0.15,28640.5,25577.27,3063.23,0.10695448752640492,7,July,2025Q3
O004346,2025-07-16,C0427,P0051,S003,8,0.15,29061.23,25780.56,3280.67,0.11288820191024262,7,July,2025Q3
O004535,2025-07-16,C0411,P0017,S001,2,0.1,16816.72,16517.96,298.76,0.017765652279398123,7,July,2025Q3
O005023,2025-07-16,C0249,P0115,S023,7,0.2,188690.38,179040.89,9649.49,0.051139279066585164,7,July,2025Q3
O005865,2025-07-16,C0088,P0004,S009,8,0.0,68132.64,48743.68,19388.96,0.28457667279588755,7,July,2025Q3
O000381,2025-07-15,C0534,P0087,S020,4,0.1,125092.08,91198.6,33893.48,0.27094824868209083,7,July,2025Q3
O001017,2025-07-15,C0412,P0013,S020,7,0.0,64527.54,43006.88,21520.66,0.33351124186665104,7,July,2025Q3
O001063,2025-07-15,C0026,P0023,S015,4,0.05,164939.3,112276.56,52662.74,0.3192855796041332,7,July,2025Q3
O001143,2025-07-15,C0534,P0042,S006,8,0.2,45254.34,45008.32,246.02,0.005436384664984618,7,July,2025Q3
O001236,2025-07-15,C0282,P0081,S021,8,0.05,315993.71,239348.96,76644.75,0.24255150521825258,7,July,2025Q3
O001704,2025-07-15,C0479,P0096,S008,3,0.0,19411.98,12614.07,6797.91,0.35019147969449793,7,July,2025Q3
O002211,2025-07-15,C0714,P0061,S005,6,0.0,148890.96,119314.92,29576.04,0.19864228157303843,7,July,2025Q3
O002243,2025-07-15,C0211,P0116,S023,2,0.05,23500.93,18407.84,5093.09,0.21671865751695785,7,July,2025Q3
O002273,2025-07-15,C0004,P0073,S002,7,0.15,47602.98,48859.16,-1256.18,-0.026388684069778824,7,July,2025Q3
O002565,2025-07-15,C0374,P0007,S025,4,0.0,75057.04,52432.24,22624.8,0.3014347488256931,7,July,2025Q3
O002982,2025-07-15,C0746,P0080,S011,8,0.15,134647.41,102532.56,32114.85,0.23851071476235597,7,July,2025Q3
O003213,2025-07-15,C0911,P0089,S002,6,0.0,195111.9,158167.38,36944.52,0.18935041891345428,7,July,2025Q3
O003229,2025-07-15,C0803,P0017,S021,3,0.1,25225.07,24776.94,448.13,0.01776526289124272,7,July,2025Q3
O003534,2025-07-15,C0040,P0013,S001,8,0.0,73745.76,49150.72,24595.04,0.3335112418666511,7,July,2025Q3
O003825,2025-07-15,C0509,P0012,S024,8,0.1,18013.82,16137.44,1876.38,0.10416335902101831,7,July,2025Q3
O003946,2025-07-15,C0038,P0017,S004,2,0.15,15882.45,16517.96,-635.51,-0.04001334806657663,7,July,2025Q3
O004007,2025-07-15,C0743,P0006,S010,3,0.0,5822.67,4417.05,1405.62,0.24140471639299493,7,July,2025Q3
O004341,2025-07-15,C0413,P0104,S015,7,0.05,52142.45,42934.29,9208.16,0.17659622821712445,7,July,2025Q3
O004403,2025-07-15,C0404,P0099,S006,1,0.0,19644.15,14636.92,5007.23,0.25489675043206245,7,July,2025Q3
O004408,2025-07-15,C0290,P0089,S014,4,0.0,130074.6,105444.92,24629.68,0.18935041891345428,7,July,2025Q3
O004875,2025-07-15,C0619,P0027,S016,1,0.1,11271.02,9409.78,1861.24,0.16513500996360578,7,July,2025Q3
O005212,2025-07-15,C0181,P0064,S014,4,0.2,110001.6,99008.56,10993.04,0.09993527366874663,7,July,2025Q3
O005849,2025-07-15,C0762,P0060,S015,2,0.0,60012.66,41952.92,18059.74,0.3009321699788011,7,July,2025Q3
O000372,2025-07-14,C0521,P0091,S004,6,0.1,33477.41,26920.86,6556.55,0.19584997764163953,7,July,2025Q3
O001154,2025-07-14,C0475,P0040,S015,5,0.1,1622.52,1267.9,354.62,0.2185612504006114,7,July,2025Q3
O001447,2025-07-14,C0064,P0120,S012,7,0.1,77194.97,69223.56,7971.41,0.10326333438564714,7,July,2025Q3
O001777,2025-07-14,C0647,P0075,S008,6,0.1,189386.75,158839.74,30547.01,0.1612943355329768,7,July,2025Q3
O002086,2025-07-14,C0605,P0105,S004,2,0.0,36493.74,24057.76,12435.98,0.3407702252495908,7,July,2025Q3
O002307,2025-07-14,C0489,P0022,S025,1,0.15,22756.06,17355.62,5400.44,0.2373187625625877,7,July,2025Q3
O002321,2025-07-14,C0398,P0005,S023,5,0.2,160487.2,135856.6,24630.6,0.15347392190779074,7,July,2025Q3
O002472,2025-07-14,C0040,P0063,S025,2,0.1,3683.05,3648.48,34.57,0.009386242380635615,7,July,2025Q3
O002552,2025-07-14,C0024,P0070,S025,5,0.0,59562.85,40246.7,19316.15,0.32429861902175605,7,July,2025Q3
O002758,2025-07-14,C0484,P0080,S007,4,0.05,75244.14,51266.28,23977.86,0.3186674736398077,7,July,2025Q3
O002811,2025-07-14,C0481,P0006,S017,7,0.1,12227.61,10306.45,1921.16,0.15711655834623448,7,July,2025Q3
O002934,2025-07-14,C0116,P0029,S025,7,0.0,2336.53,1542.59,793.94,0.33979448156026243,7,July,2025Q3
O003097,2025-07-14,C0860,P0102,S003,1,0.0,1278.26,1062.66,215.6,0.16866678140597374,7,July,2025Q3
O003865,2025-07-14,C0776,P0052,S005,8,0.0,221938.64,182365.28,39573.36,0.17830766197359774,7,July,2025Q3
O004306,2025-07-14,C0667,P0109,S009,3,0.2,33472.75,35158.98,-1686.23,-0.0503762015370712,7,July,2025Q3
O004791,2025-07-14,C0302,P0111,S014,4,0.15,89423.84,78469.2,10954.64,0.12250245572098,7,July,2025Q3
O005096,2025-07-14,C0556,P0116,S016,4,0.05,47001.86,36815.68,10186.18,0.21671865751695785,7,July,2025Q3
O005211,2025-07-14,C0985,P0009,S010,5,0.1,151936.79,136337.35,15599.44,0.10267059084241545,7,July,2025Q3
O005430,2025-07-14,C0707,P0079,S003,1,0.0,42811.75,29170.51,13641.24,0.3186330855431044,7,July,2025Q3
O005448,2025-07-14,C0045,P0037,S018,1,0.0,36963.96,26710.09,10253.87,0.27740182599483393,7,July,2025Q3
O005661,2025-07-14,C0542,P0110,S012,7,0.0,251977.6,180193.37,71784.23,0.2848833785225353,7,July,2025Q3
O000179,2025-07-13,C0395,P0017,S004,1,0.0,9342.62,8258.98,1083.64,0.11598887678188774,7,July,2025Q3
O000802,2025-07-13,C0968,P0107,S019,4,0.0,89888.36,70756.12,19132.24,0.21284446618004824,7,July,2025Q3
O000926,2025-07-13,C0533,P0095,S008,2,0.05,71625.82,50633.66,20992.16,0.2930809029481268,7,July,2025Q3
O001118,2025-07-13,C0786,P0026,S008,6,0.0,40651.5,26607.9,14043.6,0.3454632670381167,7,July,2025Q3
O001267,2025-07-13,C0975,P0014,S004,3,0.15,70962.83,56989.44,13973.39,0.19691139713565536,7,July,2025Q3
O001462,2025-07-13,C0222,P0045,S007,4,0.2,24986.08,20812.2,4173.88,0.1670482124446892,7,July,2025Q3
O001726,2025-07-13,C0851,P0075,S002,3,0.1,94693.37,79419.87,15273.5,0.16129429124763434,7,July,2025Q3
O001892,2025-07-13,C0675,P0076,S002,6,0.2,185662.75,162616.56,23046.19,0.12412931511571383,7,July,2025Q3
O002233,2025-07-13,C0085,P0063,S001,8,0.0,16369.12,14593.92,1775.2,0.10844810228039137,7,July,2025Q3
O002607,2025-07-13,C0339,P0085,S023,8,0.2,161511.62,150137.04,11374.58,0.07042576874654592,7,July,2025Q3
O002736,2025-07-13,C0676,P0067,S022,5,0.1,93365.46,73875.45,19490.01,0.20874968109191555,7,July,2025Q3
O002781,2025-07-13,C0008,P0022,S012,1,0.15,22756.06,17355.62,5400.44,0.2373187625625877,7,July,2025Q3
O002905,2025-07-13,C0353,P0053,S021,2,0.0,54485.94,48032.0,6453.94,0.11845147573851161,7,July,2025Q3
O003037,2025-07-13,C0757,P0002,S003,4,0.1,95483.3,75931.48,19551.82,0.20476690688319318,7,July,2025Q3
O003177,2025-07-13,C0363,P0014,S025,8,0.15,189234.21,151971.84,37262.37,0.19691138298936542,7,July,2025Q3
O003522,2025-07-13,C0638,P0045,S012,3,0.15,19910.78,15609.15,4301.63,0.21604527798509152,7,July,2025Q3
O003579,2025-07-13,C0279,P0037,S019,8,0.05,280926.1,213680.72,67245.38,0.23937035398277345,7,July,2025Q3
O003826,2025-07-13,C0956,P0021,S019,7,0.15,145262.11,138421.92,6840.19,0.04708860417902508,7,July,2025Q3
O003876,2025-07-13,C0420,P0001,S011,4,0.05,22941.44,16381.24,6560.2,0.2859541510907772,7,July,2025Q3
O004416,2025-07-13,C0103,P0013,S011,5,0.15,39177.44,30719.2,8458.24,0.21589567873755916,7,July,2025Q3
O004849,2025-07-13,C0069,P0094,S002,7,0.05,99782.72,71878.87,27903.85,0.2796461150788433,7,July,2025Q3
O005154,2025-07-13,C0478,P0024,S020,2,0.0,18220.8,14498.44,3722.36,0.20429179838426414,7,July,2025Q3
O005316,2025-07-13,C0529,P0056,S014,8,0.15,296115.72,226133.28,69982.44,0.2363347680427098,7,July,2025Q3
O005584,2025-07-13,C0085,P0119,S004,8,0.2,25126.53,27372.16,-2245.63,-0.089372866050346,7,July,2025Q3
O000451,2025-07-12,C0642,P0069,S006,7,0.0,45933.3,40321.19,5612.11,0.12217955165424647,7,July,2025Q3
O000602,2025-07-12,C0913,P0029,S003,8,0.15,2269.77,1762.96,506.81,0.22328694096758703,7,July,2025Q3
O001137,2025-07-12,C0210,P0083,S002,4,0.2,48599.84,47061.4,1538.44,0.03165524824773086,7,July,2025Q3
O002322,2025-07-12,C0344,P0047,S017,7,0.1,4113.84,3777.13,336.71,0.0818481029889349,7,July,2025Q3
O002383,2025-07-12,C0434,P0090,S001,5,0.05,99010.38,91735.35,7275.03,0.0734774475161089,7,July,2025Q3
O003560,2025-07-12,C0607,P0028,S019,6,0.1,46759.09,42793.08,3966.01,0.08481794662813157,7,July,2025Q3
O004333,2025-07-12,C0326,P0018,S025,5,0.0,7880.8,5366.2,2514.6,0.31907928129123947,7,July,2025Q3
O005003,2025-07-12,C0374,P0091,S020,7,0.05,41226.81,31407.67,9819.14,0.2381736544738727,7,July,2025Q3
O005667,2025-07-12,C0229,P0064,S015,3,0.2,82501.2,74256.42,8244.78,0.09993527366874665,7,July,2025Q3
O000017,2025-07-11,C0973,P0002,S011,4,0.0,106092.56,75931.48,30161.08,0.2842902461774888,7,July,2025Q3
O000114,2025-07-11,C0527,P0103,S017,8,0.1,72356.33,61078.48,11277.85,0.15586542324631444,7,July,2025Q3
O000361,2025-07-11,C0160,P0097,S024,2,0.0,21381.7,16457.44,4924.26,0.23030254844095652,7,July,2025Q3
O000837,2025-07-11,C0605,P0119,S004,6,0.0,23556.12,20529.12,3027.0,0.1285016377909435,7,July,2025Q3
O000971,2025-07-11,C0554,P0022,S008,7,0.15,159292.45,121489.34,37803.11,0.23731890620051357,7,July,2025Q3
O001477,2025-07-11,C0801,P0029,S017,5,0.05,1585.5,1101.85,483.65,0.3050457269000315,7,July,2025Q3
O001855,2025-07-11,C0184,P0120,S024,1,0.0,12253.17,9889.08,2364.09,0.1929370114019474,7,July,2025Q3
O001898,2025-07-11,C0616,P0044,S016,7,0.05,77232.77,70481.74,6751.03,0.08741147054546923,7,July,2025Q3
O002046,2025-07-11,C0025,P0042,S014,7,0.05,47022.08,39382.28,7639.8,0.16247260861280488,7,July,2025Q3
O002065,2025-07-11,C0017,P0073,S014,1,0.15,6800.42,6979.88,-179.46,-0.026389546528008564,7,July,2025Q3
O002221,2025-07-11,C0588,P0023,S015,3,0.15,110682.95,84207.42,26475.53,0.23920152110148854,7,July,2025Q3
O002509,2025-07-11,C0401,P0058,S020,4,0.2,107794.3,113139.12,-5344.82,-0.04958351230074317,7,July,2025Q3
O004005,2025-07-11,C0012,P0064,S024,7,0.1,216565.65,173264.98,43300.67,0.19994246548333033,7,July,2025Q3
O004207,2025-07-11,C0083,P0101,S019,7,0.0,126219.73,107117.5,19102.23,0.15134107797568574,7,July,2025Q3
O004936,2025-07-11,C0120,P0111,S017,5,0.2,105204.52,98086.5,7118.02,0.06765888005572385,7,July,2025Q3
O005138,2025-07-11,C0987,P0055,S024,3,0.1,85601.31,79981.05,5620.26,0.0656562382047658,7,July,2025Q3
O000229,2025-07-10,C0636,P0041,S016,5,0.1,166897.98,127762.8,39135.18,0.2344856420670879,7,July,2025Q3
O000239,2025-07-10,C0374,P0110,S013,5,0.1,161985.6,128709.55,33276.05,0.20542597613615038,7,July,2025Q3
O002428,2025-07-10,C0078,P0036,S014,1,0.05,13062.17,9655.05,3407.12,0.26083874272039026,7,July,2025Q3
O002499,2025-07-10,C0062,P0066,S001,2,0.15,28459.33,28624.82,-165.49,-0.005814964723343803,7,July,2025Q3
O003446,2025-07-10,C0736,P0025,S002,3,0.15,3771.17,3121.68,649.49,0.17222506543062233,7,July,2025Q3
O003698,2025-07-10,C0552,P0020,S014,7,0.15,274570.25,209917.75,64652.5,0.23546797222204519,7,July,2025Q3
O004264,2025-07-10,C0837,P0067,S024,1,0.0,20747.88,14775.09,5972.79,0.287874712982724,7,July,2025Q3
O004851,2025-07-10,C0455,P0115,S002,2,0.1,60650.48,51154.54,9495.94,0.15656825799235224,7,July,2025Q3
O004933,2025-07-10,C0923,P0001,S006,3,0.0,18111.66,12285.93,5825.73,0.3216563252622896,7,July,2025Q3
O005784,2025-07-10,C0877,P0012,S005,6,0.0,15011.52,12103.08,2908.44,0.19374720214874977,7,July,2025Q3
O000195,2025-07-09,C0573,P0072,S016,5,0.05,140185.18,100553.05,39632.13,0.28271269473706134,7,July,2025Q3
O000936,2025-07-09,C0944,P0016,S020,7,0.0,99741.46,73165.54,26575.92,0.2664480748527242,7,July,2025Q3
O002041,2025-07-09,C0149,P0040,S011,6,0.2,1730.69,1521.48,209.21,0.12088242261756872,7,July,2025Q3
O002053,2025-07-09,C0449,P0119,S010,2,0.1,7066.84,6843.04,223.8,0.031669034533115224,7,July,2025Q3
O002240,2025-07-09,C0698,P0090,S002,4,0.0,83377.16,73388.28,9988.88,0.1198035529154507,7,July,2025Q3
O002261,2025-07-09,C0449,P0095,S005,8,0.15,256345.04,202534.64,53810.4,0.2099139503537888,7,July,2025Q3
O002368,2025-07-09,C0428,P0032,S007,6,0.2,181851.26,152550.78,29300.48,0.16112332683314923,7,July,2025Q3
O002817,2025-07-09,C0678,P0007,S012,5,0.0,93821.3,65540.3,28281.0,0.3014347488256931,7,July,2025Q3
O003159,2025-07-09,C0701,P0090,S025,8,0.0,166754.32,146776.56,19977.76,0.1198035529154507,7,July,2025Q3
O003420,2025-07-09,C0363,P0067,S006,2,0.05,39420.97,29550.18,9870.79,0.25039439668785424,7,July,2025Q3
O003486,2025-07-09,C0578,P0061,S009,7,0.1,156335.51,139200.74,17134.77,0.10960254647200754,7,July,2025Q3
O003837,2025-07-09,C0449,P0022,S018,6,0.1,144567.94,104133.72,40434.22,0.27969008896439973,7,July,2025Q3
O004372,2025-07-09,C0412,P0069,S005,1,0.0,6561.9,5760.17,801.73,0.12217955165424649,7,July,2025Q3
O004727,2025-07-09,C0834,P0043,S019,2,0.05,42626.75,38522.94,4103.81,0.09627311488677885,7,July,2025Q3
O004731,2025-07-09,C0225,P0032,S013,6,0.0,227314.08,152550.78,74763.3,0.32889867622806296,7,July,2025Q3
O004978,2025-07-09,C0253,P0047,S008,4,0.15,2220.17,2158.36,61.81,0.02784021043433611,7,July,2025Q3
O000850,2025-07-08,C0629,P0024,S014,7,0.0,63772.8,50744.54,13028.26,0.20429179838426414,7,July,2025Q3
O001088,2025-07-08,C0531,P0002,S006,6,0.1,143224.96,113897.22,29327.74,0.20476696240655262,7,July,2025Q3
O001210,2025-07-08,C0131,P0110,S011,7,0.15,214180.96,180193.37,33987.59,0.15868632767357096,7,July,2025Q3
O001724,2025-07-08,C0046,P0038,S005,1,0.0,29452.59,20032.84,9419.75,0.31982756015684866,7,July,2025Q3
O001916,2025-07-08,C0371,P0044,S017,1,0.15,9871.86,10068.82,-196.96,-0.019951660578654884,7,July,2025Q3
O002579,2025-07-08,C0588,P0101,S009,8,0.0,144251.12,122420.0,21831.12,0.15134107797568574,7,July,2025Q3
O002883,2025-07-08,C0579,P0075,S023,2,0.05,66636.08,52946.58,13689.5,0.20543675438291087,7,July,2025Q3
O003252,2025-07-08,C0293,P0084,S015,6,0.2,114027.02,94120.26,19906.76,0.1745793233919469,7,July,2025Q3
O003319,2025-07-08,C0957,P0018,S003,8,0.05,11978.82,8585.92,3392.9,0.28324158806960953,7,July,2025Q3
O003495,2025-07-08,C0796,P0092,S019,2,0.05,34137.98,23989.24,10148.74,0.297285896822249,7,July,2025Q3
O004299,2025-07-08,C0265,P0078,S017,3,0.05,15591.49,11353.2,4238.29,0.2718335450941507,7,July,2025Q3
O004886,2025-07-08,C0363,P0077,S010,1,0.2,31665.9,27033.56,4632.34,0.14628796276120368,7,July,2025Q3
O004924,2025-07-08,C0851,P0016,S001,5,0.1,64119.51,52261.1,11858.41,0.1849423053919158,7,July,2025Q3
O005282,2025-07-08,C0008,P0090,S020,5,0.1,93799.3,91735.35,2063.95,0.022003895551459336,7,July,2025Q3
O005625,2025-07-08,C0559,P0030,S025,5,0.0,61936.55,51773.1,10163.45,0.16409454514337657,7,July,2025Q3
O000271,2025-07-07,C0423,P0034,S005,5,0.0,64380.5,51147.6,13232.9,0.20554205077624435,7,July,2025Q3
O000310,2025-07-07,C0465,P0001,S025,7,0.2,33808.43,28667.17,5141.26,0.1520703564170238,7,July,2025Q3
O000319,2025-07-07,C0227,P0078,S023,2,0.0,10941.4,7568.8,3372.6,0.30824208967773775,7,July,2025Q3
O000339,2025-07-07,C0911,P0075,S008,4,0.05,133272.16,105893.16,27379.0,0.20543675438291087,7,July,2025Q3
O000357,2025-07-07,C0357,P0025,S011,6,0.15,7542.34,6243.36,1298.98,0.17222506543062233,7,July,2025Q3
O000627,2025-07-07,C0477,P0080,S002,6,0.05,112866.21,76899.42,35966.79,0.3186674736398077,7,July,2025Q3
O000741,2025-07-07,C0358,P0104,S024,1,0.2,6272.78,6133.47,139.31,0.02220865389827158,7,July,2025Q3
O001435,2025-07-07,C0525,P0109,S020,6,0.05,79497.79,70317.96,9179.83,0.11547276974617786,7,July,2025Q3
O002125,2025-07-07,C0437,P0083,S001,3,0.0,45562.35,35296.05,10266.3,0.22532419859818467,7,July,2025Q3
O002355,2025-07-07,C0015,P0056,S022,3,0.0,130639.29,84799.98,45839.31,0.3508845616047056,7,July,2025Q3
O002563,2025-07-07,C0934,P0034,S016,3,0.0,38628.3,30688.56,7939.74,0.20554205077624435,7,July,2025Q3
O002634,2025-07-07,C0696,P0088,S023,6,0.2,163960.99,140582.58,23378.41,0.14258519663732208,7,July,2025Q3
O002996,2025-07-07,C0027,P0083,S016,5,0.1,68343.53,58826.75,9516.78,0.13924917252591432,7,July,2025Q3
O003032,2025-07-07,C0867,P0066,S024,3,0.05,47711.22,42937.23,4773.99,0.10006011164669441,7,July,2025Q3
O003331,2025-07-07,C0509,P0107,S001,1,0.2,17977.67,17689.03,288.64,0.016055473262107937,7,July,2025Q3
O003427,2025-07-07,C0580,P0013,S014,2,0.0,18436.44,12287.68,6148.76,0.3335112418666511,7,July,2025Q3
O003555,2025-07-07,C0396,P0009,S011,5,0.1,151936.79,136337.35,15599.44,0.10267059084241545,7,July,2025Q3
O004397,2025-07-07,C0255,P0078,S022,2,0.1,9847.26,7568.8,2278.46,0.23138009964193085,7,July,2025Q3
O004464,2025-07-07,C0219,P0013,S022,6,0.2,44247.46,36863.04,7384.42,0.1668891276471011,7,July,2025Q3
O004504,2025-07-07,C0519,P0022,S014,8,0.1,192757.25,138844.96,53912.29,0.2796900765081469,7,July,2025Q3
O004810,2025-07-07,C0027,P0034,S013,1,0.1,11588.49,10229.52,1358.97,0.11726894530693818,7,July,2025Q3
O005744,2025-07-07,C0268,P0077,S005,1,0.0,39582.37,27033.56,12548.81,0.3170302839370154,7,July,2025Q3
O005924,2025-07-07,C0373,P0072,S021,2,0.1,53122.81,40221.22,12901.59,0.24286347051294915,7,July,2025Q3
O000066,2025-07-06,C0846,P0007,S008,8,0.05,142608.38,104864.48,37743.9,0.2646681772838314,7,July,2025Q3
O000595,2025-07-06,C0292,P0027,S014,5,0.05,59485.96,47048.9,12437.06,0.20907555329022176,7,July,2025Q3
O000900,2025-07-06,C0343,P0105,S005,2,0.0,36493.74,24057.76,12435.98,0.3407702252495908,7,July,2025Q3
O001300,2025-07-06,C0439,P0115,S006,5,0.0,168473.55,127886.35,40587.2,0.2409114071615396,7,July,2025Q3
O001504,2025-07-06,C0118,P0116,S007,1,0.05,11750.46,9203.92,2546.54,0.21671832421879655,7,July,2025Q3
O002190,2025-07-06,C0823,P0103,S009,7,0.05,66829.11,53443.67,13385.44,0.20029355470991608,7,July,2025Q3
O002191,2025-07-06,C0922,P0119,S008,6,0.15,20022.7,20529.12,-506.42,-0.02529229324716447,7,July,2025Q3
O003065,2025-07-06,C0407,P0094,S024,1,0.15,12754.18,10268.41,2485.77,0.19489845681964657,7,July,2025Q3
O003225,2025-07-06,C0502,P0097,S015,6,0.15,54523.34,49372.32,5151.02,0.09447366944138053,7,July,2025Q3
O003366,2025-07-06,C0984,P0051,S006,4,0.15,14530.61,12890.28,1640.33,0.11288789665402897,7,July,2025Q3
O004071,2025-07-06,C0714,P0096,S005,2,0.05,12294.25,8409.38,3884.87,0.31599080871138946,7,July,2025Q3
O004081,2025-07-06,C0782,P0104,S023,7,0.2,43909.43,42934.29,975.14,0.022207985847231448,7,July,2025Q3
O004429,2025-07-06,C0238,P0002,S005,7,0.0,185661.98,132880.09,52781.89,0.28429024617748877,7,July,2025Q3
O004438,2025-07-06,C0139,P0003,S020,5,0.05,55232.05,39564.3,15667.75,0.28367134661849414,7,July,2025Q3
O004457,2025-07-06,C0028,P0010,S012,4,0.2,5467.58,4930.2,537.38,0.09828479875923168,7,July,2025Q3
O004801,2025-07-06,C0290,P0063,S024,2,0.2,3273.82,3648.48,-374.66,-0.11444123378805188,7,July,2025Q3
O004807,2025-07-06,C0797,P0065,S010,3,0.0,11208.09,9270.63,1937.46,0.172862637612653,7,July,2025Q3
O005105,2025-07-06,C0538,P0061,S001,5,0.0,124075.8,99429.1,24646.7,0.19864228157303843,7,July,2025Q3
O005128,2025-07-06,C0508,P0029,S017,4,0.15,1134.89,881.48,253.41,0.22329036294266402,7,July,2025Q3
O005200,2025-07-06,C0431,P0078,S016,3,0.15,13950.28,11353.2,2597.08,0.18616687263624815,7,July,2025Q3
O006000,2025-07-06,C0907,P0011,S002,2,0.15,19833.56,17988.26,1845.3,0.09303927282847858,7,July,2025Q3
O000168,2025-07-05,C0617,P0092,S004,4,0.1,64682.5,47978.48,16704.02,0.25824635720635414,7,July,2025Q3
O000236,2025-07-05,C0628,P0111,S009,3,0.15,67067.88,58851.9,8215.98,0.12250245572097998,7,July,2025Q3
O000413,2025-07-05,C0088,P0068,S023,7,0.2,110262.49,114904.72,-4642.23,-0.04210162494969957,7,July,2025Q3
O000678,2025-07-05,C0596,P0062,S019,7,0.05,107411.73,83359.43,24052.3,0.2239261950254409,7,July,2025Q3
O000783,2025-07-05,C0487,P0092,S012,5,0.0,89836.8,59973.1,29863.7,0.33242168020232243,7,July,2025Q3
O001003,2025-07-05,C0530,P0098,S002,4,0.0,80861.8,53452.6,27409.2,0.33896351552896425,7,July,2025Q3
O001390,2025-07-05,C0572,P0061,S005,2,0.0,49630.32,39771.64,9858.68,0.19864228157303843,7,July,2025Q3
O002300,2025-07-05,C0639,P0117,S011,8,0.1,142470.07,140941.76,1528.31,0.0107272355520005,7,July,2025Q3
O003105,2025-07-05,C0629,P0021,S016,4,0.15,83006.92,79098.24,3908.68,0.04708860417902507,7,July,2025Q3
O003271,2025-07-05,C0705,P0009,S016,4,0.1,121549.43,109069.88,12479.55,0.10267057607756779,7,July,2025Q3
O003314,2025-07-05,C0465,P0109,S003,8,0.1,100418.26,93757.28,6660.98,0.06633235827826532,7,July,2025Q3
O003981,2025-07-05,C0209,P0042,S025,4,0.05,26869.76,22504.16,4365.6,0.1624726086128049,7,July,2025Q3
O004098,2025-07-05,C0394,P0104,S009,8,0.15,53318.6,49067.76,4250.84,0.07972527410697205,7,July,2025Q3
O004584,2025-07-05,C0842,P0044,S019,5,0.1,52262.78,50344.1,1918.68,0.03671216877479537,7,July,2025Q3
O005694,2025-07-05,C0817,P0053,S006,2,0.1,49037.35,48032.0,1005.35,0.020501719607605225,7,July,2025Q3
O000109,2025-07-04,C0301,P0028,S025,8,0.15,58881.81,57057.44,1824.37,0.030983592386171554,7,July,2025Q3
O000662,2025-07-04,C0408,P0019,S023,7,0.05,213743.24,170085.23,43658.01,0.20425445969659675,7,July,2025Q3
O000712,2025-07-04,C0722,P0037,S018,1,0.0,36963.96,26710.09,10253.87,0.27740182599483393,7,July,2025Q3
O001327,2025-07-04,C0760,P0104,S012,6,0.0,47045.82,36800.82,10245.0,0.2177664243071967,7,July,2025Q3
O002090,2025-07-04,C0490,P0033,S017,2,0.1,53592.05,42390.46,11201.59,0.2090158894836081,7,July,2025Q3
O002279,2025-07-04,C0230,P0019,S010,3,0.1,86782.97,72893.67,13889.3,0.16004637776282604,7,July,2025Q3
O003197,2025-07-04,C0929,P0036,S025,5,0.1,61873.42,48275.25,13598.17,0.21977401604760172,7,July,2025Q3
O003357,2025-07-04,C0449,P0033,S017,4,0.05,113138.77,84780.92,28357.85,0.25064661742389455,7,July,2025Q3
O003365,2025-07-04,C0460,P0080,S011,6,0.0,118806.54,76899.42,41907.12,0.35273411716223707,7,July,2025Q3
O004217,2025-07-04,C0441,P0025,S006,2,0.1,2662.0,2081.12,580.88,0.21821187077385423,7,July,2025Q3
O005407,2025-07-04,C0828,P0067,S004,7,0.1,130711.64,103425.63,27286.01,0.20874965687830097,7,July,2025Q3
O005850,2025-07-04,C0081,P0085,S012,1,0.05,23974.38,18767.13,5207.25,0.2172006116529395,7,July,2025Q3
O000044,2025-07-03,C0916,P0057,S020,5,0.2,177850.68,147806.15,30044.53,0.16893120678537749,7,July,2025Q3
O001039,2025-07-03,C0031,P0072,S004,3,0.05,84111.11,60331.83,23779.28,0.2827127117927703,7,July,2025Q3
O001256,2025-07-03,C0285,P0017,S024,7,0.0,65398.34,57812.86,7585.48,0.11598887678188774,7,July,2025Q3
O001518,2025-07-03,C0252,P0010,S007,6,0.05,9739.13,7395.3,2343.83,0.2406611268152289,7,July,2025Q3
O001663,2025-07-03,C0070,P0112,S006,5,0.0,191319.1,136815.8,54503.3,0.28488164537675537,7,July,2025Q3
O001895,2025-07-03,C0314,P0021,S015,3,0.0,73241.4,59323.68,13917.72,0.1900253135521713,7,July,2025Q3
O002903,2025-07-03,C0558,P0087,S005,7,0.2,194587.68,159597.55,34990.13,0.17981677976735216,7,July,2025Q3
O003101,2025-07-03,C0563,P0042,S018,6,0.1,38183.35,33756.24,4427.11,0.11594346750612505,7,July,2025Q3
O003393,2025-07-03,C0355,P0098,S025,4,0.05,76818.71,53452.6,23366.11,0.304172121609436,7,July,2025Q3
O003897,2025-07-03,C0985,P0066,S008,4,0.0,66963.12,57249.64,9713.48,0.14505715982170483,7,July,2025Q3
O003992,2025-07-03,C0653,P0025,S014,5,0.0,7394.45,5202.8,2191.65,0.29639121232816507,7,July,2025Q3
O004096,2025-07-03,C0067,P0057,S004,1,0.1,40016.4,29561.23,10455.17,0.26127212842734476,7,July,2025Q3
O004162,2025-07-03,C0069,P0006,S005,6,0.2,9316.27,8834.1,482.17,0.05175569192391376,7,July,2025Q3
O004247,2025-07-03,C0896,P0038,S025,6,0.2,141372.43,120197.04,21175.39,0.14978443816803602,7,July,2025Q3
O004296,2025-07-03,C0794,P0073,S020,7,0.1,50403.15,48859.16,1543.99,0.03063280767174274,7,July,2025Q3
O004874,2025-07-03,C0701,P0031,S019,3,0.1,3160.4,2559.0,601.4,0.1902923680546766,7,July,2025Q3
O005168,2025-07-03,C0141,P0073,S017,8,0.1,57603.6,55839.04,1764.56,0.03063280767174274,7,July,2025Q3
O005468,2025-07-03,C0904,P0012,S024,7,0.1,15762.1,14120.26,1641.84,0.10416378528241794,7,July,2025Q3
O005491,2025-07-03,C0798,P0083,S014,5,0.0,75937.25,58826.75,17110.5,0.22532419859818467,7,July,2025Q3
O005797,2025-07-03,C0684,P0084,S014,8,0.1,171040.54,125493.68,45546.86,0.26629277480064084,7,July,2025Q3
O005979,2025-07-03,C0501,P0110,S019,6,0.05,205181.76,154451.46,50730.3,0.24724566160266878,7,July,2025Q3
O000139,2025-07-02,C0132,P0086,S021,4,0.0,59424.84,50201.52,9223.32,0.15520984154101214,7,July,2025Q3
O000266,2025-07-02,C0882,P0118,S011,8,0.1,193926.02,155926.4,37999.62,0.19594905314923702,7,July,2025Q3
O000473,2025-07-02,C0320,P0043,S007,2,0.1,40383.23,38522.94,1860.29,0.04606590408939552,7,July,2025Q3
O001780,2025-07-02,C0557,P0062,S010,2,0.0,32304.28,23816.98,8487.3,0.2627298921381315,7,July,2025Q3
O002192,2025-07-02,C0079,P0089,S005,6,0.2,156089.52,158167.38,-2077.86,-0.013311976358182152,7,July,2025Q3
O002398,2025-07-02,C0347,P0011,S014,6,0.0,70000.8,53964.78,16036.02,0.2290833819042068,7,July,2025Q3
O002688,2025-07-02,C0808,P0012,S012,3,0.1,6755.18,6051.54,703.64,0.10416302748409369,7,July,2025Q3
O003163,2025-07-02,C0535,P0066,S024,4,0.15,56918.65,57249.64,-330.99,-0.005815141434310196,7,July,2025Q3
O003450,2025-07-02,C0408,P0116,S019,2,0.15,21027.15,18407.84,2619.31,0.12456799899177966,7,July,2025Q3
O003614,2025-07-02,C0110,P0018,S025,2,0.0,3152.32,2146.48,1005.84,0.31907928129123947,7,July,2025Q3
O004027,2025-07-02,C0263,P0074,S006,1,0.1,15403.51,12675.24,2728.27,0.1771200200473788,7,July,2025Q3
O004973,2025-07-02,C0594,P0095,S023,4,0.2,120632.96,101267.32,19365.64,0.16053357225090056,7,July,2025Q3
O005352,2025-07-02,C0473,P0060,S014,3,0.2,72015.19,62929.38,9085.81,0.12616518820543277,7,July,2025Q3
O005705,2025-07-02,C0176,P0052,S022,8,0.05,210841.71,182365.28,28476.43,0.13506070501894527,7,July,2025Q3
O000223,2025-07-01,C0224,P0115,S019,5,0.0,168473.55,127886.35,40587.2,0.2409114071615396,7,July,2025Q3
O000251,2025-07-01,C0333,P0087,S017,8,0.2,222385.92,182397.2,39988.72,0.17981677976735216,7,July,2025Q3
O000507,2025-07-01,C0232,P0024,S014,1,0.15,7743.84,7249.22,494.62,0.06387270398148721,7,July,2025Q3
O001276,2025-07-01,C0818,P0060,S017,5,0.05,142530.07,104882.3,37647.77,0.2641391392005911,7,July,2025Q3
O001302,2025-07-01,C0766,P0056,S001,6,0.2,209022.86,169599.96,39422.9,0.1886056864785029,7,July,2025Q3
O001609,2025-07-01,C0438,P0060,S014,7,0.1,189039.88,146835.22,42204.66,0.2232579707519916,7,July,2025Q3
O001635,2025-07-01,C0986,P0018,S015,8,0.05,11978.82,8585.92,3392.9,0.28324158806960953,7,July,2025Q3
O001743,2025-07-01,C0131,P0052,S023,4,0.2,88775.46,91182.64,-2407.18,-0.027115376253753005,7,July,2025Q3
O001884,2025-07-01,C0593,P0047,S012,8,0.2,4179.14,4316.72,-137.58,-0.03292064874591423,7,July,2025Q3
O002092,2025-07-01,C0370,P0040,S003,7,0.2,2019.14,1775.06,244.08,0.12088314827104608,7,July,2025Q3
O002200,2025-07-01,C0067,P0093,S009,5,0.2,135971.48,112116.7,23854.78,0.17543958483058356,7,July,2025Q3
O002542,2025-07-01,C0861,P0031,S005,1,0.15,994.94,853.0,141.94,0.14266186905743058,7,July,2025Q3
O002698,2025-07-01,C0018,P0086,S012,6,0.1,80223.53,75302.28,4921.25,0.06134422157688648,7,July,2025Q3
O002821,2025-07-01,C0806,P0003,S025,3,0.0,34883.4,23738.58,11144.82,0.31948777928756944,7,July,2025Q3
O002834,2025-07-01,C0969,P0097,S012,5,0.0,53454.25,41143.6,12310.65,0.23030254844095652,7,July,2025Q3
O003010,2025-07-01,C0182,P0059,S013,2,0.2,3627.47,3591.92,35.55,0.009800218885338817,7,July,2025Q3
O003545,2025-07-01,C0415,P0008,S013,3,0.15,38574.26,34816.02,3758.24,0.09742869986358778,7,July,2025Q3
O003667,2025-07-01,C0183,P0077,S011,2,0.1,71248.27,54067.12,17181.15,0.241144802533451,7,July,2025Q3
O003747,2025-07-01,C0589,P0107,S004,3,0.05,64045.46,53067.09,10978.37,0.17141527283901156,7,July,2025Q3
O004049,2025-07-01,C0701,P0092,S020,1,0.2,14373.89,11994.62,2379.27,0.16552721636244608,7,July,2025Q3
O004187,2025-07-01,C0011,P0041,S004,5,0.0,185442.2,127762.8,57679.4,0.31103707786037915,7,July,2025Q3
O004394,2025-07-01,C0522,P0001,S012,6,0.15,30789.82,24571.86,6217.96,0.20194856611698284,7,July,2025Q3
O004566,2025-07-01,C0934,P0068,S020,3,0.05,56115.73,49244.88,6870.85,0.12244071314763258,7,July,2025Q3
O004634,2025-07-01,C0597,P0064,S012,8,0.2,220003.2,198017.12,21986.08,0.09993527366874663,7,July,2025Q3
O005879,2025-07-01,C0782,P0117,S013,5,0.05,93990.67,88088.6,5902.07,0.06279421138289577,7,July,2025Q3
O000209,2025-06-30,C0686,P0051,S013,4,0.15,14530.61,12890.28,1640.33,0.11288789665402897,6,June,2025Q2
O000377,2025-06-30,C0364,P0081,S010,4,0.15,141365.61,119674.48,21691.13,0.15343993493184094,6,June,2025Q2
O000517,2025-06-30,C0984,P0103,S010,5,0.0,50247.45,38174.05,12073.4,0.24027885992224482,6,June,2025Q2
O000646,2025-06-30,C0292,P0059,S006,3,0.2,5441.21,5387.88,53.33,0.009801128793044194,6,June,2025Q2
O001466,2025-06-30,C0849,P0070,S014,6,0.0,71475.42,48296.04,23179.38,0.32429861902175605,6,June,2025Q2
O001514,2025-06-30,C0383,P0115,S021,2,0.1,60650.48,51154.54,9495.94,0.15656825799235224,6,June,2025Q2
O001963,2025-06-30,C0579,P0056,S014,1,0.05,41369.11,28266.66,13102.45,0.31672061593783385,6,June,2025Q2
O002283,2025-06-30,C0214,P0052,S014,7,0.1,174776.68,159569.62,15207.06,0.08700851852775782,6,June,2025Q2
O003135,2025-06-30,C0600,P0009,S017,4,0.0,135054.92,109069.88,25985.04,0.19240350518144766,6,June,2025Q2
O003355,2025-06-30,C0794,P0072,S022,7,0.0,206588.69,140774.27,65814.42,0.318577072152401,6,June,2025Q2
O003425,2025-06-30,C0929,P0117,S017,2,0.15,33638.77,35235.44,-1596.67,-0.04746517188351418,6,June,2025Q2
O004068,2025-06-30,C0868,P0059,S009,7,0.2,12696.15,12571.72,124.43,0.009800608845988745,6,June,2025Q2
O004334,2025-06-30,C0364,P0029,S023,7,0.05,2219.7,1542.59,677.11,0.30504572690003157,6,June,2025Q2
O004338,2025-06-30,C0896,P0092,S019,8,0.1,129364.99,95956.96,33408.03,0.25824629986830283,6,June,2025Q2
O005102,2025-06-30,C0671,P0071,S014,3,0.1,18027.39,14111.07,3916.32,0.2172427622634225,6,June,2025Q2
O005540,2025-06-30,C0966,P0047,S015,6,0.1,3526.15,3237.54,288.61,0.08184847496561405,6,June,2025Q2
O005719,2025-06-30,C0130,P0031,S008,3,0.15,2984.83,2559.0,425.83,0.14266474137555574,6,June,2025Q2
O000186,2025-06-29,C0604,P0103,S024,2,0.1,18089.08,15269.62,2819.46,0.155865306582756,6,June,2025Q2
O000479,2025-06-29,C0491,P0060,S006,5,0.05,142530.07,104882.3,37647.77,0.2641391392005911,6,June,2025Q2
O000703,2025-06-29,C0030,P0012,S005,5,0.15,10633.16,10085.9,547.26,0.051467296645587954,6,June,2025Q2
O002141,2025-06-29,C0073,P0029,S009,3,0.1,901.23,661.11,240.12,0.26643587097633237,6,June,2025Q2
O004004,2025-06-29,C0092,P0017,S001,5,0.15,39706.14,41294.9,-1588.76,-0.04001295517519457,6,June,2025Q2
O004012,2025-06-29,C0572,P0054,S003,8,0.1,66951.58,63852.88,3098.7,0.046282701618094745,6,June,2025Q2
O004819,2025-06-29,C0892,P0102,S022,3,0.0,3834.78,3187.98,646.8,0.16866678140597371,6,June,2025Q2
O005075,2025-06-29,C0821,P0012,S018,8,0.0,20015.36,16137.44,3877.92,0.19374720214874977,6,June,2025Q2
O005343,2025-06-29,C0537,P0049,S025,8,0.0,134327.76,93607.44,40720.32,0.3031415099901911,6,June,2025Q2
O000108,2025-06-28,C0227,P0114,S007,6,0.05,230959.27,174103.98,56855.29,0.24617020135195267,6,June,2025Q2
O000344,2025-06-28,C0901,P0105,S014,7,0.0,127728.09,84202.16,43525.93,0.3407702252495908,6,June,2025Q2
O000704,2025-06-28,C0361,P0021,S017,4,0.15,83006.92,79098.24,3908.68,0.04708860417902507,6,June,2025Q2
O000832,2025-06-28,C0096,P0027,S010,3,0.0,37570.08,28229.34,9340.74,0.24862177562571067,6,June,2025Q2
O001269,2025-06-28,C0718,P0074,S010,5,0.15,72738.79,63376.2,9362.59,0.1287152288345737,6,June,2025Q2
O001391,2025-06-28,C0370,P0109,S025,3,0.05,39748.89,35158.98,4589.91,0.11547265848178402,6,June,2025Q2
O002409,2025-06-28,C0719,P0011,S019,6,0.15,59500.68,53964.78,5535.9,0.0930392728284786,6,June,2025Q2
O003684,2025-06-28,C0556,P0011,S005,3,0.0,35000.4,26982.39,8018.01,0.2290833819042068,6,June,2025Q2
O004234,2025-06-28,C0283,P0116,S010,2,0.2,19790.26,18407.84,1382.42,0.06985355422313806,6,June,2025Q2
O004795,2025-06-28,C0291,P0113,S002,2,0.2,15182.77,13736.7,1446.07,0.09524414846566205,6,June,2025Q2
O004977,2025-06-28,C0433,P0042,S015,3,0.15,18031.02,16878.12,1152.9,0.063939810393422,6,June,2025Q2
O005787,2025-06-28,C0733,P0096,S008,5,0.15,27500.3,21023.45,6476.85,0.23551924888092132,6,June,2025Q2
O005826,2025-06-28,C0542,P0107,S012,7,0.05,149439.4,123823.21,25616.19,0.17141523587487636,6,June,2025Q2
O005969,2025-06-28,C0609,P0087,S022,1,0.2,27798.24,22799.65,4998.59,0.17981677976735216,6,June,2025Q2
O000640,2025-06-27,C0431,P0057,S024,1,0.05,42239.54,29561.23,12678.31,0.30015265317756773,6,June,2025Q2
O001755,2025-06-27,C0292,P0022,S004,5,0.05,127166.24,86778.1,40388.14,0.31760111803258473,6,June,2025Q2
O001923,2025-06-27,C0703,P0094,S004,7,0.0,105034.44,71878.87,33155.57,0.31566379560837377,6,June,2025Q2
O002858,2025-06-27,C0138,P0114,S002,2,0.05,76986.42,58034.66,18951.76,0.24617016871287167,6,June,2025Q2
O003543,2025-06-27,C0574,P0086,S024,3,0.2,35654.9,37651.14,-1996.24,-0.055987816541344944,6,June,2025Q2
O003663,2025-06-27,C0705,P0071,S014,1,0.2,5341.45,4703.69,637.76,0.11939829072630091,6,June,2025Q2
O003770,2025-06-27,C0426,P0111,S008,1,0.0,26301.13,19617.3,6683.83,0.25412710404457906,6,June,2025Q2
O003801,2025-06-27,C0570,P0042,S023,6,0.15,36062.05,33756.24,2305.81,0.06394006996274476,6,June,2025Q2
O003872,2025-06-27,C0809,P0113,S004,2,0.1,17080.61,13736.7,3343.91,0.19577228213746464,6,June,2025Q2
O004460,2025-06-27,C0540,P0057,S019,1,0.05,42239.54,29561.23,12678.31,0.30015265317756773,6,June,2025Q2
O005535,2025-06-27,C0216,P0047,S019,8,0.1,4701.53,4316.72,384.81,0.08184782400622777,6,June,2025Q2
O005769,2025-06-27,C0179,P0066,S016,4,0.05,63614.96,57249.64,6365.32,0.10006011164669443,6,June,2025Q2
O000165,2025-06-26,C0499,P0102,S016,1,0.15,1086.52,1062.66,23.86,0.021960019143688104,6,June,2025Q2
O000495,2025-06-26,C0092,P0075,S001,7,0.0,245501.34,185313.03,60188.31,0.24516489400831784,6,June,2025Q2
O000915,2025-06-26,C0909,P0104,S021,7,0.0,54886.79,42934.29,11952.5,0.21776642430719667,6,June,2025Q2
O001031,2025-06-26,C0201,P0026,S021,4,0.0,27101.0,17738.6,9362.4,0.34546326703811664,6,June,2025Q2
O001309,2025-06-26,C0513,P0002,S025,4,0.0,106092.56,75931.48,30161.08,0.2842902461774888,6,June,2025Q2
O002120,2025-06-26,C0193,P0081,S019,7,0.1,261942.16,209430.34,52511.82,0.2004710505555883,6,June,2025Q2
O002167,2025-06-26,C0361,P0032,S009,8,0.0,303085.44,203401.04,99684.4,0.3288986762280629,6,June,2025Q2
O003525,2025-06-26,C0131,P0093,S012,6,0.2,163165.78,134540.04,28625.74,0.1754396050446362,6,June,2025Q2
O003945,2025-06-26,C0848,P0089,S012,6,0.0,195111.9,158167.38,36944.52,0.18935041891345428,6,June,2025Q2
O004935,2025-06-26,C0996,P0064,S024,8,0.0,275004.0,198017.12,76986.88,0.27994821893499733,6,June,2025Q2
O005408,2025-06-26,C0777,P0080,S006,4,0.15,67323.71,51266.28,16057.43,0.2385107713166728,6,June,2025Q2
O000010,2025-06-25,C0420,P0073,S015,3,0.05,22801.42,20939.64,1861.78,0.08165193220422237,6,June,2025Q2
O000222,2025-06-25,C0078,P0071,S006,8,0.05,50743.76,37629.52,13114.24,0.2584404466677282,6,June,2025Q2
O000363,2025-06-25,C0711,P0103,S004,5,0.1,45222.7,38174.05,7048.65,0.15586530658275602,6,June,2025Q2
O001107,2025-06-25,C0764,P0052,S007,7,0.0,194196.31,159569.62,34626.69,0.17830766197359776,6,June,2025Q2
O001188,2025-06-25,C0323,P0105,S008,6,0.2,87584.98,72173.28,15411.7,0.17596281919571144,6,June,2025Q2
O001206,2025-06-25,C0387,P0117,S023,7,0.2,110810.06,123324.04,-12513.98,-0.11293180420622459,6,June,2025Q2
O001501,2025-06-25,C0356,P0062,S020,1,0.0,16152.14,11908.49,4243.65,0.2627298921381315,6,June,2025Q2
O001679,2025-06-25,C0448,P0118,S002,4,0.0,107736.68,77963.2,29773.48,0.27635416276053804,6,June,2025Q2
O002450,2025-06-25,C0519,P0118,S021,3,0.15,68682.13,58472.4,10209.73,0.1486519128046844,6,June,2025Q2
O002661,2025-06-25,C0820,P0079,S012,6,0.0,256870.5,175023.06,81847.44,0.31863308554310443,6,June,2025Q2
O002879,2025-06-25,C0306,P0031,S016,3,0.1,3160.4,2559.0,601.4,0.1902923680546766,6,June,2025Q2
O002992,2025-06-25,C0399,P0022,S019,3,0.1,72283.97,52066.86,20217.11,0.27969008896439973,6,June,2025Q2
O003333,2025-06-25,C0420,P0036,S002,8,0.0,109997.2,77240.4,32756.8,0.29779667118799386,6,June,2025Q2
O003489,2025-06-25,C0293,P0048,S001,1,0.15,7781.6,7848.41,-66.81,-0.008585637915081731,6,June,2025Q2
O004914,2025-06-25,C0584,P0010,S011,4,0.15,5809.31,4930.2,879.11,0.15132778247330578,6,June,2025Q2
O005119,2025-06-25,C0024,P0085,S006,2,0.05,47948.76,37534.26,10414.5,0.2172006116529395,6,June,2025Q2
O005520,2025-06-25,C0085,P0086,S019,2,0.15,25255.56,25100.76,154.8,0.006129343400027559,6,June,2025Q2
O000380,2025-06-24,C0919,P0051,S022,3,0.0,12821.13,9667.71,3153.42,0.2459549197301642,6,June,2025Q2
O000458,2025-06-24,C0946,P0062,S024,5,0.05,76722.66,59542.45,17180.21,0.2239261516740947,6,June,2025Q2
O000690,2025-06-24,C0944,P0117,S006,2,0.0,39575.02,35235.44,4339.58,0.10965452449550248,6,June,2025Q2
O000742,2025-06-24,C0390,P0013,S014,6,0.05,52543.85,36863.04,15680.81,0.29843283276729815,6,June,2025Q2
O001032,2025-06-24,C0194,P0086,S016,8,0.15,101022.23,100403.04,619.19,0.006129245018645897,6,June,2025Q2
O001209,2025-06-24,C0759,P0076,S007,2,0.15,65755.56,54205.52,11550.04,0.17565115406210519,6,June,2025Q2
O001737,2025-06-24,C0322,P0016,S003,7,0.1,89767.31,73165.54,16601.77,0.18494226907322944,6,June,2025Q2
O002451,2025-06-24,C0554,P0081,S024,3,0.15,106024.21,89755.86,16268.35,0.15343995489332105,6,June,2025Q2
O002530,2025-06-24,C0150,P0033,S020,2,0.05,56569.38,42390.46,14178.92,0.2506465511907679,6,June,2025Q2
O002767,2025-06-24,C0946,P0031,S020,2,0.0,2341.04,1706.0,635.04,0.2712640535830229,6,June,2025Q2
O002814,2025-06-24,C0091,P0047,S024,5,0.15,2775.21,2697.95,77.26,0.0278393346809791,6,June,2025Q2
O002874,2025-06-24,C0365,P0007,S014,3,0.1,50663.5,39324.18,11339.32,0.22381635694336158,6,June,2025Q2
O003210,2025-06-24,C0603,P0034,S011,1,0.0,12876.1,10229.52,2646.58,0.20554205077624435,6,June,2025Q2
O004298,2025-06-24,C0840,P0069,S015,4,0.0,26247.6,23040.68,3206.92,0.12217955165424649,6,June,2025Q2
O005555,2025-06-24,C0043,P0067,S023,4,0.1,74692.37,59100.36,15592.01,0.20874970227882717,6,June,2025Q2
O005657,2025-06-24,C0473,P0020,S017,8,0.0,369170.08,239906.0,129264.08,0.35014776928834535,6,June,2025Q2
O005677,2025-06-24,C0449,P0069,S013,6,0.0,39371.4,34561.02,4810.38,0.12217955165424649,6,June,2025Q2
O005772,2025-06-24,C0255,P0081,S022,4,0.0,166312.48,119674.48,46638.0,0.2804239345117095,6,June,2025Q2
O000054,2025-06-23,C0532,P0067,S023,2,0.1,37346.18,29550.18,7796.0,0.20874959634425796,6,June,2025Q2
O000217,2025-06-23,C0985,P0100,S015,8,0.15,125697.73,124440.32,1257.41,0.010003442385156837,6,June,2025Q2
O000445,2025-06-23,C0945,P0087,S016,8,0.0,277982.4,182397.2,95585.2,0.3438534238138817,6,June,2025Q2
O000570,2025-06-23,C0058,P0044,S024,1,0.1,10452.56,10068.82,383.74,0.0367125374071041,6,June,2025Q2
O000908,2025-06-23,C0323,P0052,S025,3,0.1,74904.29,68386.98,6517.31,0.08700850111522318,6,June,2025Q2
O001290,2025-06-23,C0936,P0087,S008,2,0.05,66020.82,45599.3,20421.52,0.30931939348829657,6,June,2025Q2
O001667,2025-06-23,C0432,P0034,S007,6,0.0,77256.6,61377.12,15879.48,0.20554205077624435,6,June,2025Q2
O002301,2025-06-23,C0721,P0023,S010,5,0.0,217025.4,140345.7,76679.7,0.3533213163067549,6,June,2025Q2
O003924,2025-06-23,C0477,P0061,S020,6,0.0,148890.96,119314.92,29576.04,0.19864228157303843,6,June,2025Q2
O004061,2025-06-23,C0858,P0030,S002,8,0.1,89188.63,82836.96,6351.67,0.07121614044301386,6,June,2025Q2
O004417,2025-06-23,C0575,P0007,S011,3,0.1,50663.5,39324.18,11339.32,0.22381635694336158,6,June,2025Q2
O004614,2025-06-23,C0363,P0089,S015,1,0.1,29266.79,26361.23,2905.56,0.09927839711837205,6,June,2025Q2
O004867,2025-06-23,C0692,P0077,S010,6,0.0,237494.22,162201.36,75292.86,0.3170302839370154,6,June,2025Q2
O005323,2025-06-23,C0079,P0070,S024,7,0.0,83387.99,56345.38,27042.61,0.324298619021756,6,June,2025Q2
O000756,2025-06-22,C0280,P0009,S019,8,0.1,243098.86,218139.76,24959.1,0.10267057607756779,6,June,2025Q2
O001120,2025-06-22,C0841,P0025,S022,2,0.0,2957.78,2081.12,876.66,0.296391212328165,6,June,2025Q2
O001187,2025-06-22,C0619,P0055,S011,6,0.2,152180.11,159962.1,-7781.99,-0.051136708995676246,6,June,2025Q2
O002175,2025-06-22,C0826,P0057,S012,3,0.0,133388.01,88683.69,44704.32,0.33514496542830197,6,June,2025Q2
O002475,2025-06-22,C0248,P0078,S016,1,0.05,5197.16,3784.4,1412.76,0.27183307806571283,6,June,2025Q2
O002518,2025-06-22,C0094,P0089,S016,6,0.15,165845.12,158167.38,7677.74,0.04629463923930954,6,June,2025Q2
O003230,2025-06-22,C0718,P0038,S002,2,0.1,53014.66,40065.68,12948.98,0.24425281610784638,6,June,2025Q2
O003546,2025-06-22,C0217,P0048,S021,1,0.1,8239.34,7848.41,390.93,0.04744676151245124,6,June,2025Q2
O003617,2025-06-22,C0644,P0087,S016,1,0.15,29535.63,22799.65,6735.98,0.2280628515457432,6,June,2025Q2
O003719,2025-06-22,C0199,P0070,S013,4,0.0,47650.28,32197.36,15452.92,0.324298619021756,6,June,2025Q2
O004648,2025-06-22,C0014,P0021,S006,2,0.15,41503.46,39549.12,1954.34,0.04708860417902507,6,June,2025Q2
O004799,2025-06-22,C0172,P0042,S006,8,0.2,45254.34,45008.32,246.02,0.005436384664984618,6,June,2025Q2
O004909,2025-06-22,C0792,P0117,S008,3,0.0,59362.53,52853.16,6509.37,0.10965452449550246,6,June,2025Q2
O005019,2025-06-22,C0613,P0059,S018,4,0.0,9068.68,7183.84,1884.84,0.20784061186413016,6,June,2025Q2
O000004,2025-06-21,C0671,P0012,S008,6,0.0,15011.52,12103.08,2908.44,0.19374720214874977,6,June,2025Q2
O000248,2025-06-21,C0267,P0047,S012,5,0.05,3101.7,2697.95,403.75,0.13017055163297547,6,June,2025Q2
O000447,2025-06-21,C0474,P0101,S014,1,0.15,15326.68,15302.5,24.18,0.0015776410807820088,6,June,2025Q2
O001377,2025-06-21,C0615,P0024,S022,7,0.0,63772.8,50744.54,13028.26,0.20429179838426414,6,June,2025Q2
O001411,2025-06-21,C0029,P0031,S010,3,0.15,2984.83,2559.0,425.83,0.14266474137555574,6,June,2025Q2
O001574,2025-06-21,C0022,P0023,S009,2,0.0,86810.16,56138.28,30671.88,0.3533213163067549,6,June,2025Q2
O001928,2025-06-21,C0865,P0069,S012,2,0.0,13123.8,11520.34,1603.46,0.12217955165424649,6,June,2025Q2
O002658,2025-06-21,C0152,P0006,S005,4,0.15,6599.03,5889.4,709.63,0.10753550142975558,6,June,2025Q2
O002719,2025-06-21,C0173,P0024,S021,2,0.2,14576.64,14498.44,78.2,0.0053647479803301725,6,June,2025Q2
O002959,2025-06-21,C0553,P0058,S004,5,0.1,151585.74,141423.9,10161.84,0.06703691257502191,6,June,2025Q2
O003320,2025-06-21,C0523,P0041,S004,8,0.1,267036.77,204420.48,62616.29,0.23448564780048828,6,June,2025Q2
O003415,2025-06-21,C0773,P0113,S019,8,0.05,72118.15,54946.8,17171.35,0.2381002563155045,6,June,2025Q2
O004245,2025-06-21,C0816,P0026,S017,7,0.15,40312.74,31042.55,9270.19,0.22995683250505922,6,June,2025Q2
O004500,2025-06-21,C0630,P0041,S006,5,0.0,185442.2,127762.8,57679.4,0.31103707786037915,6,June,2025Q2
O004903,2025-06-21,C0252,P0018,S005,4,0.2,5043.71,4292.96,750.75,0.1488487641042011,6,June,2025Q2
O004951,2025-06-21,C0656,P0087,S009,5,0.1,156365.1,113998.25,42366.85,0.27094824868209083,6,June,2025Q2
O005042,2025-06-21,C0557,P0113,S020,3,0.15,24197.54,20605.05,3592.49,0.1484650919060367,6,June,2025Q2
O005117,2025-06-21,C0573,P0045,S004,6,0.0,46848.9,31218.3,15630.6,0.33363856995575136,6,June,2025Q2
O005232,2025-06-21,C0694,P0058,S017,5,0.15,143164.31,141423.9,1740.41,0.012156730961787893,6,June,2025Q2
O000440,2025-06-20,C0359,P0072,S021,4,0.0,118050.68,80442.44,37608.24,0.318577072152401,6,June,2025Q2
O000550,2025-06-20,C0062,P0034,S009,3,0.1,34765.47,30688.56,4076.91,0.11726894530693817,6,June,2025Q2
O000817,2025-06-20,C0954,P0031,S016,6,0.15,5969.65,5118.0,851.65,0.14266330521889894,6,June,2025Q2
O000875,2025-06-20,C0009,P0014,S021,7,0.1,175319.93,132975.36,42344.57,0.2415274179039428,6,June,2025Q2
O001011,2025-06-20,C0533,P0102,S008,2,0.15,2173.04,2125.32,47.72,0.021960019143688104,6,June,2025Q2
O001559,2025-06-20,C0055,P0057,S009,6,0.0,266776.02,177367.38,89408.64,0.33514496542830197,6,June,2025Q2
O002067,2025-06-20,C0650,P0009,S024,2,0.15,57398.34,54534.94,2863.4,0.04988646013107697,6,June,2025Q2
O003196,2025-06-20,C0799,P0107,S023,1,0.0,22472.09,17689.03,4783.06,0.21284446618004824,6,June,2025Q2
O003368,2025-06-20,C0924,P0099,S011,2,0.0,39288.3,29273.84,10014.46,0.25489675043206245,6,June,2025Q2
O003490,2025-06-20,C0948,P0108,S020,5,0.15,135539.26,112595.2,22944.06,0.16927980866945858,6,June,2025Q2
O003795,2025-06-20,C0747,P0045,S007,2,0.0,15616.3,10406.1,5210.2,0.33363856995575136,6,June,2025Q2
O004375,2025-06-20,C0492,P0020,S025,5,0.0,230731.3,149941.25,80790.05,0.3501477692883454,6,June,2025Q2
O004603,2025-06-20,C0756,P0012,S018,2,0.0,5003.84,4034.36,969.48,0.19374720214874977,6,June,2025Q2
O005509,2025-06-20,C0768,P0027,S013,5,0.15,53224.28,47048.9,6175.38,0.11602561838318903,6,June,2025Q2
O005537,2025-06-20,C0659,P0033,S015,8,0.0,238186.88,169561.84,68625.04,0.2881142739684066,6,June,2025Q2
O005789,2025-06-20,C0709,P0064,S025,6,0.05,195940.35,148512.84,47427.51,0.24205075677368137,6,June,2025Q2
O005892,2025-06-20,C0303,P0053,S004,3,0.05,77642.46,72048.0,5594.46,0.0720541312060437,6,June,2025Q2
O000059,2025-06-19,C0994,P0036,S002,4,0.15,46748.81,38620.2,8128.61,0.1738784366917575,6,June,2025Q2
O000103,2025-06-19,C0478,P0091,S005,1,0.0,6199.52,4486.81,1712.71,0.27626493664025603,6,June,2025Q2
O000120,2025-06-19,C0039,P0012,S003,1,0.0,2501.92,2017.18,484.74,0.19374720214874977,6,June,2025Q2
O000169,2025-06-19,C0738,P0015,S016,8,0.1,215641.58,188008.72,27632.86,0.1281425409700671,6,June,2025Q2
O001037,2025-06-19,C0827,P0095,S013,4,0.1,135712.08,101267.32,34444.76,0.25380761977857835,6,June,2025Q2
O001081,2025-06-19,C0582,P0081,S020,7,0.1,261942.16,209430.34,52511.82,0.2004710505555883,6,June,2025Q2
O001141,2025-06-19,C0351,P0032,S007,1,0.2,30308.54,25425.13,4883.41,0.16112323457348984,6,June,2025Q2
O001617,2025-06-19,C0886,P0008,S004,1,0.2,12101.73,11605.34,496.39,0.04101810237048752,6,June,2025Q2
O001985,2025-06-19,C0894,P0118,S006,4,0.1,96963.01,77963.2,18999.81,0.19594905314923702,6,June,2025Q2
O002072,2025-06-19,C0075,P0024,S021,6,0.1,49196.16,43495.32,5700.84,0.1158797759825157,6,June,2025Q2
O002771,2025-06-19,C0103,P0012,S017,4,0.15,8506.53,8068.72,437.81,0.05146751965842711,6,June,2025Q2
O002840,2025-06-19,C0743,P0018,S015,1,0.2,1260.93,1073.24,187.69,0.14885045165076569,6,June,2025Q2
O003138,2025-06-19,C0642,P0076,S001,2,0.0,77359.48,54205.52,23153.96,0.29930345964062843,6,June,2025Q2
O003484,2025-06-19,C0816,P0059,S013,5,0.2,9068.68,8979.8,88.88,0.009800764830162713,6,June,2025Q2
O004163,2025-06-19,C0353,P0110,S002,2,0.15,61194.56,51483.82,9710.74,0.158686327673571,6,June,2025Q2
O004468,2025-06-19,C0398,P0114,S004,4,0.0,162076.68,116069.32,46007.36,0.2838616881836425,6,June,2025Q2
O004844,2025-06-19,C0566,P0042,S012,8,0.05,53739.52,45008.32,8731.2,0.1624726086128049,6,June,2025Q2
O004862,2025-06-19,C0351,P0032,S013,2,0.05,71982.79,50850.26,21132.53,0.29357753429673955,6,June,2025Q2
O005098,2025-06-19,C0742,P0009,S009,7,0.2,189076.89,190872.29,-1795.4,-0.009495607845041242,6,June,2025Q2
O005155,2025-06-19,C0300,P0076,S001,5,0.2,154718.96,135513.8,19205.16,0.12412932455078551,6,June,2025Q2
O005999,2025-06-19,C0094,P0088,S023,1,0.0,34158.54,23430.43,10728.11,0.3140681656768703,6,June,2025Q2
O000383,2025-06-18,C0460,P0070,S005,4,0.2,38120.22,32197.36,5922.86,0.15537318514950857,6,June,2025Q2
O000982,2025-06-18,C0017,P0117,S023,3,0.2,47490.02,52853.16,-5363.14,-0.11293193812089362,6,June,2025Q2
O001021,2025-06-18,C0602,P0025,S004,2,0.0,2957.78,2081.12,876.66,0.296391212328165,6,June,2025Q2
O001095,2025-06-18,C0933,P0073,S016,8,0.1,57603.6,55839.04,1764.56,0.03063280767174274,6,June,2025Q2
O001731,2025-06-18,C0249,P0103,S025,6,0.0,60296.94,45808.86,14488.08,0.2402788599222448,6,June,2025Q2
O001994,2025-06-18,C0658,P0089,S003,8,0.2,208119.36,210889.84,-2770.48,-0.013311976358182152,6,June,2025Q2
O002165,2025-06-18,C0102,P0038,S014,1,0.2,23562.07,20032.84,3529.23,0.14978437802790673,6,June,2025Q2
O002679,2025-06-18,C0663,P0032,S016,1,0.0,37885.68,25425.13,12460.55,0.3288986762280629,6,June,2025Q2
O003299,2025-06-18,C0976,P0096,S019,7,0.1,40765.16,29432.83,11332.33,0.27799056841675585,6,June,2025Q2
O003838,2025-06-18,C0651,P0091,S019,6,0.15,31617.55,26920.86,4696.69,0.14854693042313524,6,June,2025Q2
O003844,2025-06-18,C0831,P0013,S009,4,0.1,33185.59,24575.36,8610.23,0.25945689077699086,6,June,2025Q2
O004277,2025-06-18,C0693,P0077,S002,7,0.1,249368.93,189234.92,60134.01,0.2411447568869145,6,June,2025Q2
O004367,2025-06-18,C0636,P0091,S021,3,0.0,18598.56,13460.43,5138.13,0.27626493664025603,6,June,2025Q2
O004526,2025-06-18,C0674,P0070,S010,2,0.1,21442.63,16098.68,5343.95,0.24922082785553823,6,June,2025Q2
O004741,2025-06-18,C0513,P0096,S014,4,0.2,20706.11,16818.76,3887.35,0.18773927116199035,6,June,2025Q2
O004763,2025-06-18,C0226,P0077,S004,1,0.0,39582.37,27033.56,12548.81,0.3170302839370154,6,June,2025Q2
O004834,2025-06-18,C0249,P0039,S003,6,0.0,165103.2,132438.3,32664.9,0.19784534763711423,6,June,2025Q2
O005015,2025-06-18,C0039,P0096,S023,2,0.0,12941.32,8409.38,4531.94,0.35019147969449793,6,June,2025Q2
O005073,2025-06-18,C0495,P0071,S019,4,0.15,22701.15,18814.76,3886.39,0.17119793490638138,6,June,2025Q2
O005543,2025-06-18,C0897,P0084,S012,8,0.0,190045.04,125493.68,64551.36,0.33966348187776957,6,June,2025Q2
O005639,2025-06-18,C0096,P0051,S009,4,0.2,13675.87,12890.28,785.59,0.05744351182045457,6,June,2025Q2
O005750,2025-06-18,C0432,P0074,S001,1,0.2,13692.01,12675.24,1016.77,0.07426009767740456,6,June,2025Q2
O005752,2025-06-18,C0626,P0068,S024,5,0.1,88603.78,82074.8,6528.98,0.07368737541445748,6,June,2025Q2
O000613,2025-06-17,C0445,P0075,S008,3,0.15,89432.63,79419.87,10012.76,0.11195868890359145,6,June,2025Q2
O000713,2025-06-17,C0506,P0015,S013,5,0.1,134775.99,117505.45,17270.54,0.1281425571424109,6,June,2025Q2
O001722,2025-06-17,C0622,P0101,S012,6,0.1,97369.51,91815.0,5554.51,0.05704568093235758,6,June,2025Q2
O002066,2025-06-17,C0810,P0069,S016,5,0.15,27888.08,28800.85,-912.77,-0.03272975407414207,6,June,2025Q2
O002116,2025-06-17,C0433,P0048,S022,3,0.15,23344.79,23545.23,-200.44,-0.00858606995393833,6,June,2025Q2
O002630,2025-06-17,C0608,P0049,S003,2,0.0,33581.94,23401.86,10180.08,0.3031415099901911,6,June,2025Q2
O003005,2025-06-17,C0208,P0014,S007,3,0.05,79311.4,56989.44,22321.96,0.2814470555304786,6,June,2025Q2
O003063,2025-06-17,C0142,P0075,S018,4,0.0,140286.48,105893.16,34393.32,0.2451648940083178,6,June,2025Q2
O003206,2025-06-17,C0638,P0024,S013,7,0.05,60584.16,50744.54,9839.62,0.162412419351857,6,June,2025Q2
O003404,2025-06-17,C0009,P0028,S006,6,0.0,51954.54,42793.08,9161.46,0.1763360815051004,6,June,2025Q2
O003704,2025-06-17,C0795,P0095,S013,7,0.05,250690.37,177217.81,73472.56,0.2930809029481268,6,June,2025Q2
O003997,2025-06-17,C0355,P0073,S001,5,0.2,32002.0,34899.4,-2897.4,-0.09053809136928942,6,June,2025Q2
O004355,2025-06-17,C0205,P0078,S017,4,0.15,18600.38,15137.6,3462.78,0.18616716432675032,6,June,2025Q2
O004365,2025-06-17,C0853,P0086,S013,5,0.0,74281.05,62751.9,11529.15,0.15520984154101214,6,June,2025Q2
O004428,2025-06-17,C0720,P0098,S019,7,0.0,141508.15,93542.05,47966.1,0.33896351552896425,6,June,2025Q2
O004705,2025-06-17,C0938,P0107,S005,3,0.05,64045.46,53067.09,10978.37,0.17141527283901156,6,June,2025Q2
O004822,2025-06-17,C0888,P0020,S017,4,0.05,175355.79,119953.0,55402.79,0.3159450281054307,6,June,2025Q2
O005311,2025-06-17,C0215,P0042,S020,2,0.1,12727.78,11252.08,1475.7,0.1159432359767375,6,June,2025Q2
O000399,2025-06-16,C0888,P0059,S008,7,0.1,14283.17,12571.72,1711.45,0.11982284044788377,6,June,2025Q2
O001242,2025-06-16,C0066,P0092,S018,3,0.1,48511.87,35983.86,12528.01,0.2582462807556171,6,June,2025Q2
O002168,2025-06-16,C0470,P0090,S021,5,0.0,104221.45,91735.35,12486.1,0.11980355291545071,6,June,2025Q2
O002285,2025-06-16,C0682,P0052,S005,4,0.0,110969.32,91182.64,19786.68,0.17830766197359774,6,June,2025Q2
O002456,2025-06-16,C0750,P0108,S012,7,0.15,189754.96,157633.28,32121.68,0.16927979115802824,6,June,2025Q2
O003250,2025-06-16,C0900,P0033,S012,5,0.0,148866.8,105976.15,42890.65,0.28811427396840666,6,June,2025Q2
O003515,2025-06-16,C0665,P0067,S022,1,0.0,20747.88,14775.09,5972.79,0.287874712982724,6,June,2025Q2
O003749,2025-06-16,C0229,P0078,S009,7,0.2,30635.92,26490.8,4145.12,0.1353026120971722,6,June,2025Q2
O003802,2025-06-16,C0176,P0024,S019,5,0.0,45552.0,36246.1,9305.9,0.20429179838426412,6,June,2025Q2
O003958,2025-06-16,C0236,P0036,S018,5,0.15,58436.01,48275.25,10160.76,0.17387840134875737,6,June,2025Q2
O004006,2025-06-16,C0230,P0105,S025,5,0.05,86672.63,60144.4,26528.23,0.30607390129963746,6,June,2025Q2
O005288,2025-06-16,C0096,P0088,S021,1,0.15,29034.76,23430.43,5604.33,0.1930213991780886,6,June,2025Q2
O005529,2025-06-16,C0311,P0093,S020,5,0.2,135971.48,112116.7,23854.78,0.17543958483058356,6,June,2025Q2
O005690,2025-06-16,C0574,P0052,S014,4,0.15,94323.92,91182.64,3141.28,0.03330311123625906,6,June,2025Q2
O005758,2025-06-16,C0011,P0006,S024,4,0.0,7763.56,5889.4,1874.16,0.24140471639299496,6,June,2025Q2
O005780,2025-06-16,C0548,P0110,S016,1,0.15,30597.28,25741.91,4855.37,0.158686327673571,6,June,2025Q2
O000104,2025-06-15,C0612,P0007,S025,5,0.1,84439.17,65540.3,18898.87,0.22381638758410344,6,June,2025Q2
O000429,2025-06-15,C0378,P0115,S013,2,0.1,60650.48,51154.54,9495.94,0.15656825799235224,6,June,2025Q2
O000686,2025-06-15,C0894,P0041,S022,5,0.05,176170.09,127762.8,48407.29,0.27477587143197807,6,June,2025Q2
O001123,2025-06-15,C0576,P0081,S007,4,0.15,141365.61,119674.48,21691.13,0.15343993493184094,6,June,2025Q2
O001604,2025-06-15,C0824,P0075,S005,4,0.05,133272.16,105893.16,27379.0,0.20543675438291087,6,June,2025Q2
O001752,2025-06-15,C0394,P0041,S025,3,0.0,111265.32,76657.68,34607.64,0.3110370778603791,6,June,2025Q2
O001787,2025-06-15,C0268,P0087,S011,7,0.1,218911.14,159597.55,59313.59,0.2709482486820908,6,June,2025Q2
O001827,2025-06-15,C0630,P0114,S012,3,0.0,121557.51,87051.99,34505.52,0.28386168818364244,6,June,2025Q2
O001845,2025-06-15,C0080,P0115,S002,3,0.15,85921.51,76731.81,9189.7,0.10695459146376736,6,June,2025Q2
O002176,2025-06-15,C0017,P0015,S007,5,0.15,127288.44,117505.45,9782.99,0.07685686147147376,6,June,2025Q2
O002521,2025-06-15,C0929,P0031,S019,4,0.05,4447.98,3412.0,1035.98,0.23291021992005362,6,June,2025Q2
O002803,2025-06-15,C0169,P0097,S024,2,0.0,21381.7,16457.44,4924.26,0.23030254844095652,6,June,2025Q2
O002939,2025-06-15,C0049,P0019,S013,5,0.15,136602.82,121489.45,15113.37,0.11063732066439039,6,June,2025Q2
O003786,2025-06-15,C0933,P0045,S020,7,0.1,49191.34,36421.35,12769.99,0.25959833580463554,6,June,2025Q2
O004469,2025-06-15,C0731,P0078,S016,5,0.2,21882.8,18922.0,2960.8,0.13530261209717223,6,June,2025Q2
O004536,2025-06-15,C0365,P0116,S011,8,0.2,79161.02,73631.36,5529.66,0.06985331922201103,6,June,2025Q2
O004858,2025-06-15,C0822,P0113,S001,5,0.2,37956.92,34341.75,3615.17,0.09524402928372482,6,June,2025Q2
O005338,2025-06-15,C0525,P0045,S008,1,0.2,6246.52,5203.05,1043.47,0.1670482124446892,6,June,2025Q2
O005488,2025-06-15,C0779,P0016,S024,2,0.15,24222.93,20904.44,3318.49,0.13699787763082336,6,June,2025Q2
O005698,2025-06-15,C0081,P0090,S002,3,0.15,53152.94,55041.21,-1888.27,-0.035525222123178886,6,June,2025Q2
O005754,2025-06-15,C0632,P0054,S022,7,0.2,52073.45,55871.27,-3797.82,-0.07293198357320285,6,June,2025Q2
O000283,2025-06-14,C0020,P0020,S002,1,0.0,46146.26,29988.25,16158.01,0.35014776928834535,6,June,2025Q2
O000740,2025-06-14,C0063,P0004,S019,1,0.0,8516.58,6092.96,2423.62,0.28457667279588755,6,June,2025Q2
O001649,2025-06-14,C0111,P0090,S015,7,0.0,145910.03,128429.49,17480.54,0.11980355291545071,6,June,2025Q2
O001749,2025-06-14,C0450,P0023,S017,5,0.0,217025.4,140345.7,76679.7,0.3533213163067549,6,June,2025Q2
O002102,2025-06-14,C0030,P0101,S001,6,0.0,108188.34,91815.0,16373.34,0.15134107797568574,6,June,2025Q2
O002234,2025-06-14,C0575,P0062,S020,7,0.05,107411.73,83359.43,24052.3,0.2239261950254409,6,June,2025Q2
O002340,2025-06-14,C0775,P0030,S006,7,0.2,69368.94,72482.34,-3113.4,-0.044881758320078124,6,June,2025Q2
O002371,2025-06-14,C0801,P0081,S019,4,0.2,133049.98,119674.48,13375.5,0.10052989109806705,6,June,2025Q2
O002508,2025-06-14,C0800,P0051,S001,4,0.2,13675.87,12890.28,785.59,0.05744351182045457,6,June,2025Q2
O002800,2025-06-14,C0472,P0022,S022,5,0.05,127166.24,86778.1,40388.14,0.31760111803258473,6,June,2025Q2
O002918,2025-06-14,C0056,P0059,S014,3,0.2,5441.21,5387.88,53.33,0.009801128793044194,6,June,2025Q2
O004254,2025-06-14,C0799,P0076,S020,1,0.0,38679.74,27102.76,11576.98,0.29930345964062843,6,June,2025Q2
O004350,2025-06-14,C0770,P0071,S024,8,0.1,48073.03,37629.52,10443.51,0.217242599436732,6,June,2025Q2
O004389,2025-06-14,C0079,P0100,S025,2,0.1,33272.93,31110.08,2162.85,0.06500329246627815,6,June,2025Q2
O004407,2025-06-14,C0162,P0078,S023,6,0.0,32824.2,22706.4,10117.8,0.30824208967773775,6,June,2025Q2
O004975,2025-06-14,C0886,P0004,S011,4,0.05,32363.0,24371.84,7991.16,0.24692272039056948,6,June,2025Q2
O005934,2025-06-14,C0130,P0078,S021,1,0.05,5197.16,3784.4,1412.76,0.27183307806571283,6,June,2025Q2
O000963,2025-06-13,C0146,P0053,S011,5,0.1,122593.36,120080.0,2513.36,0.02050159976037854,6,June,2025Q2
O001217,2025-06-13,C0317,P0065,S023,2,0.05,7098.46,6180.42,918.04,0.1293294601927742,6,June,2025Q2
O001525,2025-06-13,C0203,P0026,S002,8,0.1,48781.8,35477.2,13304.6,0.2727369633756852,6,June,2025Q2
O002031,2025-06-13,C0915,P0066,S016,8,0.0,133926.24,114499.28,19426.96,0.14505715982170483,6,June,2025Q2
O003109,2025-06-13,C0268,P0111,S006,1,0.0,26301.13,19617.3,6683.83,0.25412710404457906,6,June,2025Q2
O003380,2025-06-13,C0114,P0044,S007,3,0.05,33099.76,30206.46,2893.3,0.0874115099323983,6,June,2025Q2
O003633,2025-06-13,C0060,P0020,S008,6,0.0,276877.56,179929.5,96948.06,0.35014776928834535,6,June,2025Q2
O004087,2025-06-13,C0484,P0032,S018,6,0.05,215948.38,152550.78,63397.6,0.293577567009301,6,June,2025Q2
O004445,2025-06-13,C0293,P0096,S018,5,0.2,25882.64,21023.45,4859.19,0.18773934961812241,6,June,2025Q2
O004574,2025-06-13,C0806,P0083,S017,7,0.2,85049.72,82357.45,2692.27,0.031655248247730854,6,June,2025Q2
O004780,2025-06-13,C0203,P0010,S014,1,0.2,1366.9,1232.55,134.35,0.09828809715414441,6,June,2025Q2
O004828,2025-06-13,C0991,P0100,S015,3,0.0,55454.88,46665.12,8789.76,0.1585029126381664,6,June,2025Q2
O004930,2025-06-13,C0720,P0003,S020,8,0.15,79069.04,63302.88,15766.16,0.19939738739714055,6,June,2025Q2
O004964,2025-06-13,C0361,P0065,S002,4,0.0,14944.12,12360.84,2583.28,0.172862637612653,6,June,2025Q2
O004989,2025-06-13,C0129,P0112,S017,6,0.05,218103.77,164178.96,53924.81,0.2472438234332217,6,June,2025Q2
O004995,2025-06-13,C0132,P0089,S024,8,0.2,208119.36,210889.84,-2770.48,-0.013311976358182152,6,June,2025Q2
O005020,2025-06-13,C0296,P0065,S017,4,0.05,14196.91,12360.84,1836.07,0.12932884691105317,6,June,2025Q2
O005036,2025-06-13,C0921,P0054,S021,4,0.1,33475.79,31926.44,1549.35,0.046282701618094745,6,June,2025Q2
O005977,2025-06-13,C0353,P0085,S020,8,0.1,181700.57,150137.04,31563.53,0.17371178307255722,6,June,2025Q2
O000303,2025-06-12,C0572,P0101,S021,6,0.1,97369.51,91815.0,5554.51,0.05704568093235758,6,June,2025Q2
O000388,2025-06-12,C0860,P0113,S005,1,0.05,9014.77,6868.35,2146.42,0.23810036196153644,6,June,2025Q2
O000494,2025-06-12,C0307,P0073,S022,5,0.1,36002.25,34899.4,1102.85,0.030632807671742736,6,June,2025Q2
O000499,2025-06-12,C0729,P0049,S013,7,0.1,105783.11,81906.51,23876.6,0.225712781558417,6,June,2025Q2
O000650,2025-06-12,C0353,P0019,S012,8,0.15,218564.51,194383.12,24181.39,0.11063731252617362,6,June,2025Q2
O000790,2025-06-12,C0901,P0104,S025,7,0.0,54886.79,42934.29,11952.5,0.21776642430719667,6,June,2025Q2
O001457,2025-06-12,C0015,P0020,S015,3,0.1,124594.9,89964.75,34630.15,0.2779419542854483,6,June,2025Q2
O001458,2025-06-12,C0117,P0102,S022,7,0.05,8500.43,7438.62,1061.81,0.12491250442624666,6,June,2025Q2
O001532,2025-06-12,C0772,P0045,S013,2,0.15,13273.86,10406.1,2867.76,0.2160456717187013,6,June,2025Q2
O001716,2025-06-12,C0043,P0071,S023,4,0.0,26707.24,18814.76,7892.48,0.29551836880186794,6,June,2025Q2
O001831,2025-06-12,C0427,P0023,S005,8,0.0,347240.64,224553.12,122687.52,0.3533213163067549,6,June,2025Q2
O001849,2025-06-12,C0544,P0011,S020,4,0.0,46667.2,35976.52,10690.68,0.22908338190420682,6,June,2025Q2
O001912,2025-06-12,C0782,P0120,S005,7,0.05,81483.58,69223.56,12260.02,0.15046000678909788,6,June,2025Q2
O002089,2025-06-12,C0426,P0025,S007,2,0.15,2514.11,2081.12,432.99,0.1722239679250311,6,June,2025Q2
O002263,2025-06-12,C0045,P0073,S001,3,0.05,22801.42,20939.64,1861.78,0.08165193220422237,6,June,2025Q2
O002295,2025-06-12,C0480,P0032,S024,3,0.1,102291.34,76275.39,26015.95,0.2543318916342283,6,June,2025Q2
O003199,2025-06-12,C0666,P0005,S007,5,0.05,190578.55,135856.6,54721.95,0.2871359342381396,6,June,2025Q2
O003362,2025-06-12,C0820,P0030,S013,5,0.1,55742.9,51773.1,3969.8,0.07121624458002723,6,June,2025Q2
O003657,2025-06-12,C0614,P0006,S019,6,0.1,10480.81,8834.1,1646.71,0.15711667323422523,6,June,2025Q2
O003681,2025-06-12,C0425,P0030,S009,3,0.1,33445.74,31063.86,2381.88,0.07121624458002725,6,June,2025Q2
O004852,2025-06-12,C0148,P0057,S014,2,0.0,88925.34,59122.46,29802.88,0.335144965428302,6,June,2025Q2
O004966,2025-06-12,C0391,P0037,S015,2,0.1,66535.13,53420.18,13114.95,0.1971131641284837,6,June,2025Q2
O004988,2025-06-12,C0072,P0082,S012,1,0.0,13937.62,9728.53,4209.09,0.3019948886538735,6,June,2025Q2
O005364,2025-06-12,C0773,P0061,S025,4,0.2,79408.51,79543.28,-134.77,-0.0016971732626641655,6,June,2025Q2
O000123,2025-06-11,C0018,P0050,S022,2,0.15,32481.07,29787.68,2693.39,0.08292183724243074,6,June,2025Q2
O000453,2025-06-11,C0727,P0005,S009,7,0.0,280852.6,190199.24,90653.36,0.32277913752623266,6,June,2025Q2
O000733,2025-06-11,C0874,P0049,S015,8,0.0,134327.76,93607.44,40720.32,0.3031415099901911,6,June,2025Q2
O001572,2025-06-11,C0698,P0009,S006,3,0.05,96226.63,81802.41,14424.22,0.1498984220896024,6,June,2025Q2
O002042,2025-06-11,C0461,P0040,S014,7,0.1,2271.53,1775.06,496.47,0.21856193842916447,6,June,2025Q2
O002296,2025-06-11,C0626,P0120,S025,1,0.2,9802.54,9889.08,-86.54,-0.0088283240874304,6,June,2025Q2
O002656,2025-06-11,C0982,P0118,S025,3,0.0,80802.51,58472.4,22330.11,0.27635416276053804,6,June,2025Q2
O003296,2025-06-11,C0317,P0053,S019,6,0.2,130766.26,144096.0,-13329.74,-0.10193562161982762,6,June,2025Q2
O003820,2025-06-11,C0701,P0009,S011,3,0.0,101291.19,81802.41,19488.78,0.19240350518144764,6,June,2025Q2
O004509,2025-06-11,C0610,P0063,S021,4,0.0,8184.56,7296.96,887.6,0.10844810228039137,6,June,2025Q2
O004612,2025-06-11,C0046,P0054,S016,6,0.1,50213.68,47889.66,2324.02,0.04628260665221111,6,June,2025Q2
O005175,2025-06-11,C0516,P0052,S015,7,0.0,194196.31,159569.62,34626.69,0.17830766197359776,6,June,2025Q2
O005868,2025-06-11,C0868,P0049,S022,3,0.05,47854.26,35102.79,12751.47,0.2664646783797304,6,June,2025Q2
O005874,2025-06-11,C0652,P0015,S015,1,0.05,28452.71,23501.09,4951.62,0.17402982000660042,6,June,2025Q2
O000711,2025-06-10,C0127,P0060,S004,3,0.1,81017.09,62929.38,18087.71,0.22325795705572737,6,June,2025Q2
O000912,2025-06-10,C0932,P0045,S001,5,0.15,33184.64,26015.25,7169.39,0.21604543547858288,6,June,2025Q2
O001533,2025-06-10,C0506,P0079,S002,7,0.05,284698.14,204193.57,80504.57,0.2827716752908888,6,June,2025Q2
O002237,2025-06-10,C0757,P0007,S018,1,0.0,18764.26,13108.06,5656.2,0.3014347488256931,6,June,2025Q2
O002908,2025-06-10,C0586,P0044,S025,2,0.05,22066.5,20137.64,1928.86,0.08741123422382344,6,June,2025Q2
O003346,2025-06-10,C0697,P0002,S001,8,0.05,201575.86,151862.96,49712.9,0.24662129681599773,6,June,2025Q2
O004023,2025-06-10,C0885,P0035,S007,5,0.0,207908.9,142355.35,65553.55,0.3152993931476719,6,June,2025Q2
O004119,2025-06-10,C0197,P0088,S021,6,0.1,184456.12,140582.58,43873.54,0.23785353394617648,6,June,2025Q2
O005104,2025-06-10,C0247,P0020,S001,8,0.1,332253.07,239906.0,92347.07,0.27794196152950523,6,June,2025Q2
O005133,2025-06-10,C0774,P0088,S008,8,0.2,218614.66,187443.44,31171.22,0.14258522278423597,6,June,2025Q2
O005562,2025-06-10,C0322,P0088,S004,7,0.2,191287.82,164013.01,27274.81,0.14258518916677496,6,June,2025Q2
O000461,2025-06-09,C0955,P0006,S022,2,0.05,3687.69,2944.7,742.99,0.20147843229772566,6,June,2025Q2
O001813,2025-06-09,C0341,P0019,S021,2,0.0,64283.68,48595.78,15687.9,0.2440417225647318,6,June,2025Q2
O002703,2025-06-09,C0550,P0106,S014,5,0.0,77708.9,56497.55,21211.35,0.27295908190696305,6,June,2025Q2
O003475,2025-06-09,C0930,P0106,S023,2,0.2,24866.85,22599.02,2267.83,0.09119892547709099,6,June,2025Q2
O004400,2025-06-09,C0327,P0115,S010,2,0.15,57281.01,51154.54,6126.47,0.10695464343243948,6,June,2025Q2
O004568,2025-06-09,C0158,P0006,S008,2,0.15,3299.51,2944.7,354.81,0.1075341490100045,6,June,2025Q2
O004621,2025-06-09,C0377,P0066,S018,4,0.0,66963.12,57249.64,9713.48,0.14505715982170483,6,June,2025Q2
O004800,2025-06-09,C0915,P0010,S001,3,0.2,4100.69,3697.65,403.04,0.09828589822688379,6,June,2025Q2
O005875,2025-06-09,C0462,P0005,S017,6,0.1,216657.72,163027.92,53629.8,0.24753237502914738,6,June,2025Q2
O000385,2025-06-08,C0706,P0091,S017,3,0.1,16738.7,13460.43,3278.27,0.19584973743480674,6,June,2025Q2
O001091,2025-06-08,C0443,P0105,S023,8,0.0,145974.96,96231.04,49743.92,0.3407702252495908,6,June,2025Q2
O001359,2025-06-08,C0167,P0114,S006,7,0.2,226907.35,203121.31,23786.04,0.10482710233934688,6,June,2025Q2
O001857,2025-06-08,C0337,P0013,S012,5,0.15,39177.44,30719.2,8458.24,0.21589567873755916,6,June,2025Q2
O002476,2025-06-08,C0566,P0100,S023,8,0.0,147879.68,124440.32,23439.36,0.1585029126381664,6,June,2025Q2
O002645,2025-06-08,C0683,P0042,S007,4,0.1,25455.56,22504.16,2951.4,0.1159432359767375,6,June,2025Q2
O003499,2025-06-08,C0219,P0092,S002,8,0.15,122178.05,95956.96,26221.09,0.21461375427091856,6,June,2025Q2
O003576,2025-06-08,C0193,P0004,S017,6,0.0,51099.48,36557.76,14541.72,0.2845766727958875,6,June,2025Q2
O003582,2025-06-08,C0558,P0086,S025,7,0.1,93594.12,87852.66,5741.46,0.0613442382918927,6,June,2025Q2
O003701,2025-06-08,C0313,P0097,S005,1,0.0,10690.85,8228.72,2462.13,0.23030254844095652,6,June,2025Q2
O004011,2025-06-08,C0504,P0109,S005,5,0.0,69734.9,58598.3,11136.6,0.15969908897840251,6,June,2025Q2
O004376,2025-06-08,C0254,P0102,S010,8,0.05,9714.78,8501.28,1213.5,0.12491276179182646,6,June,2025Q2
O004385,2025-06-08,C0282,P0109,S015,5,0.15,59274.66,58598.3,676.36,0.011410609525217014,6,June,2025Q2
O005174,2025-06-08,C0654,P0045,S002,3,0.15,19910.78,15609.15,4301.63,0.21604527798509152,6,June,2025Q2
O005286,2025-06-08,C0507,P0045,S007,2,0.0,15616.3,10406.1,5210.2,0.33363856995575136,6,June,2025Q2
O000005,2025-06-07,C0431,P0101,S011,6,0.05,102778.92,91815.0,10963.92,0.10667479284662652,6,June,2025Q2
O000417,2025-06-07,C0317,P0094,S025,8,0.05,114037.39,82147.28,31890.11,0.2796460880067494,6,June,2025Q2
O000442,2025-06-07,C0308,P0065,S018,6,0.0,22416.18,18541.26,3874.92,0.172862637612653,6,June,2025Q2
O000664,2025-06-07,C0457,P0112,S018,2,0.0,76527.64,54726.32,21801.32,0.28488164537675537,6,June,2025Q2
O001368,2025-06-07,C0340,P0062,S005,4,0.0,64608.56,47633.96,16974.6,0.2627298921381315,6,June,2025Q2
O002079,2025-06-07,C0186,P0013,S001,1,0.0,9218.22,6143.84,3074.38,0.3335112418666511,6,June,2025Q2
O002364,2025-06-07,C0647,P0021,S011,5,0.2,97655.2,98872.8,-1217.6,-0.012468358059785859,6,June,2025Q2
O002707,2025-06-07,C0757,P0039,S014,1,0.0,27517.2,22073.05,5444.15,0.19784534763711423,6,June,2025Q2
O003102,2025-06-07,C0781,P0119,S005,4,0.0,15704.08,13686.08,2018.0,0.1285016377909435,6,June,2025Q2
O003807,2025-06-07,C0614,P0012,S009,8,0.1,18013.82,16137.44,1876.38,0.10416335902101831,6,June,2025Q2
O003808,2025-06-07,C0276,P0061,S008,6,0.2,119112.77,119314.92,-202.15,-0.0016971312143945606,6,June,2025Q2
O004024,2025-06-07,C0744,P0054,S024,7,0.15,55328.04,55871.27,-543.23,-0.009818348887833367,6,June,2025Q2
O004032,2025-06-07,C0231,P0044,S022,5,0.15,49359.29,50344.1,-984.81,-0.01995186721689068,6,June,2025Q2
O005054,2025-06-07,C0144,P0086,S014,4,0.1,53482.36,50201.52,3280.84,0.06134433858191748,6,June,2025Q2
O001268,2025-06-06,C0603,P0106,S016,2,0.15,26421.03,22599.02,3822.01,0.14465787291411428,6,June,2025Q2
O001571,2025-06-06,C0874,P0117,S023,4,0.0,79150.04,70470.88,8679.16,0.10965452449550248,6,June,2025Q2
O002035,2025-06-06,C0328,P0099,S017,8,0.0,157153.2,117095.36,40057.84,0.25489675043206245,6,June,2025Q2
O002101,2025-06-06,C0414,P0081,S012,5,0.15,176707.01,149593.1,27113.91,0.15343992295495237,6,June,2025Q2
O002172,2025-06-06,C0104,P0118,S024,2,0.2,43094.67,38981.6,4113.07,0.09544266147066446,6,June,2025Q2
O002522,2025-06-06,C0197,P0106,S011,7,0.05,103352.84,79096.57,24256.27,0.2346937926427566,6,June,2025Q2
O003731,2025-06-06,C0989,P0100,S004,1,0.0,18484.96,15555.04,2929.92,0.1585029126381664,6,June,2025Q2
O004206,2025-06-06,C0947,P0028,S025,6,0.2,41563.63,42793.08,-1229.45,-0.029579947660971866,6,June,2025Q2
O004529,2025-06-06,C0479,P0096,S019,5,0.1,29117.97,21023.45,8094.52,0.2779905329938866,6,June,2025Q2
O005425,2025-06-06,C0334,P0114,S010,2,0.15,68882.59,58034.66,10847.93,0.1574843512707638,6,June,2025Q2
O005586,2025-06-06,C0404,P0098,S025,6,0.1,109163.43,80178.9,28984.53,0.2655150172544047,6,June,2025Q2
O005753,2025-06-06,C0168,P0021,S019,4,0.2,78124.16,79098.24,-974.08,-0.012468358059785859,6,June,2025Q2
O000561,2025-06-05,C0411,P0008,S021,2,0.05,28741.6,23210.68,5530.92,0.19243605088095306,6,June,2025Q2
O000644,2025-06-05,C0581,P0017,S010,3,0.05,26626.47,24776.94,1849.53,0.06946208040344815,6,June,2025Q2
O000920,2025-06-05,C0744,P0055,S017,2,0.2,50726.7,53320.7,-2594.0,-0.051136778067566,6,June,2025Q2
O001084,2025-06-05,C0096,P0022,S004,3,0.0,80315.52,52066.86,28248.66,0.3517210621309555,6,June,2025Q2
O001226,2025-06-05,C0469,P0084,S006,3,0.1,64140.2,47060.13,17080.07,0.2662927462028494,6,June,2025Q2
O002238,2025-06-05,C0395,P0025,S012,1,0.2,1183.11,1040.56,142.55,0.1204875286321644,6,June,2025Q2
O002426,2025-06-05,C0456,P0049,S024,3,0.0,50372.91,35102.79,15270.12,0.3031415099901911,6,June,2025Q2
O002878,2025-06-05,C0918,P0071,S001,8,0.0,53414.48,37629.52,15784.96,0.29551836880186794,6,June,2025Q2
O003162,2025-06-05,C0548,P0018,S006,2,0.1,2837.09,2146.48,690.61,0.24342195700524127,6,June,2025Q2
O003791,2025-06-05,C0555,P0037,S022,6,0.05,210694.57,160260.54,50434.03,0.2393703359322454,6,June,2025Q2
O004611,2025-06-05,C0623,P0116,S015,1,0.0,12368.91,9203.92,3164.99,0.25588269297779676,6,June,2025Q2
O004670,2025-06-05,C0872,P0051,S012,7,0.05,28420.17,22557.99,5862.18,0.20626829466537325,6,June,2025Q2
O004719,2025-06-05,C0191,P0065,S013,5,0.05,17746.14,15451.05,2295.09,0.1293289695674665,6,June,2025Q2
O005650,2025-06-05,C0718,P0112,S015,4,0.0,153055.28,109452.64,43602.64,0.28488164537675537,6,June,2025Q2
O005823,2025-06-05,C0255,P0119,S025,2,0.15,6674.23,6843.04,-168.81,-0.025292805312373115,6,June,2025Q2
O005858,2025-06-05,C0160,P0002,S005,3,0.05,75590.95,56948.61,18642.34,0.24662132173229734,6,June,2025Q2
O005916,2025-06-05,C0782,P0055,S023,3,0.05,90356.94,79981.05,10375.89,0.11483224199491482,6,June,2025Q2
O005942,2025-06-05,C0682,P0049,S019,1,0.2,13432.78,11700.93,1731.85,0.12892714687503257,6,June,2025Q2
O000590,2025-06-04,C0357,P0054,S001,4,0.0,37195.32,31926.44,5268.88,0.14165438017471016,6,June,2025Q2
O000672,2025-06-04,C0855,P0075,S010,8,0.15,238487.02,211786.32,26700.7,0.11195871372790017,6,June,2025Q2
O000916,2025-06-04,C0087,P0005,S018,6,0.1,216657.72,163027.92,53629.8,0.24753237502914738,6,June,2025Q2
O001068,2025-06-04,C0764,P0105,S025,5,0.0,91234.35,60144.4,31089.95,0.3407702252495907,6,June,2025Q2
O001464,2025-06-04,C0919,P0040,S017,2,0.2,576.9,507.16,69.74,0.12088750216675333,6,June,2025Q2
O001582,2025-06-04,C0728,P0043,S017,8,0.0,179481.04,154091.76,25389.28,0.14145939871977561,6,June,2025Q2
O001687,2025-06-04,C0965,P0047,S025,5,0.2,2611.96,2697.95,-85.99,-0.032921637391077965,6,June,2025Q2
O001800,2025-06-04,C0025,P0030,S021,4,0.0,49549.24,41418.48,8130.76,0.16409454514337657,6,June,2025Q2
O001906,2025-06-04,C0315,P0011,S006,4,0.0,46667.2,35976.52,10690.68,0.22908338190420682,6,June,2025Q2
O002592,2025-06-04,C0406,P0032,S005,1,0.0,37885.68,25425.13,12460.55,0.3288986762280629,6,June,2025Q2
O003493,2025-06-04,C0865,P0058,S006,2,0.0,67371.44,56569.56,10801.88,0.1603332213175197,6,June,2025Q2
O003626,2025-06-04,C0238,P0085,S015,7,0.15,150155.33,131369.91,18785.42,0.1251065812981797,6,June,2025Q2
O004102,2025-06-04,C0516,P0109,S011,8,0.2,89260.67,93757.28,-4496.61,-0.050376162312023874,6,June,2025Q2
O004353,2025-06-04,C0125,P0032,S009,3,0.0,113657.04,76275.39,37381.65,0.32889867622806296,6,June,2025Q2
O004698,2025-06-04,C0132,P0043,S025,8,0.0,179481.04,154091.76,25389.28,0.14145939871977561,6,June,2025Q2
O005394,2025-06-04,C0848,P0017,S001,4,0.05,35501.96,33035.92,2466.04,0.06946208040344815,6,June,2025Q2
O005595,2025-06-04,C0800,P0013,S018,5,0.1,41481.99,30719.2,10762.79,0.25945693540739007,6,June,2025Q2
O005649,2025-06-04,C0556,P0036,S018,1,0.15,11687.2,9655.05,2032.15,0.17387825997672668,6,June,2025Q2
O005963,2025-06-04,C0701,P0067,S009,4,0.2,66393.22,59100.36,7292.86,0.10984344485777311,6,June,2025Q2
O000274,2025-06-03,C0010,P0099,S014,5,0.15,83487.64,73184.6,10303.04,0.1234079679339361,6,June,2025Q2
O000336,2025-06-03,C0228,P0028,S011,1,0.2,6927.27,7132.18,-204.91,-0.029580195372780328,6,June,2025Q2
O000340,2025-06-03,C0095,P0074,S013,4,0.2,54768.03,50700.96,4067.07,0.07425992864815478,6,June,2025Q2
O000448,2025-06-03,C0579,P0093,S022,6,0.15,173363.64,134540.04,38823.6,0.22394315209348395,6,June,2025Q2
O000674,2025-06-03,C0979,P0082,S021,8,0.0,111500.96,77828.24,33672.72,0.3019948886538735,6,June,2025Q2
O000758,2025-06-03,C0444,P0085,S018,6,0.0,151417.14,112602.78,38814.36,0.2563405965797531,6,June,2025Q2
O000925,2025-06-03,C0292,P0086,S023,3,0.2,35654.9,37651.14,-1996.24,-0.055987816541344944,6,June,2025Q2
O001034,2025-06-03,C0429,P0043,S006,2,0.1,40383.23,38522.94,1860.29,0.04606590408939552,6,June,2025Q2
O001070,2025-06-03,C0289,P0106,S012,7,0.1,97913.21,79096.57,18816.64,0.1921767246727995,6,June,2025Q2
O001153,2025-06-03,C0610,P0069,S005,3,0.05,18701.41,17280.51,1420.9,0.07597822837957138,6,June,2025Q2
O001291,2025-06-03,C0495,P0038,S009,4,0.0,117810.36,80131.36,37679.0,0.31982756015684866,6,June,2025Q2
O002093,2025-06-03,C0235,P0090,S003,7,0.1,131319.03,128429.49,2889.54,0.02200397002627875,6,June,2025Q2
O002137,2025-06-03,C0001,P0010,S009,5,0.0,8543.1,6162.75,2380.35,0.2786283667521157,6,June,2025Q2
O002281,2025-06-03,C0148,P0006,S015,7,0.2,10868.98,10306.45,562.53,0.05175554651862456,6,June,2025Q2
O002589,2025-06-03,C0383,P0004,S011,8,0.0,68132.64,48743.68,19388.96,0.28457667279588755,6,June,2025Q2
O003191,2025-06-03,C0076,P0028,S004,4,0.05,32904.54,28528.72,4375.82,0.13298529625395156,6,June,2025Q2
O003303,2025-06-03,C0889,P0012,S023,2,0.2,4003.07,4034.36,-31.29,-0.00781650083560867,6,June,2025Q2
O003594,2025-06-03,C0241,P0011,S011,5,0.15,49583.9,44970.65,4613.25,0.0930392728284786,6,June,2025Q2
O003842,2025-06-03,C0542,P0070,S007,8,0.0,95300.56,64394.72,30905.84,0.324298619021756,6,June,2025Q2
O003863,2025-06-03,C0218,P0092,S015,4,0.1,64682.5,47978.48,16704.02,0.25824635720635414,6,June,2025Q2
O003944,2025-06-03,C0738,P0072,S001,3,0.05,84111.11,60331.83,23779.28,0.2827127117927703,6,June,2025Q2
O004210,2025-06-03,C0458,P0023,S018,7,0.0,303835.56,196483.98,107351.58,0.3533213163067549,6,June,2025Q2
O004233,2025-06-03,C0141,P0026,S023,2,0.1,12195.45,8869.3,3326.15,0.2727369633756852,6,June,2025Q2
O004467,2025-06-03,C0868,P0092,S013,4,0.1,64682.5,47978.48,16704.02,0.25824635720635414,6,June,2025Q2
O004522,2025-06-03,C0177,P0106,S021,3,0.05,44294.07,33898.53,10395.54,0.23469371859483676,6,June,2025Q2
O004789,2025-06-03,C0325,P0018,S016,2,0.15,2679.47,2146.48,532.99,0.1989162035775732,6,June,2025Q2
O005157,2025-06-03,C0255,P0056,S020,6,0.0,261278.58,169599.96,91678.62,0.3508845616047056,6,June,2025Q2
O005726,2025-06-03,C0575,P0104,S015,4,0.15,26659.3,24533.88,2125.42,0.07972527410697205,6,June,2025Q2
O000009,2025-06-02,C0424,P0007,S005,3,0.0,56292.78,39324.18,16968.6,0.3014347488256931,6,June,2025Q2
O000846,2025-06-02,C0503,P0103,S014,5,0.2,40197.96,38174.05,2023.91,0.05034857490280602,6,June,2025Q2
O001295,2025-06-02,C0363,P0014,S001,6,0.2,133577.09,113978.88,19598.21,0.14671834818380905,6,June,2025Q2
O002830,2025-06-02,C0163,P0003,S008,7,0.2,65115.68,55390.02,9725.66,0.1493597241094618,6,June,2025Q2
O003145,2025-06-02,C0663,P0107,S020,8,0.1,161799.05,141512.24,20286.81,0.12538275101120805,6,June,2025Q2
O003220,2025-06-02,C0544,P0075,S009,3,0.0,105214.86,79419.87,25794.99,0.24516489400831784,6,June,2025Q2
O003454,2025-06-02,C0388,P0111,S020,1,0.0,26301.13,19617.3,6683.83,0.25412710404457906,6,June,2025Q2
O004045,2025-06-02,C0942,P0120,S016,2,0.0,24506.34,19778.16,4728.18,0.1929370114019474,6,June,2025Q2
O004848,2025-06-02,C0368,P0115,S005,7,0.0,235862.97,179040.89,56822.08,0.2409114071615396,6,June,2025Q2
O005151,2025-06-02,C0376,P0006,S022,3,0.15,4949.27,4417.05,532.22,0.10753505062362732,6,June,2025Q2
O005610,2025-06-02,C0671,P0043,S013,5,0.15,95349.3,96307.35,-958.05,-0.010047792694859847,6,June,2025Q2
O005615,2025-06-02,C0134,P0044,S022,2,0.2,18582.32,20137.64,-1555.32,-0.08369891380624163,6,June,2025Q2
O005976,2025-06-02,C0075,P0069,S001,3,0.15,16732.84,17280.51,-547.67,-0.03273024782403943,6,June,2025Q2
O001215,2025-06-01,C0858,P0029,S016,8,0.0,2670.32,1762.96,907.36,0.33979448156026243,6,June,2025Q2
O001996,2025-06-01,C0706,P0057,S011,8,0.2,284561.09,236489.84,48071.25,0.16893121262643462,6,June,2025Q2
O002186,2025-06-01,C0250,P0003,S020,8,0.1,83720.16,63302.88,20417.28,0.2438753103195216,6,June,2025Q2
O002777,2025-06-01,C0472,P0008,S022,8,0.0,121017.28,92842.72,28174.56,0.23281435510697315,6,June,2025Q2
O003322,2025-06-01,C0395,P0078,S006,2,0.0,10941.4,7568.8,3372.6,0.30824208967773775,6,June,2025Q2
O004756,2025-06-01,C0353,P0097,S013,4,0.0,42763.4,32914.88,9848.52,0.23030254844095652,6,June,2025Q2
O005417,2025-06-01,C0742,P0052,S003,4,0.0,110969.32,91182.64,19786.68,0.17830766197359774,6,June,2025Q2
O005445,2025-06-01,C0343,P0024,S023,1,0.05,8654.88,7249.22,1405.66,0.16241241935185702,6,June,2025Q2
O005834,2025-06-01,C0605,P0005,S017,1,0.2,32097.44,27171.32,4926.12,0.15347392190779077,6,June,2025Q2
O005930,2025-06-01,C0679,P0081,S021,6,0.05,236995.28,179511.72,57483.56,0.24255149722813044,6,June,2025Q2
O000496,2025-05-31,C0064,P0048,S018,1,0.0,9154.82,7848.41,1306.41,0.1427018772624694,5,May,2025Q2
O000939,2025-05-31,C0498,P0004,S005,3,0.15,21717.28,18278.88,3438.4,0.15832553616290806,5,May,2025Q2
O001050,2025-05-31,C0809,P0020,S011,4,0.0,184585.04,119953.0,64632.04,0.35014776928834535,5,May,2025Q2
O001251,2025-05-31,C0675,P0069,S015,3,0.15,16732.84,17280.51,-547.67,-0.03273024782403943,5,May,2025Q2
O001561,2025-05-31,C0194,P0052,S006,5,0.15,117904.9,113978.3,3926.6,0.03330311123625905,5,May,2025Q2
O001744,2025-05-31,C0122,P0044,S011,2,0.2,18582.32,20137.64,-1555.32,-0.08369891380624163,5,May,2025Q2
O002568,2025-05-31,C0146,P0110,S014,5,0.0,179984.0,128709.55,51274.45,0.2848833785225353,5,May,2025Q2
O002598,2025-05-31,C0364,P0106,S017,8,0.0,124334.24,90396.08,33938.16,0.27295908190696305,5,May,2025Q2
O002987,2025-05-31,C0191,P0082,S008,3,0.2,33450.29,29185.59,4264.7,0.12749366298468562,5,May,2025Q2
O003089,2025-05-31,C0586,P0025,S014,7,0.05,9834.62,7283.92,2550.7,0.2593592838360811,5,May,2025Q2
O003221,2025-05-31,C0943,P0049,S013,5,0.2,67163.88,58504.65,8659.23,0.12892688748773892,5,May,2025Q2
O003329,2025-05-31,C0382,P0063,S002,6,0.1,11049.16,10945.44,103.72,0.009387138931828302,5,May,2025Q2
O003437,2025-05-31,C0550,P0017,S021,4,0.0,37370.48,33035.92,4334.56,0.11598887678188774,5,May,2025Q2
O005739,2025-05-31,C0483,P0075,S014,1,0.2,28057.3,26473.29,1584.01,0.05645625202710168,5,May,2025Q2
O000070,2025-05-30,C0561,P0067,S012,2,0.0,41495.76,29550.18,11945.58,0.287874712982724,5,May,2025Q2
O000256,2025-05-30,C0728,P0035,S020,7,0.05,276518.84,199297.49,77221.35,0.2792625269222162,5,May,2025Q2
O000684,2025-05-30,C0543,P0082,S003,4,0.2,44600.38,38914.12,5686.26,0.12749353256631446,5,May,2025Q2
O001087,2025-05-30,C0676,P0068,S003,8,0.0,157517.84,131319.68,26198.16,0.1663186849184829,5,May,2025Q2
O001219,2025-05-30,C0722,P0049,S002,6,0.0,100745.82,70205.58,30540.24,0.3031415099901911,5,May,2025Q2
O001808,2025-05-30,C0440,P0012,S008,7,0.15,14886.42,14120.26,766.16,0.051467041773643356,5,May,2025Q2
O002446,2025-05-30,C0152,P0105,S022,8,0.2,116779.97,96231.04,20548.93,0.17596279567463496,5,May,2025Q2
O002527,2025-05-30,C0654,P0032,S007,6,0.0,227314.08,152550.78,74763.3,0.32889867622806296,5,May,2025Q2
O002967,2025-05-30,C0664,P0017,S010,6,0.2,44844.58,49553.88,-4709.3,-0.10501380545876447,5,May,2025Q2
O003031,2025-05-30,C0659,P0053,S005,1,0.0,27242.97,24016.0,3226.97,0.11845147573851161,5,May,2025Q2
O003760,2025-05-30,C0796,P0075,S018,1,0.05,33318.04,26473.29,6844.75,0.20543675438291087,5,May,2025Q2
O004094,2025-05-30,C0446,P0098,S024,6,0.05,115228.06,80178.9,35049.16,0.3041720914159277,5,May,2025Q2
O004238,2025-05-30,C0185,P0080,S002,5,0.1,89104.9,64082.85,25022.05,0.2808156453797715,5,May,2025Q2
O004934,2025-05-30,C0915,P0064,S015,1,0.05,32656.72,24752.14,7904.58,0.24205064072570667,5,May,2025Q2
O005066,2025-05-30,C0595,P0075,S008,6,0.15,178865.26,158839.74,20025.52,0.11195868890359145,5,May,2025Q2
O005601,2025-05-30,C0480,P0117,S016,1,0.2,15830.01,17617.72,-1787.71,-0.11293170377024399,5,May,2025Q2
O001662,2025-05-29,C0945,P0107,S009,7,0.2,125843.7,123823.21,2020.49,0.01605555144993353,5,May,2025Q2
O001828,2025-05-29,C0536,P0088,S007,6,0.15,174208.55,140582.58,33625.97,0.19302135285552863,5,May,2025Q2
O002558,2025-05-29,C0921,P0030,S013,8,0.0,99098.48,82836.96,16261.52,0.16409454514337657,5,May,2025Q2
O003674,2025-05-29,C0302,P0039,S015,1,0.05,26141.34,22073.05,4068.29,0.15562668172327815,5,May,2025Q2
O003761,2025-05-29,C0324,P0002,S020,3,0.2,63655.54,56948.61,6706.93,0.10536286393925808,5,May,2025Q2
O003765,2025-05-29,C0567,P0078,S002,1,0.15,4650.09,3784.4,865.69,0.1861662892546166,5,May,2025Q2
O003873,2025-05-29,C0253,P0051,S022,1,0.2,3418.97,3222.57,196.4,0.05744420103130476,5,May,2025Q2
O004082,2025-05-29,C0414,P0092,S008,4,0.2,57495.55,47978.48,9517.07,0.16552707122551222,5,May,2025Q2
O004268,2025-05-29,C1000,P0031,S012,7,0.1,7374.28,5971.0,1403.28,0.19029383207580944,5,May,2025Q2
O004830,2025-05-29,C0121,P0082,S023,6,0.1,75263.15,58371.18,16891.97,0.22443878578029225,5,May,2025Q2
O004891,2025-05-29,C0452,P0094,S010,4,0.1,54017.71,41073.64,12944.07,0.2396264114121091,5,May,2025Q2
O005072,2025-05-29,C0128,P0099,S015,2,0.1,35359.47,29273.84,6085.63,0.1721075004800694,5,May,2025Q2
O005652,2025-05-29,C0167,P0062,S002,8,0.15,109834.55,95267.92,14566.63,0.1326233867212093,5,May,2025Q2
O005833,2025-05-29,C0346,P0042,S001,1,0.05,6717.44,5626.04,1091.4,0.1624726086128049,5,May,2025Q2
O000502,2025-05-28,C0894,P0086,S005,3,0.0,44568.63,37651.14,6917.49,0.15520984154101214,5,May,2025Q2
O001569,2025-05-28,C0723,P0077,S010,1,0.0,39582.37,27033.56,12548.81,0.3170302839370154,5,May,2025Q2
O002336,2025-05-28,C0750,P0087,S019,1,0.1,31273.02,22799.65,8473.37,0.27094824868209083,5,May,2025Q2
O002683,2025-05-28,C0317,P0070,S023,2,0.0,23825.14,16098.68,7726.46,0.324298619021756,5,May,2025Q2
O002742,2025-05-28,C0145,P0037,S009,3,0.1,99802.69,80130.27,19672.42,0.1971131239047765,5,May,2025Q2
O003033,2025-05-28,C0215,P0009,S017,4,0.0,135054.92,109069.88,25985.04,0.19240350518144766,5,May,2025Q2
O003529,2025-05-28,C0373,P0110,S016,4,0.05,136787.84,102967.64,33820.2,0.24724566160266875,5,May,2025Q2
O004130,2025-05-28,C0275,P0108,S018,7,0.15,189754.96,157633.28,32121.68,0.16927979115802824,5,May,2025Q2
O004213,2025-05-28,C0584,P0074,S006,1,0.0,17115.01,12675.24,4439.77,0.2594079699632078,5,May,2025Q2
O004732,2025-05-28,C0900,P0057,S025,5,0.1,200082.02,147806.15,52275.87,0.26127220226984915,5,May,2025Q2
O005538,2025-05-28,C0630,P0034,S008,2,0.2,20601.76,20459.04,142.72,0.00692756347030545,5,May,2025Q2
O000273,2025-05-27,C0481,P0069,S001,8,0.1,47245.68,46081.36,1164.32,0.024643946282496092,5,May,2025Q2
O001149,2025-05-27,C0591,P0058,S021,4,0.05,128005.74,113139.12,14866.62,0.11614026058518938,5,May,2025Q2
O001324,2025-05-27,C0484,P0036,S020,2,0.1,24749.37,19310.1,5439.27,0.219774079097771,5,May,2025Q2
O002884,2025-05-27,C0588,P0024,S001,8,0.05,69239.04,57993.76,11245.28,0.16241241935185702,5,May,2025Q2
O003554,2025-05-27,C0680,P0052,S008,8,0.2,177550.91,182365.28,-4814.37,-0.027115434102815916,5,May,2025Q2
O003609,2025-05-27,C0646,P0091,S014,6,0.05,35337.26,26920.86,8416.4,0.23817353128114627,5,May,2025Q2
O004446,2025-05-27,C0948,P0043,S008,2,0.0,44870.26,38522.94,6347.32,0.14145939871977561,5,May,2025Q2
O004650,2025-05-27,C0913,P0013,S008,5,0.05,43786.54,30719.2,13067.34,0.29843280606323314,5,May,2025Q2
O004753,2025-05-27,C0408,P0101,S007,5,0.1,81141.26,76512.5,4628.76,0.057045700300931985,5,May,2025Q2
O004888,2025-05-27,C0813,P0100,S012,4,0.0,73939.84,62220.16,11719.68,0.1585029126381664,5,May,2025Q2
O005209,2025-05-27,C0843,P0006,S006,3,0.0,5822.67,4417.05,1405.62,0.24140471639299493,5,May,2025Q2
O005387,2025-05-27,C0876,P0003,S011,5,0.1,52325.1,39564.3,12760.8,0.2438753103195216,5,May,2025Q2
O005589,2025-05-27,C0947,P0010,S004,2,0.2,2733.79,2465.1,268.69,0.09828479875923168,5,May,2025Q2
O000140,2025-05-26,C0635,P0009,S007,6,0.1,182324.14,163604.82,18719.32,0.10267055146948724,5,May,2025Q2
O000188,2025-05-26,C0613,P0113,S018,7,0.05,63103.38,48078.45,15024.93,0.23810024122321183,5,May,2025Q2
O000211,2025-05-26,C0744,P0107,S018,6,0.05,128090.91,106134.18,21956.73,0.17141520815177283,5,May,2025Q2
O000542,2025-05-26,C0258,P0025,S002,1,0.15,1257.06,1040.56,216.5,0.17222726043307401,5,May,2025Q2
O000845,2025-05-26,C0663,P0097,S021,3,0.0,32072.55,24686.16,7386.39,0.23030254844095654,5,May,2025Q2
O001522,2025-05-26,C0617,P0028,S017,4,0.0,34636.36,28528.72,6107.64,0.17633608150510044,5,May,2025Q2
O001529,2025-05-26,C0135,P0108,S013,1,0.15,27107.85,22519.04,4588.81,0.16927974737944915,5,May,2025Q2
O002028,2025-05-26,C0975,P0083,S010,5,0.15,64546.66,58826.75,5719.91,0.08861666893376047,5,May,2025Q2
O002642,2025-05-26,C0033,P0051,S011,3,0.2,10256.9,9667.71,589.19,0.057443282083280534,5,May,2025Q2
O002708,2025-05-26,C0336,P0024,S023,2,0.0,18220.8,14498.44,3722.36,0.20429179838426414,5,May,2025Q2
O002856,2025-05-26,C0843,P0077,S004,7,0.0,277076.59,189234.92,87841.67,0.3170302839370154,5,May,2025Q2
O002941,2025-05-26,C0055,P0031,S015,4,0.2,3745.66,3412.0,333.66,0.08907909420502663,5,May,2025Q2
O003115,2025-05-26,C0436,P0108,S006,4,0.05,121188.04,90076.16,31111.88,0.2567240133597342,5,May,2025Q2
O004218,2025-05-26,C0663,P0006,S001,4,0.15,6599.03,5889.4,709.63,0.10753550142975558,5,May,2025Q2
O004399,2025-05-26,C0012,P0076,S008,1,0.2,30943.79,27102.76,3841.03,0.12412926794035249,5,May,2025Q2
O005013,2025-05-26,C0490,P0086,S008,7,0.0,103993.47,87852.66,16140.81,0.15520984154101214,5,May,2025Q2
O005022,2025-05-26,C0585,P0052,S016,2,0.05,52710.43,45591.32,7119.11,0.1350607460421021,5,May,2025Q2
O005326,2025-05-26,C0711,P0027,S012,7,0.15,74513.99,65868.46,8645.53,0.1160255946567886,5,May,2025Q2
O005556,2025-05-26,C0382,P0092,S025,7,0.0,125771.52,83962.34,41809.18,0.33242168020232243,5,May,2025Q2
O005764,2025-05-26,C0181,P0083,S008,2,0.1,27337.41,23530.7,3806.71,0.13924910955353853,5,May,2025Q2
O000314,2025-05-25,C0331,P0053,S021,6,0.0,163457.82,144096.0,19361.82,0.11845147573851161,5,May,2025Q2
O001761,2025-05-25,C0965,P0074,S014,8,0.15,116382.07,101401.92,14980.15,0.12871527375307895,5,May,2025Q2
O001913,2025-05-25,C0840,P0087,S024,7,0.15,206749.41,159597.55,47151.86,0.2280628515457432,5,May,2025Q2
O002366,2025-05-25,C0350,P0093,S012,3,0.05,96879.68,67270.02,29609.66,0.3056333381778305,5,May,2025Q2
O002394,2025-05-25,C0332,P0073,S025,1,0.15,6800.42,6979.88,-179.46,-0.026389546528008564,5,May,2025Q2
O002752,2025-05-25,C0259,P0104,S008,3,0.2,18818.33,18400.41,417.92,0.02220813430309703,5,May,2025Q2
O003092,2025-05-25,C0181,P0013,S003,5,0.0,46091.1,30719.2,15371.9,0.33351124186665104,5,May,2025Q2
O003383,2025-05-25,C0045,P0107,S016,2,0.1,40449.76,35378.06,5071.7,0.1253826969554331,5,May,2025Q2
O003478,2025-05-25,C0970,P0059,S006,6,0.2,10882.42,10775.76,106.66,0.009801128793044194,5,May,2025Q2
O004075,2025-05-25,C0869,P0028,S023,2,0.15,14720.45,14264.36,456.09,0.030983427816405066,5,May,2025Q2
O004514,2025-05-25,C0612,P0090,S022,4,0.0,83377.16,73388.28,9988.88,0.1198035529154507,5,May,2025Q2
O005008,2025-05-25,C0968,P0018,S022,7,0.2,8826.5,7512.68,1313.82,0.14884948733926245,5,May,2025Q2
O005607,2025-05-25,C0559,P0068,S017,7,0.15,117153.89,114904.72,2249.17,0.01919842354359723,5,May,2025Q2
O005724,2025-05-25,C0616,P0022,S001,8,0.05,203465.98,138844.96,64621.02,0.3176011046170962,5,May,2025Q2
O000824,2025-05-24,C0766,P0047,S014,5,0.05,3101.7,2697.95,403.75,0.13017055163297547,5,May,2025Q2
O001203,2025-05-24,C0226,P0093,S009,8,0.2,217554.37,179386.72,38167.65,0.17543959241085344,5,May,2025Q2
O001313,2025-05-24,C0786,P0015,S009,4,0.2,95840.7,94004.36,1836.34,0.019160335848966044,5,May,2025Q2
O001352,2025-05-24,C0181,P0033,S001,2,0.2,47637.38,42390.46,5246.92,0.11014291717974414,5,May,2025Q2
O001705,2025-05-24,C0819,P0088,S009,2,0.0,68317.08,46860.86,21456.22,0.3140681656768703,5,May,2025Q2
O002122,2025-05-24,C0672,P0099,S017,6,0.05,111971.66,87821.52,24150.14,0.21568082495159935,5,May,2025Q2
O002766,2025-05-24,C0659,P0076,S015,4,0.0,154718.96,108411.04,46307.92,0.29930345964062843,5,May,2025Q2
O003336,2025-05-24,C0006,P0008,S003,8,0.15,102864.69,92842.72,10021.97,0.09742867061573801,5,May,2025Q2
O004141,2025-05-24,C0386,P0074,S008,2,0.1,30807.02,25350.48,5456.54,0.1771200200473788,5,May,2025Q2
O004953,2025-05-24,C0582,P0092,S002,2,0.0,35934.72,23989.24,11945.48,0.33242168020232243,5,May,2025Q2
O005460,2025-05-24,C0494,P0107,S019,5,0.2,89888.36,88445.15,1443.21,0.016055582725060285,5,May,2025Q2
O005644,2025-05-24,C0230,P0040,S011,8,0.2,2307.58,2028.64,278.94,0.12087988282096396,5,May,2025Q2
O005674,2025-05-24,C0389,P0003,S013,1,0.1,10465.02,7912.86,2552.16,0.2438753103195216,5,May,2025Q2
O005871,2025-05-24,C0096,P0026,S025,2,0.15,11517.92,8869.3,2648.62,0.22995645047022378,5,May,2025Q2
O000612,2025-05-23,C0015,P0094,S014,4,0.0,60019.68,41073.64,18946.04,0.3156637956083738,5,May,2025Q2
O000949,2025-05-23,C0662,P0012,S006,1,0.15,2126.63,2017.18,109.45,0.05146640459318264,5,May,2025Q2
O001004,2025-05-23,C0941,P0054,S018,8,0.05,70671.11,63852.88,6818.23,0.09647832049050878,5,May,2025Q2
O001139,2025-05-23,C0326,P0083,S025,1,0.15,12909.33,11765.35,1143.98,0.08861652773614123,5,May,2025Q2
O001383,2025-05-23,C0149,P0012,S011,3,0.0,7505.76,6051.54,1454.22,0.19374720214874977,5,May,2025Q2
O001445,2025-05-23,C0466,P0005,S018,3,0.1,108328.86,81513.96,26814.9,0.24753237502914738,5,May,2025Q2
O001553,2025-05-23,C0434,P0022,S022,5,0.15,113780.32,86778.1,27002.22,0.23731889662465352,5,May,2025Q2
O001809,2025-05-23,C0495,P0037,S023,4,0.1,133070.26,106840.36,26229.9,0.1971131641284837,5,May,2025Q2
O001881,2025-05-23,C0144,P0073,S011,7,0.0,56003.5,48859.16,7144.34,0.12756952690456846,5,May,2025Q2
O001969,2025-05-23,C0328,P0099,S012,2,0.2,31430.64,29273.84,2156.8,0.0686209380400781,5,May,2025Q2
O002359,2025-05-23,C0234,P0025,S016,8,0.1,10648.01,8324.48,2323.53,0.21821260498440556,5,May,2025Q2
O002772,2025-05-23,C0001,P0055,S023,6,0.05,180713.88,159962.1,20751.78,0.11483224199491482,5,May,2025Q2
O003389,2025-05-23,C0357,P0017,S002,4,0.1,33633.43,33035.92,597.51,0.017765360238310515,5,May,2025Q2
O003439,2025-05-23,C0286,P0063,S009,4,0.2,6547.65,7296.96,-749.31,-0.11443953174039541,5,May,2025Q2
O004336,2025-05-23,C0696,P0003,S008,7,0.2,65115.68,55390.02,9725.66,0.1493597241094618,5,May,2025Q2
O004405,2025-05-23,C0644,P0089,S024,1,0.2,26014.92,26361.23,-346.31,-0.013311976358182152,5,May,2025Q2
O004486,2025-05-23,C0301,P0018,S007,5,0.1,7092.72,5366.2,1726.52,0.24342142365693273,5,May,2025Q2
O004554,2025-05-23,C0765,P0009,S007,5,0.2,135054.92,136337.35,-1282.43,-0.009495618523190417,5,May,2025Q2
O004846,2025-05-23,C0192,P0074,S024,1,0.1,15403.51,12675.24,2728.27,0.1771200200473788,5,May,2025Q2
O000212,2025-05-22,C0232,P0078,S007,8,0.1,39389.04,30275.2,9113.84,0.23138009964193085,5,May,2025Q2
O000337,2025-05-22,C0942,P0071,S017,3,0.0,20030.43,14111.07,5919.36,0.29551836880186794,5,May,2025Q2
O000378,2025-05-22,C0832,P0008,S021,5,0.1,68072.22,58026.7,10045.52,0.14757150567441463,5,May,2025Q2
O001182,2025-05-22,C0066,P0044,S001,4,0.1,41810.22,40275.28,1534.94,0.036712076616674104,5,May,2025Q2
O002153,2025-05-22,C0927,P0033,S021,6,0.1,160776.14,127171.38,33604.76,0.20901584028575385,5,May,2025Q2
O002388,2025-05-22,C0203,P0091,S020,8,0.05,47116.35,35894.48,11221.87,0.23817358517796902,5,May,2025Q2
O003120,2025-05-22,C0782,P0012,S016,3,0.1,6755.18,6051.54,703.64,0.10416302748409369,5,May,2025Q2
O003295,2025-05-22,C0432,P0101,S025,3,0.0,54094.17,45907.5,8186.67,0.15134107797568574,5,May,2025Q2
O003757,2025-05-22,C0078,P0066,S007,5,0.0,83703.9,71562.05,12141.85,0.14505715982170486,5,May,2025Q2
O003912,2025-05-22,C0558,P0060,S001,8,0.0,240050.64,167811.68,72238.96,0.3009321699788011,5,May,2025Q2
O004085,2025-05-22,C0934,P0064,S014,5,0.0,171877.5,123760.7,48116.8,0.27994821893499733,5,May,2025Q2
O004401,2025-05-22,C0019,P0098,S008,3,0.0,60646.35,40089.45,20556.9,0.33896351552896425,5,May,2025Q2
O005624,2025-05-22,C0527,P0002,S005,4,0.0,106092.56,75931.48,30161.08,0.2842902461774888,5,May,2025Q2
O005706,2025-05-22,C0175,P0106,S002,4,0.2,49733.7,45198.04,4535.66,0.09119892547709099,5,May,2025Q2
O000013,2025-05-21,C0215,P0098,S025,3,0.15,51549.4,40089.45,11459.95,0.2223100559851327,5,May,2025Q2
O000791,2025-05-21,C0888,P0011,S025,8,0.1,84000.96,71953.04,12047.92,0.14342597989356312,5,May,2025Q2
O001450,2025-05-21,C0415,P0011,S010,8,0.1,84000.96,71953.04,12047.92,0.14342597989356312,5,May,2025Q2
O001506,2025-05-21,C0494,P0026,S003,6,0.2,32521.2,26607.9,5913.3,0.18182908379764584,5,May,2025Q2
O001948,2025-05-21,C0765,P0089,S025,3,0.05,92678.15,79083.69,13594.46,0.1466846284696015,5,May,2025Q2
O004610,2025-05-21,C0928,P0091,S017,7,0.2,34717.31,31407.67,3309.64,0.09533111868402247,5,May,2025Q2
O004620,2025-05-21,C0728,P0106,S009,5,0.0,77708.9,56497.55,21211.35,0.27295908190696305,5,May,2025Q2
O004668,2025-05-21,C0301,P0004,S020,3,0.0,25549.74,18278.88,7270.86,0.2845766727958875,5,May,2025Q2
O004750,2025-05-21,C0550,P0079,S014,8,0.15,291119.9,233364.08,57755.82,0.1983918653448287,5,May,2025Q2
O004752,2025-05-21,C0588,P0027,S004,3,0.0,37570.08,28229.34,9340.74,0.24862177562571067,5,May,2025Q2
O004769,2025-05-21,C0547,P0102,S004,5,0.0,6391.3,5313.3,1078.0,0.16866678140597374,5,May,2025Q2
O004812,2025-05-21,C0114,P0108,S008,1,0.1,28702.43,22519.04,6183.39,0.21543088860420528,5,May,2025Q2
O005084,2025-05-21,C0176,P0074,S025,1,0.1,15403.51,12675.24,2728.27,0.1771200200473788,5,May,2025Q2
O005285,2025-05-21,C0009,P0079,S019,5,0.0,214058.75,145852.55,68206.2,0.3186330855431044,5,May,2025Q2
O005315,2025-05-21,C0292,P0095,S024,7,0.2,211107.68,177217.81,33889.87,0.1605335722509006,5,May,2025Q2
O001114,2025-05-20,C0158,P0057,S012,3,0.0,133388.01,88683.69,44704.32,0.33514496542830197,5,May,2025Q2
O001405,2025-05-20,C0997,P0012,S017,7,0.0,17513.44,14120.26,3393.18,0.19374720214874977,5,May,2025Q2
O001801,2025-05-20,C0768,P0016,S013,7,0.0,99741.46,73165.54,26575.92,0.2664480748527242,5,May,2025Q2
O002619,2025-05-20,C0337,P0066,S010,8,0.2,107140.99,114499.28,-7358.29,-0.06867857017188286,5,May,2025Q2
O003242,2025-05-20,C0457,P0018,S023,7,0.05,10481.46,7512.68,2968.78,0.28324107519372305,5,May,2025Q2
O003695,2025-05-20,C0588,P0069,S008,3,0.0,19685.7,17280.51,2405.19,0.12217955165424649,5,May,2025Q2
O004337,2025-05-20,C0861,P0113,S017,3,0.0,28467.69,20605.05,7862.64,0.2761952234269799,5,May,2025Q2
O004590,2025-05-20,C0894,P0103,S023,8,0.0,80395.92,61078.48,19317.44,0.2402788599222448,5,May,2025Q2
O004824,2025-05-20,C0095,P0005,S024,5,0.1,180548.1,135856.6,44691.5,0.24753237502914735,5,May,2025Q2
O004960,2025-05-20,C0248,P0009,S012,7,0.1,212711.5,190872.29,21839.21,0.10267056553124772,5,May,2025Q2
O005309,2025-05-20,C0901,P0118,S016,1,0.0,26934.17,19490.8,7443.37,0.27635416276053804,5,May,2025Q2
O005357,2025-05-20,C0701,P0037,S021,4,0.05,140463.05,106840.36,33622.69,0.23937035398277345,5,May,2025Q2
O005505,2025-05-20,C0427,P0113,S001,6,0.0,56935.38,41210.1,15725.28,0.2761952234269799,5,May,2025Q2
O000241,2025-05-19,C0824,P0031,S018,7,0.1,7374.28,5971.0,1403.28,0.19029383207580944,5,May,2025Q2
O000370,2025-05-19,C0679,P0110,S022,6,0.0,215980.8,154451.46,61529.34,0.2848833785225353,5,May,2025Q2
O000536,2025-05-19,C0274,P0103,S004,5,0.2,40197.96,38174.05,2023.91,0.05034857490280602,5,May,2025Q2
O000624,2025-05-19,C0715,P0079,S018,4,0.2,136997.6,116682.04,20315.56,0.1482913569288805,5,May,2025Q2
O001410,2025-05-19,C0112,P0014,S003,6,0.15,141925.66,113978.88,27946.78,0.19691139713565536,5,May,2025Q2
O001583,2025-05-19,C0703,P0067,S024,1,0.0,20747.88,14775.09,5972.79,0.287874712982724,5,May,2025Q2
O001599,2025-05-19,C0147,P0094,S007,7,0.15,89279.27,71878.87,17400.4,0.1948985469975281,5,May,2025Q2
O001615,2025-05-19,C0850,P0084,S004,6,0.15,121153.71,94120.26,27033.45,0.22313348885477793,5,May,2025Q2
O001802,2025-05-19,C0883,P0011,S003,2,0.15,19833.56,17988.26,1845.3,0.09303927282847858,5,May,2025Q2
O002082,2025-05-19,C0239,P0120,S007,6,0.0,73519.02,59334.48,14184.54,0.1929370114019474,5,May,2025Q2
O002685,2025-05-19,C0989,P0023,S004,8,0.05,329878.61,224553.12,105325.49,0.3192856002394336,5,May,2025Q2
O002746,2025-05-19,C0165,P0062,S008,8,0.0,129217.12,95267.92,33949.2,0.2627298921381315,5,May,2025Q2
O003676,2025-05-19,C0476,P0003,S006,1,0.05,11046.41,7912.86,3133.55,0.2836713466184942,5,May,2025Q2
O003721,2025-05-19,C0251,P0114,S017,4,0.15,137765.18,116069.32,21695.86,0.1574843512707638,5,May,2025Q2
O005276,2025-05-19,C0097,P0089,S020,4,0.0,130074.6,105444.92,24629.68,0.18935041891345428,5,May,2025Q2
O000849,2025-05-18,C0577,P0077,S014,2,0.1,71248.27,54067.12,17181.15,0.241144802533451,5,May,2025Q2
O000968,2025-05-18,C0568,P0076,S022,2,0.0,77359.48,54205.52,23153.96,0.29930345964062843,5,May,2025Q2
O001365,2025-05-18,C0147,P0081,S020,1,0.0,41578.12,29918.62,11659.5,0.2804239345117095,5,May,2025Q2
O001414,2025-05-18,C0088,P0073,S019,1,0.15,6800.42,6979.88,-179.46,-0.026389546528008564,5,May,2025Q2
O001730,2025-05-18,C0200,P0108,S019,5,0.0,159457.95,112595.2,46862.75,0.2938878243449135,5,May,2025Q2
O001786,2025-05-18,C0520,P0028,S014,1,0.15,7360.23,7132.18,228.05,0.030984086095135616,5,May,2025Q2
O001818,2025-05-18,C0707,P0027,S025,8,0.15,85158.85,75278.24,9880.61,0.11602563914378834,5,May,2025Q2
O002040,2025-05-18,C0235,P0120,S009,8,0.05,93124.09,79112.64,14011.45,0.15045999375671754,5,May,2025Q2
O002196,2025-05-18,C0589,P0108,S002,8,0.15,216862.81,180152.32,36710.49,0.1692797856857061,5,May,2025Q2
O002520,2025-05-18,C0957,P0035,S010,4,0.05,158010.76,113884.28,44126.48,0.27926250085753657,5,May,2025Q2
O002573,2025-05-18,C0837,P0101,S006,2,0.1,32456.5,30605.0,1851.5,0.057045584089473605,5,May,2025Q2
O002749,2025-05-18,C0739,P0048,S017,5,0.2,36619.28,39242.05,-2622.77,-0.07162265342191326,5,May,2025Q2
O002985,2025-05-18,C0258,P0024,S017,7,0.1,57395.52,50744.54,6650.98,0.11587977598251571,5,May,2025Q2
O003302,2025-05-18,C0095,P0010,S001,7,0.05,11362.32,8627.85,2734.47,0.24066123819783283,5,May,2025Q2
O003558,2025-05-18,C0074,P0010,S019,6,0.05,9739.13,7395.3,2343.83,0.2406611268152289,5,May,2025Q2
O004253,2025-05-18,C0179,P0012,S013,5,0.0,12509.6,10085.9,2423.7,0.19374720214874974,5,May,2025Q2
O004323,2025-05-18,C0224,P0042,S020,7,0.2,39597.54,39382.28,215.26,0.005436196288961384,5,May,2025Q2
O004857,2025-05-18,C0309,P0059,S025,8,0.0,18137.36,14367.68,3769.68,0.20784061186413016,5,May,2025Q2
O004947,2025-05-18,C0130,P0050,S009,4,0.0,76426.04,59575.36,16850.68,0.2204834896587603,5,May,2025Q2
O004983,2025-05-18,C0952,P0055,S014,8,0.15,215588.49,213282.8,2305.69,0.010694865945765472,5,May,2025Q2
O005111,2025-05-18,C0411,P0060,S006,1,0.0,30006.33,20976.46,9029.87,0.3009321699788011,5,May,2025Q2
O005481,2025-05-18,C0752,P0036,S019,6,0.15,70123.22,57930.3,12192.92,0.17387849559675098,5,May,2025Q2
O005490,2025-05-18,C0628,P0053,S012,6,0.0,163457.82,144096.0,19361.82,0.11845147573851161,5,May,2025Q2
O005575,2025-05-18,C0533,P0003,S007,1,0.2,9302.24,7912.86,1389.38,0.14935972410946183,5,May,2025Q2
O005882,2025-05-18,C0028,P0029,S007,8,0.05,2536.8,1762.96,773.84,0.3050457269000315,5,May,2025Q2
O005905,2025-05-18,C0294,P0038,S003,6,0.05,167879.76,120197.04,47682.72,0.2840289978970663,5,May,2025Q2
O000766,2025-05-17,C0844,P0037,S021,3,0.05,105347.29,80130.27,25217.02,0.23937037203330055,5,May,2025Q2
O000894,2025-05-17,C0918,P0020,S023,2,0.2,73834.02,59976.5,13857.52,0.18768475561807416,5,May,2025Q2
O000903,2025-05-17,C0382,P0092,S025,7,0.05,119482.94,83962.34,35520.6,0.2972859556351727,5,May,2025Q2
O001184,2025-05-17,C0770,P0001,S022,1,0.0,6037.22,4095.31,1941.91,0.3216563252622896,5,May,2025Q2
O001871,2025-05-17,C0086,P0023,S015,1,0.05,41234.83,28069.14,13165.69,0.31928566214532716,5,May,2025Q2
O001935,2025-05-17,C0184,P0038,S012,7,0.0,206168.13,140229.88,65938.25,0.31982756015684866,5,May,2025Q2
O001952,2025-05-17,C0474,P0077,S021,6,0.0,237494.22,162201.36,75292.86,0.3170302839370154,5,May,2025Q2
O002018,2025-05-17,C0566,P0036,S003,4,0.2,43998.88,38620.2,5378.68,0.12224583898499236,5,May,2025Q2
O002534,2025-05-17,C0053,P0055,S021,8,0.15,215588.49,213282.8,2305.69,0.010694865945765472,5,May,2025Q2
O002904,2025-05-17,C0096,P0101,S018,7,0.15,107286.77,107117.5,169.27,0.0015777341418704283,5,May,2025Q2
O003137,2025-05-17,C0413,P0054,S014,2,0.05,17667.78,15963.22,1704.56,0.09647844833929334,5,May,2025Q2
O003151,2025-05-17,C0255,P0030,S006,6,0.1,66891.47,62127.72,4763.75,0.07121610573067089,5,May,2025Q2
O003182,2025-05-17,C0464,P0066,S010,3,0.0,50222.34,42937.23,7285.11,0.14505715982170483,5,May,2025Q2
O003400,2025-05-17,C0712,P0088,S005,4,0.2,109307.33,93721.72,15585.61,0.14258522278423597,5,May,2025Q2
O003740,2025-05-17,C0254,P0099,S003,3,0.1,53039.2,43910.76,9128.44,0.17210742243472754,5,May,2025Q2
O003893,2025-05-17,C0910,P0026,S001,7,0.15,40312.74,31042.55,9270.19,0.22995683250505922,5,May,2025Q2
O004572,2025-05-17,C0931,P0088,S017,3,0.0,102475.62,70291.29,32184.33,0.3140681656768703,5,May,2025Q2
O005291,2025-05-17,C0186,P0096,S019,3,0.0,19411.98,12614.07,6797.91,0.35019147969449793,5,May,2025Q2
O005781,2025-05-17,C0650,P0090,S002,5,0.0,104221.45,91735.35,12486.1,0.11980355291545071,5,May,2025Q2
O005973,2025-05-17,C0978,P0050,S008,8,0.0,152852.08,119150.72,33701.36,0.2204834896587603,5,May,2025Q2
O000754,2025-05-16,C0049,P0039,S019,7,0.0,192620.4,154511.35,38109.05,0.19784534763711425,5,May,2025Q2
O000862,2025-05-16,C0350,P0118,S006,4,0.0,107736.68,77963.2,29773.48,0.27635416276053804,5,May,2025Q2
O001557,2025-05-16,C0122,P0119,S018,2,0.05,7459.44,6843.04,616.4,0.08263354889911308,5,May,2025Q2
O002523,2025-05-16,C0613,P0055,S022,4,0.15,107794.25,106641.4,1152.85,0.01069491183435109,5,May,2025Q2
O002671,2025-05-16,C0005,P0068,S008,1,0.0,19689.73,16414.96,3274.77,0.1663186849184829,5,May,2025Q2
O002877,2025-05-16,C0298,P0096,S002,2,0.0,12941.32,8409.38,4531.94,0.35019147969449793,5,May,2025Q2
O002938,2025-05-16,C0607,P0007,S024,3,0.15,47848.86,39324.18,8524.68,0.17815847650288846,5,May,2025Q2
O003248,2025-05-16,C0971,P0066,S006,5,0.0,83703.9,71562.05,12141.85,0.14505715982170486,5,May,2025Q2
O003497,2025-05-16,C0667,P0070,S019,4,0.0,47650.28,32197.36,15452.92,0.324298619021756,5,May,2025Q2
O003602,2025-05-16,C0018,P0068,S025,3,0.0,59069.19,49244.88,9824.31,0.16631868491848287,5,May,2025Q2
O003625,2025-05-16,C0417,P0027,S021,2,0.0,25046.72,18819.56,6227.16,0.24862177562571067,5,May,2025Q2
O003881,2025-05-16,C0044,P0048,S004,1,0.0,9154.82,7848.41,1306.41,0.1427018772624694,5,May,2025Q2
O004463,2025-05-16,C0058,P0091,S013,5,0.2,24798.08,22434.05,2364.03,0.09533117080032003,5,May,2025Q2
O004473,2025-05-16,C0251,P0110,S001,2,0.15,61194.56,51483.82,9710.74,0.158686327673571,5,May,2025Q2
O005199,2025-05-16,C0818,P0083,S010,6,0.05,86568.47,70592.1,15976.37,0.18455183509654266,5,May,2025Q2
O005356,2025-05-16,C0803,P0064,S025,6,0.15,175315.05,148512.84,26802.21,0.15288025757058507,5,May,2025Q2
O005580,2025-05-16,C0725,P0100,S003,3,0.15,47136.65,46665.12,471.53,0.010003468638522252,5,May,2025Q2
O005583,2025-05-16,C0642,P0085,S006,6,0.0,151417.14,112602.78,38814.36,0.2563405965797531,5,May,2025Q2
O005587,2025-05-16,C0645,P0081,S009,7,0.05,276494.5,209430.34,67064.16,0.24255151549126658,5,May,2025Q2
O005680,2025-05-16,C0260,P0068,S018,6,0.05,112231.46,98489.76,13741.7,0.12244071314763258,5,May,2025Q2
O005945,2025-05-16,C0682,P0034,S017,2,0.1,23176.98,20459.04,2717.94,0.11726894530693818,5,May,2025Q2
O000162,2025-05-15,C0593,P0070,S019,3,0.1,32163.94,24148.02,8015.92,0.2492207111442193,5,May,2025Q2
O000202,2025-05-15,C0228,P0048,S003,1,0.2,7323.86,7848.41,-524.55,-0.0716220681443938,5,May,2025Q2
O000221,2025-05-15,C0255,P0037,S003,7,0.2,206998.18,186970.63,20027.55,0.096752299947758,5,May,2025Q2
O000237,2025-05-15,C0243,P0035,S016,6,0.05,237016.15,170826.42,66189.73,0.27926253126632933,5,May,2025Q2
O000533,2025-05-15,C0149,P0068,S014,1,0.05,18705.24,16414.96,2290.28,0.12244055676377315,5,May,2025Q2
O000739,2025-05-15,C0507,P0076,S013,6,0.05,220474.52,162616.56,57857.96,0.26242470104935484,5,May,2025Q2
O000812,2025-05-15,C0242,P0080,S015,4,0.05,75244.14,51266.28,23977.86,0.3186674736398077,5,May,2025Q2
O001042,2025-05-15,C0737,P0023,S011,4,0.0,173620.32,112276.56,61343.76,0.3533213163067549,5,May,2025Q2
O002338,2025-05-15,C0148,P0113,S018,4,0.2,30365.54,27473.4,2892.14,0.09524414846566205,5,May,2025Q2
O002348,2025-05-15,C0745,P0108,S011,8,0.05,242376.08,180152.32,62223.76,0.2567240133597342,5,May,2025Q2
O002496,2025-05-15,C0490,P0009,S022,3,0.15,86097.51,81802.41,4295.1,0.04988646013107697,5,May,2025Q2
O002507,2025-05-15,C0417,P0008,S025,7,0.0,105890.12,81237.38,24652.74,0.23281435510697318,5,May,2025Q2
O003038,2025-05-15,C0502,P0021,S007,8,0.05,185544.88,158196.48,27348.4,0.14739506689702245,5,May,2025Q2
O003270,2025-05-15,C0438,P0007,S018,4,0.15,63798.48,52432.24,11366.24,0.17815847650288846,5,May,2025Q2
O003456,2025-05-15,C0254,P0108,S024,5,0.0,159457.95,112595.2,46862.75,0.2938878243449135,5,May,2025Q2
O003538,2025-05-15,C0547,P0111,S009,7,0.1,165697.12,137321.1,28376.02,0.17125234282889165,5,May,2025Q2
O004411,2025-05-15,C0871,P0003,S017,1,0.1,10465.02,7912.86,2552.16,0.2438753103195216,5,May,2025Q2
O005044,2025-05-15,C0724,P0029,S021,8,0.1,2403.29,1762.96,640.33,0.26643892330929686,5,May,2025Q2
O005369,2025-05-15,C0352,P0032,S017,6,0.2,181851.26,152550.78,29300.48,0.16112332683314923,5,May,2025Q2
O005539,2025-05-15,C0711,P0069,S016,3,0.0,19685.7,17280.51,2405.19,0.12217955165424649,5,May,2025Q2
O005818,2025-05-15,C0578,P0005,S014,7,0.15,238724.71,190199.24,48525.47,0.2032695735602737,5,May,2025Q2
O005928,2025-05-15,C0403,P0039,S013,4,0.15,93558.48,88292.2,5266.28,0.05628864427895793,5,May,2025Q2
O000649,2025-05-14,C0379,P0024,S007,1,0.2,7288.32,7249.22,39.1,0.0053647479803301725,5,May,2025Q2
O000731,2025-05-14,C0556,P0044,S018,1,0.0,11613.95,10068.82,1545.13,0.1330408689550067,5,May,2025Q2
O000823,2025-05-14,C0120,P0041,S002,3,0.1,100138.79,76657.68,23481.11,0.23448565735615542,5,May,2025Q2
O000829,2025-05-14,C0168,P0091,S015,7,0.0,43396.64,31407.67,11988.97,0.27626493664025603,5,May,2025Q2
O000890,2025-05-14,C0366,P0087,S006,3,0.15,88606.89,68398.95,20207.94,0.2280628515457432,5,May,2025Q2
O000980,2025-05-14,C0771,P0091,S015,5,0.0,30997.6,22434.05,8563.55,0.27626493664025603,5,May,2025Q2
O001890,2025-05-14,C0033,P0119,S004,3,0.1,10600.25,10264.56,335.69,0.03166812103488125,5,May,2025Q2
O001921,2025-05-14,C0982,P0054,S006,3,0.1,25106.84,23944.83,1162.01,0.04628260665221111,5,May,2025Q2
O002788,2025-05-14,C0621,P0028,S024,1,0.0,8659.09,7132.18,1526.91,0.17633608150510044,5,May,2025Q2
O002796,2025-05-14,C0341,P0071,S005,3,0.0,20030.43,14111.07,5919.36,0.29551836880186794,5,May,2025Q2
O002813,2025-05-14,C0908,P0032,S013,6,0.2,181851.26,152550.78,29300.48,0.16112332683314923,5,May,2025Q2
O003042,2025-05-14,C0765,P0047,S018,5,0.1,2938.46,2697.95,240.51,0.08184899573245849,5,May,2025Q2
O003480,2025-05-14,C0973,P0026,S002,4,0.0,27101.0,17738.6,9362.4,0.34546326703811664,5,May,2025Q2
O003619,2025-05-14,C0723,P0047,S018,5,0.0,3264.95,2697.95,567.0,0.17366269008713764,5,May,2025Q2
O003653,2025-05-14,C0424,P0014,S020,3,0.05,79311.4,56989.44,22321.96,0.2814470555304786,5,May,2025Q2
O003672,2025-05-14,C0606,P0113,S021,7,0.0,66424.61,48078.45,18346.16,0.27619522342697983,5,May,2025Q2
O004396,2025-05-14,C0278,P0092,S020,7,0.2,100617.22,83962.34,16654.88,0.1655271334270615,5,May,2025Q2
O005373,2025-05-14,C0478,P0004,S019,2,0.0,17033.16,12185.92,4847.24,0.28457667279588755,5,May,2025Q2
O000003,2025-05-13,C0743,P0104,S018,3,0.2,18818.33,18400.41,417.92,0.02220813430309703,5,May,2025Q2
O000893,2025-05-13,C0349,P0101,S012,1,0.15,15326.68,15302.5,24.18,0.0015776410807820088,5,May,2025Q2
O001208,2025-05-13,C0119,P0038,S003,2,0.0,58905.18,40065.68,18839.5,0.31982756015684866,5,May,2025Q2
O001717,2025-05-13,C0999,P0033,S001,6,0.15,151844.14,127171.38,24672.76,0.16248740320173038,5,May,2025Q2
O001883,2025-05-13,C0715,P0057,S009,2,0.1,80032.81,59122.46,20910.35,0.2612722207304729,5,May,2025Q2
O001997,2025-05-13,C0582,P0036,S020,1,0.0,13749.65,9655.05,4094.6,0.29779667118799386,5,May,2025Q2
O002616,2025-05-13,C0591,P0072,S018,6,0.2,141660.82,120663.66,20997.16,0.1482213642417148,5,May,2025Q2
O002705,2025-05-13,C0836,P0049,S005,5,0.05,79757.11,58504.65,21252.46,0.26646477035088156,5,May,2025Q2
O003103,2025-05-13,C0965,P0010,S024,3,0.0,5125.86,3697.65,1428.21,0.2786283667521158,5,May,2025Q2
O003620,2025-05-13,C0713,P0042,S013,7,0.0,49496.93,39382.28,10114.65,0.20434903740494612,5,May,2025Q2
O003974,2025-05-13,C0398,P0032,S002,1,0.0,37885.68,25425.13,12460.55,0.3288986762280629,5,May,2025Q2
O003979,2025-05-13,C0338,P0065,S005,5,0.0,18680.15,15451.05,3229.1,0.172862637612653,5,May,2025Q2
O004104,2025-05-13,C0790,P0097,S013,7,0.0,74835.95,57601.04,17234.91,0.23030254844095652,5,May,2025Q2
O004123,2025-05-13,C0151,P0109,S006,8,0.0,111575.84,93757.28,17818.56,0.15969908897840251,5,May,2025Q2
O005130,2025-05-13,C0648,P0097,S014,1,0.15,9087.22,8228.72,858.5,0.09447333728026834,5,May,2025Q2
O005156,2025-05-13,C0199,P0115,S003,4,0.2,107823.07,102309.08,5513.99,0.05113924135159571,5,May,2025Q2
O005262,2025-05-13,C0101,P0106,S007,5,0.05,73823.46,56497.55,17325.91,0.2346938222619205,5,May,2025Q2
O005712,2025-05-13,C0344,P0058,S020,3,0.0,101057.16,84854.34,16202.82,0.1603332213175197,5,May,2025Q2
O005883,2025-05-13,C0634,P0081,S019,8,0.0,332624.96,239348.96,93276.0,0.2804239345117095,5,May,2025Q2
O000113,2025-05-12,C0554,P0093,S010,1,0.15,28893.94,22423.34,6470.6,0.22394315209348398,5,May,2025Q2
O002280,2025-05-12,C0904,P0021,S012,1,0.1,21972.42,19774.56,2197.86,0.10002812616907925,5,May,2025Q2
O004261,2025-05-12,C0918,P0054,S015,3,0.2,22317.19,23944.83,-1627.64,-0.07293212093458003,5,May,2025Q2
O004708,2025-05-12,C0328,P0095,S019,3,0.0,113093.4,75950.49,37142.91,0.3284268578007205,5,May,2025Q2
O005139,2025-05-12,C0905,P0013,S006,7,0.0,64527.54,43006.88,21520.66,0.33351124186665104,5,May,2025Q2
O005302,2025-05-12,C0214,P0061,S012,2,0.2,39704.26,39771.64,-67.38,-0.0016970471178659415,5,May,2025Q2
O005463,2025-05-12,C0878,P0067,S019,6,0.2,99589.82,88650.54,10939.28,0.10984335547548936,5,May,2025Q2
O000072,2025-05-11,C0626,P0026,S007,2,0.1,12195.45,8869.3,3326.15,0.2727369633756852,5,May,2025Q2
O000858,2025-05-11,C0600,P0011,S025,1,0.0,11666.8,8994.13,2672.67,0.22908338190420682,5,May,2025Q2
O000960,2025-05-11,C0787,P0012,S005,5,0.1,11258.64,10085.9,1172.74,0.10416355794305529,5,May,2025Q2
O001059,2025-05-11,C0564,P0011,S005,2,0.05,22166.92,17988.26,4178.66,0.18850882305705982,5,May,2025Q2
O002470,2025-05-11,C0718,P0061,S013,2,0.1,44667.29,39771.64,4895.65,0.10960257494914062,5,May,2025Q2
O003669,2025-05-11,C0256,P0029,S018,8,0.0,2670.32,1762.96,907.36,0.33979448156026243,5,May,2025Q2
O004193,2025-05-11,C0644,P0103,S022,6,0.2,48237.55,45808.86,2428.69,0.05034853552885667,5,May,2025Q2
O004246,2025-05-11,C0460,P0073,S025,1,0.0,8000.5,6979.88,1020.62,0.12756952690456846,5,May,2025Q2
O004644,2025-05-11,C0399,P0023,S024,2,0.05,82469.65,56138.28,26331.37,0.3192855796041332,5,May,2025Q2
O004680,2025-05-11,C0897,P0071,S013,8,0.0,53414.48,37629.52,15784.96,0.29551836880186794,5,May,2025Q2
O004959,2025-05-11,C0654,P0009,S002,5,0.0,168818.65,136337.35,32481.3,0.19240350518144766,5,May,2025Q2
O005153,2025-05-11,C0136,P0061,S012,6,0.1,134001.86,119314.92,14686.94,0.10960250850249394,5,May,2025Q2
O005541,2025-05-11,C0107,P0029,S011,5,0.2,1335.16,1101.85,233.31,0.17474310195032805,5,May,2025Q2
O005788,2025-05-11,C0954,P0098,S003,8,0.0,161723.6,106905.2,54818.4,0.33896351552896425,5,May,2025Q2
O000819,2025-05-10,C0517,P0080,S013,5,0.1,89104.9,64082.85,25022.05,0.2808156453797715,5,May,2025Q2
O001449,2025-05-10,C0651,P0023,S003,3,0.0,130215.24,84207.42,46007.82,0.35332131630675484,5,May,2025Q2
O002420,2025-05-10,C0223,P0066,S001,5,0.0,83703.9,71562.05,12141.85,0.14505715982170486,5,May,2025Q2
O002448,2025-05-10,C0907,P0018,S011,6,0.2,7565.57,6439.44,1126.13,0.14884932662046615,5,May,2025Q2
O002465,2025-05-10,C0464,P0016,S014,6,0.2,68394.14,62713.32,5680.82,0.0830600399390942,5,May,2025Q2
O002473,2025-05-10,C0557,P0012,S003,4,0.2,8006.14,8068.72,-62.58,-0.00781650083560867,5,May,2025Q2
O002823,2025-05-10,C0855,P0068,S004,1,0.05,18705.24,16414.96,2290.28,0.12244055676377315,5,May,2025Q2
O003140,2025-05-10,C0039,P0003,S024,5,0.15,49418.15,39564.3,9853.85,0.19939738739714052,5,May,2025Q2
O003281,2025-05-10,C0180,P0035,S005,4,0.15,141378.05,113884.28,27493.77,0.1944698628959729,5,May,2025Q2
O003412,2025-05-10,C0249,P0002,S005,2,0.0,53046.28,37965.74,15080.54,0.2842902461774888,5,May,2025Q2
O003710,2025-05-10,C0545,P0028,S004,5,0.2,34636.36,35660.9,-1024.54,-0.02957989811862447,5,May,2025Q2
O003782,2025-05-10,C0135,P0077,S020,1,0.1,35624.13,27033.56,8590.57,0.24114469602485733,5,May,2025Q2
O003968,2025-05-10,C0122,P0052,S001,1,0.15,23580.98,22795.66,785.32,0.03330311123625906,5,May,2025Q2
O005897,2025-05-10,C0530,P0009,S015,1,0.2,27010.98,27267.47,-256.49,-0.009495768017302593,5,May,2025Q2
O005989,2025-05-10,C0653,P0072,S005,8,0.0,236101.36,160884.88,75216.48,0.318577072152401,5,May,2025Q2
O000097,2025-05-09,C0208,P0080,S025,8,0.0,158408.72,102532.56,55876.16,0.35273411716223707,5,May,2025Q2
O000121,2025-05-09,C0572,P0010,S019,4,0.05,6492.76,4930.2,1562.56,0.2406619064927704,5,May,2025Q2
O000164,2025-05-09,C0386,P0117,S008,7,0.05,131586.94,123324.04,8262.9,0.06279422562755847,5,May,2025Q2
O000245,2025-05-09,C0576,P0110,S019,1,0.1,32397.12,25741.91,6655.21,0.20542597613615038,5,May,2025Q2
O000411,2025-05-09,C0332,P0089,S021,3,0.2,78044.76,79083.69,-1038.93,-0.013311976358182152,5,May,2025Q2
O000974,2025-05-09,C0860,P0088,S013,6,0.2,163960.99,140582.58,23378.41,0.14258519663732208,5,May,2025Q2
O001299,2025-05-09,C0232,P0061,S013,6,0.05,141446.41,119314.92,22131.49,0.1564655476233013,5,May,2025Q2
O002026,2025-05-09,C0773,P0053,S020,5,0.1,122593.36,120080.0,2513.36,0.02050159976037854,5,May,2025Q2
O002264,2025-05-09,C0944,P0023,S012,8,0.0,347240.64,224553.12,122687.52,0.3533213163067549,5,May,2025Q2
O002768,2025-05-09,C0811,P0077,S018,4,0.0,158329.48,108134.24,50195.24,0.3170302839370154,5,May,2025Q2
O002942,2025-05-09,C0852,P0014,S013,8,0.15,189234.21,151971.84,37262.37,0.19691138298936542,5,May,2025Q2
O003245,2025-05-09,C0235,P0095,S025,8,0.05,286503.28,202534.64,83968.64,0.2930809029481268,5,May,2025Q2
O003899,2025-05-09,C0097,P0030,S023,1,0.15,10529.21,10354.62,174.59,0.016581490919071802,5,May,2025Q2
O004519,2025-05-09,C0017,P0001,S023,2,0.0,12074.44,8190.62,3883.82,0.3216563252622896,5,May,2025Q2
O001007,2025-05-08,C0202,P0022,S011,5,0.0,133859.2,86778.1,47081.1,0.3517210621309555,5,May,2025Q2
O001142,2025-05-08,C0821,P0088,S023,4,0.15,116139.04,93721.72,22417.32,0.1930213991780886,5,May,2025Q2
O001192,2025-05-08,C0378,P0058,S020,8,0.15,229062.9,226278.24,2784.66,0.012156748211954008,5,May,2025Q2
O001601,2025-05-08,C0832,P0087,S021,7,0.1,218911.14,159597.55,59313.59,0.2709482486820908,5,May,2025Q2
O001978,2025-05-08,C0171,P0073,S021,8,0.2,51203.2,55839.04,-4635.84,-0.09053809136928943,5,May,2025Q2
O002029,2025-05-08,C0350,P0036,S022,5,0.2,54998.6,48275.25,6723.35,0.12224583898499236,5,May,2025Q2
O002305,2025-05-08,C1000,P0015,S022,3,0.1,80865.59,70503.27,10362.32,0.12814251401615942,5,May,2025Q2
O002424,2025-05-08,C0080,P0079,S004,1,0.0,42811.75,29170.51,13641.24,0.3186330855431044,5,May,2025Q2
O002726,2025-05-08,C0632,P0110,S004,7,0.05,239378.72,180193.37,59185.35,0.24724566160266878,5,May,2025Q2
O002730,2025-05-08,C0136,P0092,S002,4,0.0,71869.44,47978.48,23890.96,0.33242168020232243,5,May,2025Q2
O003606,2025-05-08,C0162,P0014,S001,8,0.0,222628.48,151971.84,70656.64,0.31737466832635247,5,May,2025Q2
O003624,2025-05-08,C0200,P0040,S015,5,0.0,1802.8,1267.9,534.9,0.29670512536055027,5,May,2025Q2
O003643,2025-05-08,C0921,P0096,S002,3,0.05,18441.38,12614.07,5827.31,0.31599099416638016,5,May,2025Q2
O003797,2025-05-08,C0404,P0017,S022,3,0.0,28027.86,24776.94,3250.92,0.11598887678188774,5,May,2025Q2
O003858,2025-05-08,C0982,P0110,S018,3,0.15,91791.84,77225.73,14566.11,0.158686327673571,5,May,2025Q2
O004031,2025-05-08,C0003,P0110,S022,7,0.0,251977.6,180193.37,71784.23,0.2848833785225353,5,May,2025Q2
O004339,2025-05-08,C0531,P0048,S009,7,0.1,57675.37,54938.87,2736.5,0.04744659635473513,5,May,2025Q2
O004736,2025-05-08,C0158,P0038,S007,7,0.1,185551.32,140229.88,45321.44,0.24425285683766626,5,May,2025Q2
O004920,2025-05-08,C0501,P0107,S012,7,0.05,149439.4,123823.21,25616.19,0.17141523587487636,5,May,2025Q2
O000264,2025-05-07,C0756,P0037,S015,3,0.0,110891.88,80130.27,30761.61,0.2774018259948339,5,May,2025Q2
O000375,2025-05-07,C0945,P0068,S010,6,0.1,106324.54,98489.76,7834.78,0.07368741026295529,5,May,2025Q2
O001010,2025-05-07,C0111,P0061,S008,6,0.0,148890.96,119314.92,29576.04,0.19864228157303843,5,May,2025Q2
O001312,2025-05-07,C0633,P0020,S024,3,0.0,138438.78,89964.75,48474.03,0.35014776928834535,5,May,2025Q2
O001879,2025-05-07,C0316,P0108,S022,4,0.2,102053.09,90076.16,11976.93,0.11735979772880958,5,May,2025Q2
O002193,2025-05-07,C0815,P0069,S019,3,0.0,19685.7,17280.51,2405.19,0.12217955165424649,5,May,2025Q2
O002378,2025-05-07,C0229,P0082,S001,6,0.05,79444.43,58371.18,21073.25,0.2652577405363724,5,May,2025Q2
O003870,2025-05-07,C0089,P0084,S011,7,0.1,149660.47,109806.97,39853.5,0.2662927625444448,5,May,2025Q2
O004161,2025-05-07,C0212,P0023,S001,3,0.0,130215.24,84207.42,46007.82,0.35332131630675484,5,May,2025Q2
O004270,2025-05-07,C0455,P0035,S014,4,0.0,166327.12,113884.28,52442.84,0.31529939314767186,5,May,2025Q2
O004642,2025-05-07,C0598,P0056,S013,1,0.1,39191.79,28266.66,10925.13,0.27876067921368225,5,May,2025Q2
O004729,2025-05-07,C0894,P0082,S017,1,0.15,11846.98,9728.53,2118.45,0.17881772401067614,5,May,2025Q2
O005620,2025-05-07,C0069,P0077,S008,7,0.2,221661.27,189234.92,32426.35,0.14628784721841573,5,May,2025Q2
O005771,2025-05-07,C0021,P0120,S016,4,0.05,46562.05,39556.32,7005.73,0.15046008498337163,5,May,2025Q2
O005898,2025-05-07,C0416,P0104,S004,1,0.0,7840.97,6133.47,1707.5,0.21776642430719667,5,May,2025Q2
O001361,2025-05-06,C0466,P0117,S021,7,0.0,138512.57,123324.04,15188.53,0.10965452449550246,5,May,2025Q2
O001438,2025-05-06,C0717,P0106,S018,1,0.0,15541.78,11299.51,4242.27,0.27295908190696305,5,May,2025Q2
O001688,2025-05-06,C0540,P0115,S009,6,0.2,161734.61,153463.62,8270.99,0.05113927068547666,5,May,2025Q2
O002268,2025-05-06,C0617,P0068,S010,3,0.0,59069.19,49244.88,9824.31,0.16631868491848287,5,May,2025Q2
O002618,2025-05-06,C0232,P0105,S001,7,0.1,114955.28,84202.16,30753.12,0.26752246612769764,5,May,2025Q2
O003611,2025-05-06,C0011,P0006,S010,5,0.15,8248.78,7361.75,887.03,0.1075346899783968,5,May,2025Q2
O003689,2025-05-06,C0475,P0086,S024,3,0.2,35654.9,37651.14,-1996.24,-0.055987816541344944,5,May,2025Q2
O003867,2025-05-06,C0215,P0046,S008,1,0.2,23128.7,20166.73,2961.97,0.1280646988373752,5,May,2025Q2
O003977,2025-05-06,C0976,P0058,S003,2,0.15,57265.72,56569.56,696.16,0.0121566619611174,5,May,2025Q2
O004301,2025-05-06,C0832,P0007,S023,3,0.2,45034.22,39324.18,5710.04,0.12679335847273474,5,May,2025Q2
O004462,2025-05-06,C0605,P0042,S010,8,0.15,48082.73,45008.32,3074.41,0.06394000507042756,5,May,2025Q2
O004576,2025-05-06,C0663,P0099,S008,3,0.1,53039.2,43910.76,9128.44,0.17210742243472754,5,May,2025Q2
O004669,2025-05-06,C0796,P0110,S012,2,0.1,64794.24,51483.82,13310.42,0.20542597613615038,5,May,2025Q2
O005464,2025-05-06,C0574,P0022,S023,5,0.05,127166.24,86778.1,40388.14,0.31760111803258473,5,May,2025Q2
O000171,2025-05-05,C0045,P0017,S019,3,0.0,28027.86,24776.94,3250.92,0.11598887678188774,5,May,2025Q2
O000298,2025-05-05,C0010,P0006,S019,8,0.2,12421.7,11778.8,642.9,0.05175620084207475,5,May,2025Q2
O001993,2025-05-05,C0815,P0062,S007,5,0.0,80760.7,59542.45,21218.25,0.2627298921381315,5,May,2025Q2
O002049,2025-05-05,C0165,P0042,S024,8,0.2,45254.34,45008.32,246.02,0.005436384664984618,5,May,2025Q2
O002624,2025-05-05,C0167,P0080,S016,2,0.05,37622.07,25633.14,11988.93,0.3186674736398077,5,May,2025Q2
O002827,2025-05-05,C0159,P0087,S003,3,0.2,83394.72,68398.95,14995.77,0.1798167797673522,5,May,2025Q2
O003294,2025-05-05,C0657,P0011,S019,1,0.1,10500.12,8994.13,1505.99,0.14342597989356312,5,May,2025Q2
O003547,2025-05-05,C0854,P0115,S021,8,0.0,269557.68,204618.16,64939.52,0.24091140716153958,5,May,2025Q2
O003600,2025-05-05,C0854,P0091,S009,5,0.15,26347.96,22434.05,3913.91,0.14854698428265414,5,May,2025Q2
O004001,2025-05-05,C0535,P0019,S015,2,0.0,64283.68,48595.78,15687.9,0.2440417225647318,5,May,2025Q2
O004426,2025-05-05,C0591,P0035,S014,8,0.1,299388.82,227768.56,71620.26,0.23922155810627796,5,May,2025Q2
O004724,2025-05-05,C0284,P0085,S019,6,0.0,151417.14,112602.78,38814.36,0.2563405965797531,5,May,2025Q2
O004881,2025-05-05,C0217,P0048,S020,4,0.1,32957.35,31393.64,1563.71,0.04744647248641047,5,May,2025Q2
O005108,2025-05-05,C0893,P0094,S014,6,0.15,76525.09,61610.46,14914.63,0.19489856202717304,5,May,2025Q2
O005181,2025-05-05,C0851,P0071,S022,3,0.1,18027.39,14111.07,3916.32,0.2172427622634225,5,May,2025Q2
O005183,2025-05-05,C0251,P0036,S013,1,0.0,13749.65,9655.05,4094.6,0.29779667118799386,5,May,2025Q2
O005239,2025-05-05,C0097,P0053,S007,2,0.0,54485.94,48032.0,6453.94,0.11845147573851161,5,May,2025Q2
O005598,2025-05-05,C0332,P0035,S002,2,0.0,83163.56,56942.14,26221.42,0.31529939314767186,5,May,2025Q2
O005911,2025-05-05,C0929,P0001,S025,1,0.05,5735.36,4095.31,1640.05,0.2859541510907772,5,May,2025Q2
O000111,2025-05-04,C0927,P0083,S020,4,0.0,60749.8,47061.4,13688.4,0.22532419859818467,5,May,2025Q2
O000382,2025-05-04,C0587,P0020,S014,5,0.15,196121.6,149941.25,46180.35,0.23546794437736587,5,May,2025Q2
O004418,2025-05-04,C0191,P0085,S004,2,0.15,42901.52,37534.26,5367.26,0.12510652303228417,5,May,2025Q2
O004832,2025-05-04,C0030,P0017,S018,1,0.0,9342.62,8258.98,1083.64,0.11598887678188774,5,May,2025Q2
O005205,2025-05-04,C0599,P0046,S013,2,0.0,57821.76,40333.46,17488.3,0.30245187970757026,5,May,2025Q2
O005503,2025-05-04,C0384,P0102,S017,7,0.1,8053.04,7438.62,614.42,0.07629665318935458,5,May,2025Q2
O005828,2025-05-04,C0019,P0087,S007,2,0.1,62546.04,45599.3,16946.74,0.27094824868209083,5,May,2025Q2
O000312,2025-05-03,C0329,P0093,S003,7,0.0,237950.09,156963.38,80986.71,0.3403516678644669,5,May,2025Q2
O001491,2025-05-03,C0669,P0115,S008,5,0.0,168473.55,127886.35,40587.2,0.2409114071615396,5,May,2025Q2
O001981,2025-05-03,C0180,P0061,S023,4,0.05,94297.61,79543.28,14754.33,0.1564655774414643,5,May,2025Q2
O002402,2025-05-03,C0058,P0083,S022,1,0.0,15187.45,11765.35,3422.1,0.22532419859818467,5,May,2025Q2
O002842,2025-05-03,C0210,P0118,S007,4,0.05,102349.85,77963.2,24386.65,0.2382675695176886,5,May,2025Q2
O003871,2025-05-03,C0599,P0063,S019,3,0.05,5831.5,5472.72,358.78,0.06152447912200977,5,May,2025Q2
O004321,2025-05-03,C0640,P0016,S015,1,0.2,11399.02,10452.22,946.8,0.08305977180494463,5,May,2025Q2
O004479,2025-05-03,C0782,P0021,S013,8,0.1,175779.36,158196.48,17582.88,0.10002812616907925,5,May,2025Q2
O004843,2025-05-03,C0842,P0093,S013,1,0.05,32293.23,22423.34,9869.89,0.3056334098509192,5,May,2025Q2
O004866,2025-05-03,C0782,P0028,S008,3,0.15,22080.68,21396.54,684.14,0.030983647242747957,5,May,2025Q2
O005669,2025-05-03,C0367,P0016,S005,7,0.0,99741.46,73165.54,26575.92,0.2664480748527242,5,May,2025Q2
O000648,2025-05-02,C0120,P0006,S011,3,0.1,5240.4,4417.05,823.35,0.15711586901763225,5,May,2025Q2
O001030,2025-05-02,C0520,P0105,S018,1,0.1,16422.18,12028.88,4393.3,0.26752233869072195,5,May,2025Q2
O001646,2025-05-02,C0108,P0116,S006,7,0.1,77924.13,64427.44,13496.69,0.1732029603667054,5,May,2025Q2
O002277,2025-05-02,C0700,P0063,S020,5,0.05,9719.17,9121.2,597.97,0.061524800986092434,5,May,2025Q2
O002328,2025-05-02,C0798,P0012,S003,1,0.2,2001.54,2017.18,-15.64,-0.00781398323291066,5,May,2025Q2
O003432,2025-05-02,C0491,P0069,S025,4,0.0,26247.6,23040.68,3206.92,0.12217955165424649,5,May,2025Q2
O004189,2025-05-02,C0683,P0108,S002,8,0.1,229619.45,180152.32,49467.13,0.21543092277243933,5,May,2025Q2
O004409,2025-05-02,C0351,P0093,S014,3,0.0,101978.61,67270.02,34708.59,0.34035166786446686,5,May,2025Q2
O004433,2025-05-02,C0043,P0051,S013,4,0.1,15385.36,12890.28,2495.08,0.16217235085821846,5,May,2025Q2
O004601,2025-05-02,C0608,P0052,S022,2,0.0,55484.66,45591.32,9893.34,0.17830766197359774,5,May,2025Q2
O004796,2025-05-02,C0085,P0118,S011,4,0.05,102349.85,77963.2,24386.65,0.2382675695176886,5,May,2025Q2
O005176,2025-05-02,C0665,P0100,S002,5,0.0,92424.8,77775.2,14649.6,0.15850291263816638,5,May,2025Q2
O005710,2025-05-02,C0706,P0072,S007,7,0.15,175600.39,140774.27,34826.12,0.19832598321677988,5,May,2025Q2
O000037,2025-05-01,C0003,P0002,S022,2,0.0,53046.28,37965.74,15080.54,0.2842902461774888,5,May,2025Q2
O000259,2025-05-01,C0678,P0033,S024,2,0.0,59546.72,42390.46,17156.26,0.2881142739684066,5,May,2025Q2
O000526,2025-05-01,C0497,P0024,S017,1,0.05,8654.88,7249.22,1405.66,0.16241241935185702,5,May,2025Q2
O000744,2025-05-01,C0664,P0040,S019,2,0.2,576.9,507.16,69.74,0.12088750216675333,5,May,2025Q2
O000789,2025-05-01,C0305,P0027,S006,8,0.2,80149.5,75278.24,4871.26,0.06077717265859425,5,May,2025Q2
O000889,2025-05-01,C0215,P0072,S002,1,0.05,28037.04,20110.61,7926.43,0.2827127970713028,5,May,2025Q2
O001693,2025-05-01,C0716,P0057,S021,8,0.0,355701.36,236489.84,119211.52,0.335144965428302,5,May,2025Q2
O002627,2025-05-01,C0499,P0113,S016,7,0.15,56460.92,48078.45,8382.47,0.14846499136039581,5,May,2025Q2
O002971,2025-05-01,C0917,P0070,S013,8,0.1,85770.5,64394.72,21375.78,0.24922065278854616,5,May,2025Q2
O003141,2025-05-01,C0557,P0099,S018,2,0.2,31430.64,29273.84,2156.8,0.0686209380400781,5,May,2025Q2
O003283,2025-05-01,C0244,P0073,S004,3,0.0,24001.5,20939.64,3061.86,0.12756952690456846,5,May,2025Q2
O003293,2025-05-01,C0920,P0071,S010,6,0.2,32048.69,28222.14,3826.55,0.11939801595634643,5,May,2025Q2
O003550,2025-05-01,C0007,P0063,S022,6,0.0,12276.84,10945.44,1331.4,0.10844810228039138,5,May,2025Q2
O004115,2025-05-01,C0266,P0001,S012,1,0.2,4829.78,4095.31,734.47,0.1520711088289736,5,May,2025Q2
O004586,2025-05-01,C0137,P0059,S024,3,0.0,6801.51,5387.88,1413.63,0.2078406118641302,5,May,2025Q2
O005006,2025-05-01,C0200,P0037,S025,5,0.0,184819.8,133550.45,51269.35,0.2774018259948339,5,May,2025Q2
O005059,2025-05-01,C0443,P0070,S017,6,0.0,71475.42,48296.04,23179.38,0.32429861902175605,5,May,2025Q2
O005185,2025-05-01,C0549,P0085,S018,3,0.05,71923.14,56301.39,15621.75,0.21720061165293952,5,May,2025Q2
O005186,2025-05-01,C0178,P0005,S025,4,0.2,128389.76,108685.28,19704.48,0.15347392190779077,5,May,2025Q2
O005278,2025-05-01,C0445,P0041,S010,1,0.0,37088.44,25552.56,11535.88,0.3110370778603791,5,May,2025Q2
O002369,2025-04-30,C0932,P0112,S011,8,0.05,290805.03,218905.28,71899.75,0.24724383206163936,4,April,2025Q2
O003577,2025-04-30,C0128,P0019,S002,3,0.0,96425.52,72893.67,23531.85,0.2440417225647318,4,April,2025Q2
O003637,2025-04-30,C0010,P0018,S001,3,0.05,4492.06,3219.72,1272.34,0.28324198697256936,4,April,2025Q2
O004290,2025-04-30,C0475,P0012,S015,1,0.15,2126.63,2017.18,109.45,0.05146640459318264,4,April,2025Q2
O004548,2025-04-30,C0857,P0041,S016,1,0.2,29670.75,25552.56,4118.19,0.13879628927479082,4,April,2025Q2
O004889,2025-04-30,C0085,P0050,S021,8,0.1,137566.87,119150.72,18416.15,0.1338705314731665,4,April,2025Q2
O005263,2025-04-30,C0097,P0041,S013,4,0.0,148353.76,102210.24,46143.52,0.3110370778603791,4,April,2025Q2
O005467,2025-04-30,C0316,P0057,S005,4,0.15,151173.08,118244.92,32928.16,0.21781761673440805,4,April,2025Q2
O005907,2025-04-30,C0682,P0085,S017,5,0.2,100944.76,93835.65,7109.11,0.0704257457246914,4,April,2025Q2
O000040,2025-04-29,C0468,P0038,S009,8,0.0,235620.72,160262.72,75358.0,0.31982756015684866,4,April,2025Q2
O000158,2025-04-29,C0065,P0034,S012,4,0.0,51504.4,40918.08,10586.32,0.20554205077624435,4,April,2025Q2
O000275,2025-04-29,C0816,P0001,S018,6,0.0,36223.32,24571.86,11651.46,0.3216563252622896,4,April,2025Q2
O000476,2025-04-29,C0971,P0029,S005,5,0.05,1585.5,1101.85,483.65,0.3050457269000315,4,April,2025Q2
O001485,2025-04-29,C0102,P0091,S005,2,0.2,9919.23,8973.62,945.61,0.09533098839325231,4,April,2025Q2
O001750,2025-04-29,C0305,P0064,S011,1,0.15,29219.18,24752.14,4467.04,0.15288040253011892,4,April,2025Q2
O001812,2025-04-29,C0458,P0048,S016,2,0.2,14647.71,15696.82,-1049.11,-0.07162279974139302,4,April,2025Q2
O002550,2025-04-29,C0103,P0109,S003,7,0.2,78103.09,82037.62,-3934.53,-0.05037611187982448,4,April,2025Q2
O003645,2025-04-29,C0753,P0075,S018,5,0.1,157822.29,132366.45,25455.84,0.1612943266759087,4,April,2025Q2
O004300,2025-04-29,C0575,P0117,S017,5,0.2,79150.04,88088.6,-8938.56,-0.11293184438062193,4,April,2025Q2
O005295,2025-04-29,C0551,P0050,S003,5,0.0,95532.55,74469.2,21063.35,0.22048348965876027,4,April,2025Q2
O005672,2025-04-29,C0198,P0088,S025,4,0.0,136634.16,93721.72,42912.44,0.3140681656768703,4,April,2025Q2
O000198,2025-04-28,C0458,P0101,S023,3,0.0,54094.17,45907.5,8186.67,0.15134107797568574,4,April,2025Q2
O000226,2025-04-28,C0208,P0107,S008,6,0.0,134832.54,106134.18,28698.36,0.2128444661800482,4,April,2025Q2
O001036,2025-04-28,C0478,P0080,S007,4,0.1,71283.92,51266.28,20017.64,0.2808156453797715,4,April,2025Q2
O001735,2025-04-28,C0584,P0106,S005,4,0.1,55950.41,45198.04,10752.37,0.19217678655080456,4,April,2025Q2
O001796,2025-04-28,C0298,P0103,S006,6,0.05,57282.09,45808.86,11473.23,0.20029349487771833,4,April,2025Q2
O002132,2025-04-28,C0711,P0068,S006,6,0.0,118138.38,98489.76,19648.62,0.16631868491848287,4,April,2025Q2
O002569,2025-04-28,C0420,P0040,S006,2,0.0,721.12,507.16,213.96,0.29670512536055027,4,April,2025Q2
O002791,2025-04-28,C0755,P0090,S018,2,0.15,35435.29,36694.14,-1258.85,-0.03552531953315466,4,April,2025Q2
O003023,2025-04-28,C0601,P0083,S008,2,0.0,30374.9,23530.7,6844.2,0.22532419859818467,4,April,2025Q2
O003126,2025-04-28,C0341,P0011,S002,5,0.05,55417.3,44970.65,10446.65,0.1885088230570598,4,April,2025Q2
O003265,2025-04-28,C0339,P0109,S008,5,0.0,69734.9,58598.3,11136.6,0.15969908897840251,4,April,2025Q2
O003288,2025-04-28,C0180,P0114,S001,1,0.0,40519.17,29017.33,11501.84,0.2838616881836425,4,April,2025Q2
O003639,2025-04-28,C0023,P0029,S007,5,0.1,1502.06,1101.85,400.21,0.26644075469688294,4,April,2025Q2
O004179,2025-04-28,C0103,P0062,S012,4,0.2,51686.85,47633.96,4052.89,0.0784124008330939,4,April,2025Q2
O004820,2025-04-28,C0147,P0071,S005,3,0.0,20030.43,14111.07,5919.36,0.29551836880186794,4,April,2025Q2
O005148,2025-04-28,C0848,P0100,S017,1,0.05,17560.71,15555.04,2005.67,0.11421349136794584,4,April,2025Q2
O005885,2025-04-28,C0403,P0096,S020,5,0.0,32353.3,21023.45,11329.85,0.35019147969449793,4,April,2025Q2
O005925,2025-04-28,C0845,P0041,S015,3,0.0,111265.32,76657.68,34607.64,0.3110370778603791,4,April,2025Q2
O000345,2025-04-27,C0766,P0084,S020,1,0.2,19004.5,15686.71,3317.79,0.17457917861559105,4,April,2025Q2
O000601,2025-04-27,C0101,P0031,S024,7,0.0,8193.64,5971.0,2222.64,0.2712640535830229,4,April,2025Q2
O000645,2025-04-27,C0496,P0048,S010,1,0.0,9154.82,7848.41,1306.41,0.1427018772624694,4,April,2025Q2
O002003,2025-04-27,C0029,P0109,S007,5,0.0,69734.9,58598.3,11136.6,0.15969908897840251,4,April,2025Q2
O002126,2025-04-27,C0999,P0059,S004,2,0.15,3854.19,3591.92,262.27,0.06804802046603825,4,April,2025Q2
O002214,2025-04-27,C0360,P0083,S021,2,0.05,28856.16,23530.7,5325.46,0.18455192929343336,4,April,2025Q2
O002455,2025-04-27,C0701,P0091,S011,8,0.0,49596.16,35894.48,13701.68,0.27626493664025603,4,April,2025Q2
O003108,2025-04-27,C0134,P0017,S010,2,0.05,17750.98,16517.96,1233.02,0.06946208040344815,4,April,2025Q2
O003246,2025-04-27,C0441,P0045,S023,7,0.15,46458.49,36421.35,10037.14,0.21604533423277425,4,April,2025Q2
O003832,2025-04-27,C0592,P0003,S018,4,0.2,37208.96,31651.44,5557.52,0.14935972410946183,4,April,2025Q2
O004093,2025-04-27,C0752,P0050,S001,3,0.05,54453.55,44681.52,9772.03,0.17945625216354122,4,April,2025Q2
O005223,2025-04-27,C0707,P0108,S003,6,0.15,162647.11,135114.24,27532.87,0.16927979845445765,4,April,2025Q2
O005742,2025-04-27,C0490,P0054,S005,5,0.0,46494.15,39908.05,6586.1,0.14165438017471016,4,April,2025Q2
O005978,2025-04-27,C0739,P0059,S019,4,0.15,7708.38,7183.84,524.54,0.06804802046603825,4,April,2025Q2
O000396,2025-04-26,C0034,P0053,S025,1,0.05,25880.82,24016.0,1864.82,0.0720541312060437,4,April,2025Q2
O000559,2025-04-26,C0004,P0050,S023,8,0.0,152852.08,119150.72,33701.36,0.2204834896587603,4,April,2025Q2
O000631,2025-04-26,C0329,P0046,S009,7,0.05,192257.35,141167.11,51090.24,0.265738813106495,4,April,2025Q2
O001266,2025-04-26,C0281,P0002,S004,7,0.0,185661.98,132880.09,52781.89,0.28429024617748877,4,April,2025Q2
O002009,2025-04-26,C0317,P0027,S008,3,0.05,35691.58,28229.34,7462.24,0.20907564193011346,4,April,2025Q2
O002150,2025-04-26,C0536,P0014,S003,6,0.0,166971.36,113978.88,52992.48,0.3173746683263525,4,April,2025Q2
O002185,2025-04-26,C0451,P0083,S007,3,0.0,45562.35,35296.05,10266.3,0.22532419859818467,4,April,2025Q2
O003304,2025-04-26,C0289,P0001,S015,6,0.0,36223.32,24571.86,11651.46,0.3216563252622896,4,April,2025Q2
O003466,2025-04-26,C0582,P0054,S012,1,0.05,8833.89,7981.61,852.28,0.09647844833929334,4,April,2025Q2
O003530,2025-04-26,C0133,P0030,S014,7,0.0,86711.17,72482.34,14228.83,0.16409454514337657,4,April,2025Q2
O003733,2025-04-26,C0735,P0078,S005,2,0.2,8753.12,7568.8,1184.32,0.13530261209717218,4,April,2025Q2
O004160,2025-04-26,C0178,P0116,S006,6,0.0,74213.46,55223.52,18989.94,0.2558826929777967,4,April,2025Q2
O004164,2025-04-26,C0346,P0037,S011,1,0.0,36963.96,26710.09,10253.87,0.27740182599483393,4,April,2025Q2
O004248,2025-04-26,C0388,P0108,S025,3,0.1,86107.29,67557.12,18550.17,0.21543088860420528,4,April,2025Q2
O004388,2025-04-26,C0323,P0009,S001,8,0.1,243098.86,218139.76,24959.1,0.10267057607756779,4,April,2025Q2
O004767,2025-04-26,C0238,P0035,S009,4,0.1,149694.41,113884.28,35810.13,0.23922155810627796,4,April,2025Q2
O005274,2025-04-26,C0724,P0038,S001,3,0.05,83939.88,60098.52,23841.36,0.2840289978970663,4,April,2025Q2
O005893,2025-04-26,C0406,P0005,S013,5,0.0,200609.0,135856.6,64752.4,0.3227791375262326,4,April,2025Q2
O005956,2025-04-26,C0801,P0074,S022,2,0.2,27384.02,25350.48,2033.54,0.07426009767740456,4,April,2025Q2
O000024,2025-04-25,C0745,P0017,S007,1,0.15,7941.23,8258.98,-317.75,-0.040012693247771444,4,April,2025Q2
O000808,2025-04-25,C0731,P0027,S007,5,0.05,59485.96,47048.9,12437.06,0.20907555329022176,4,April,2025Q2
O001345,2025-04-25,C0047,P0069,S008,5,0.0,32809.5,28800.85,4008.65,0.12217955165424649,4,April,2025Q2
O001440,2025-04-25,C0398,P0112,S015,2,0.05,72701.26,54726.32,17974.94,0.24724385794689116,4,April,2025Q2
O001619,2025-04-25,C0917,P0087,S021,3,0.05,99031.23,68398.95,30632.28,0.30931939348829657,4,April,2025Q2
O002076,2025-04-25,C0599,P0087,S025,6,0.15,177213.78,136797.9,40415.88,0.2280628515457432,4,April,2025Q2
O002995,2025-04-25,C0882,P0065,S004,7,0.05,24844.6,21631.47,3213.13,0.12932910974618228,4,April,2025Q2
O003603,2025-04-25,C0049,P0076,S011,7,0.0,270758.18,189719.32,81038.86,0.29930345964062843,4,April,2025Q2
O003960,2025-04-25,C0588,P0068,S014,6,0.05,112231.46,98489.76,13741.7,0.12244071314763258,4,April,2025Q2
O004053,2025-04-25,C0346,P0068,S006,2,0.0,39379.46,32829.92,6549.54,0.1663186849184829,4,April,2025Q2
O004329,2025-04-25,C0470,P0047,S008,1,0.0,652.99,539.59,113.4,0.17366269008713764,4,April,2025Q2
O004715,2025-04-25,C0590,P0013,S007,4,0.2,29498.3,24575.36,4922.94,0.16688893936260732,4,April,2025Q2
O000231,2025-04-24,C0769,P0074,S005,1,0.15,14547.76,12675.24,1872.52,0.12871534861724415,4,April,2025Q2
O000990,2025-04-24,C0761,P0003,S025,5,0.2,46511.2,39564.3,6946.9,0.1493597241094618,4,April,2025Q2
O000992,2025-04-24,C0240,P0064,S012,1,0.05,32656.72,24752.14,7904.58,0.24205064072570667,4,April,2025Q2
O001953,2025-04-24,C0231,P0003,S023,6,0.0,69766.8,47477.16,22289.64,0.31948777928756944,4,April,2025Q2
O003030,2025-04-24,C0434,P0058,S021,8,0.2,215588.61,226278.24,-10689.63,-0.049583463616190114,4,April,2025Q2
O003409,2025-04-24,C0316,P0043,S004,2,0.0,44870.26,38522.94,6347.32,0.14145939871977561,4,April,2025Q2
O003598,2025-04-24,C0315,P0091,S009,2,0.05,11779.09,8973.62,2805.47,0.23817374686839135,4,April,2025Q2
O003993,2025-04-24,C0353,P0059,S001,1,0.05,2153.81,1795.96,357.85,0.1661474317604617,4,April,2025Q2
O004149,2025-04-24,C0357,P0084,S002,5,0.15,100961.43,78433.55,22527.88,0.22313352732820843,4,April,2025Q2
O004842,2025-04-24,C0844,P0085,S020,8,0.05,191795.04,150137.04,41658.0,0.2172006116529395,4,April,2025Q2
O004868,2025-04-24,C0869,P0011,S011,3,0.15,29750.34,26982.39,2767.95,0.0930392728284786,4,April,2025Q2
O004876,2025-04-24,C0130,P0105,S012,1,0.0,18246.87,12028.88,6217.99,0.3407702252495908,4,April,2025Q2
O005349,2025-04-24,C0380,P0057,S022,7,0.0,311238.69,206928.61,104310.08,0.33514496542830197,4,April,2025Q2
O005470,2025-04-24,C0130,P0085,S024,7,0.1,158988.0,131369.91,27618.09,0.17371178956902408,4,April,2025Q2
O005609,2025-04-24,C0046,P0029,S022,3,0.1,901.23,661.11,240.12,0.26643587097633237,4,April,2025Q2
O005966,2025-04-24,C0227,P0006,S014,5,0.0,9704.45,7361.75,2342.7,0.24140471639299493,4,April,2025Q2
O000106,2025-04-23,C0980,P0024,S017,2,0.15,15487.68,14498.44,989.24,0.06387270398148721,4,April,2025Q2
O000176,2025-04-23,C0851,P0053,S020,3,0.15,69469.57,72048.0,-2578.43,-0.037115963147605485,4,April,2025Q2
O000278,2025-04-23,C0270,P0011,S014,4,0.15,39667.12,35976.52,3690.6,0.09303927282847858,4,April,2025Q2
O000883,2025-04-23,C0602,P0117,S022,6,0.15,100916.3,105706.32,-4790.02,-0.04746527567895375,4,April,2025Q2
O001057,2025-04-23,C0917,P0026,S015,4,0.1,24390.9,17738.6,6652.3,0.2727369633756852,4,April,2025Q2
O001127,2025-04-23,C0068,P0085,S009,6,0.0,151417.14,112602.78,38814.36,0.2563405965797531,4,April,2025Q2
O001344,2025-04-23,C0304,P0091,S009,2,0.0,12399.04,8973.62,3425.42,0.27626493664025603,4,April,2025Q2
O001354,2025-04-23,C0333,P0035,S007,7,0.0,291072.46,199297.49,91774.97,0.31529939314767186,4,April,2025Q2
O001551,2025-04-23,C0939,P0047,S013,8,0.15,4440.33,4316.72,123.61,0.027838021047985172,4,April,2025Q2
O001567,2025-04-23,C0752,P0106,S023,5,0.1,69938.01,56497.55,13440.46,0.19217675767440337,4,April,2025Q2
O002111,2025-04-23,C0528,P0017,S005,4,0.2,29896.38,33035.92,-3139.54,-0.10501405186848708,4,April,2025Q2
O002564,2025-04-23,C0875,P0075,S021,4,0.0,140286.48,105893.16,34393.32,0.2451648940083178,4,April,2025Q2
O002614,2025-04-23,C0480,P0118,S006,8,0.0,215473.36,155926.4,59546.96,0.27635416276053804,4,April,2025Q2
O002748,2025-04-23,C0972,P0071,S017,3,0.0,20030.43,14111.07,5919.36,0.29551836880186794,4,April,2025Q2
O003587,2025-04-23,C0482,P0026,S002,7,0.05,45055.41,31042.55,14012.86,0.31101392707335257,4,April,2025Q2
O003716,2025-04-23,C0897,P0056,S014,7,0.0,304825.01,197866.62,106958.39,0.3508845616047056,4,April,2025Q2
O003976,2025-04-23,C0256,P0056,S004,2,0.2,69674.29,56533.32,13140.97,0.18860572529694958,4,April,2025Q2
O004220,2025-04-23,C0252,P0048,S025,4,0.15,31126.39,31393.64,-267.25,-0.008585961944189481,4,April,2025Q2
O004243,2025-04-23,C0456,P0040,S009,5,0.0,1802.8,1267.9,534.9,0.29670512536055027,4,April,2025Q2
O004918,2025-04-23,C0893,P0114,S012,2,0.0,81038.34,58034.66,23003.68,0.2838616881836425,4,April,2025Q2
O005050,2025-04-23,C0076,P0107,S003,1,0.05,21348.49,17689.03,3659.46,0.17141540221345863,4,April,2025Q2
O005207,2025-04-23,C0963,P0004,S012,6,0.1,45989.53,36557.76,9431.77,0.20508515742604894,4,April,2025Q2
O005351,2025-04-23,C0859,P0016,S015,5,0.05,67681.7,52261.1,15420.6,0.2278400217488627,4,April,2025Q2
O000286,2025-04-22,C0351,P0054,S010,8,0.05,70671.11,63852.88,6818.23,0.09647832049050878,4,April,2025Q2
O000421,2025-04-22,C0603,P0085,S016,8,0.1,181700.57,150137.04,31563.53,0.17371178307255722,4,April,2025Q2
O000706,2025-04-22,C0733,P0025,S010,3,0.15,3771.17,3121.68,649.49,0.17222506543062233,4,April,2025Q2
O000779,2025-04-22,C0148,P0014,S006,4,0.05,105748.53,75985.92,29762.61,0.28144703288074074,4,April,2025Q2
O001058,2025-04-22,C0314,P0055,S013,3,0.05,90356.94,79981.05,10375.89,0.11483224199491482,4,April,2025Q2
O001103,2025-04-22,C0931,P0064,S014,2,0.05,65313.45,49504.28,15809.17,0.2420507567736814,4,April,2025Q2
O001878,2025-04-22,C0654,P0048,S015,2,0.2,14647.71,15696.82,-1049.11,-0.07162279974139302,4,April,2025Q2
O001966,2025-04-22,C0217,P0015,S019,5,0.0,149751.1,117505.45,32245.65,0.2153283014281698,4,April,2025Q2
O002286,2025-04-22,C0730,P0025,S019,4,0.2,4732.45,4162.24,570.21,0.12048938710393138,4,April,2025Q2
O002557,2025-04-22,C0322,P0046,S013,5,0.0,144554.4,100833.65,43720.75,0.3024518797075703,4,April,2025Q2
O002602,2025-04-22,C0646,P0067,S012,1,0.1,18673.09,14775.09,3898.0,0.20874959634425796,4,April,2025Q2
O002732,2025-04-22,C0284,P0015,S019,1,0.2,23960.18,23501.09,459.09,0.019160540530162962,4,April,2025Q2
O002937,2025-04-22,C0459,P0010,S022,5,0.05,8115.94,6162.75,1953.19,0.24066097087952845,4,April,2025Q2
O003687,2025-04-22,C0044,P0020,S019,6,0.05,263033.68,179929.5,83104.18,0.3159450151022485,4,April,2025Q2
O003815,2025-04-22,C0432,P0011,S003,4,0.0,46667.2,35976.52,10690.68,0.22908338190420682,4,April,2025Q2
O003866,2025-04-22,C0707,P0045,S017,7,0.15,46458.49,36421.35,10037.14,0.21604533423277425,4,April,2025Q2
O004227,2025-04-22,C0726,P0068,S023,6,0.0,118138.38,98489.76,19648.62,0.16631868491848287,4,April,2025Q2
O004616,2025-04-22,C0103,P0042,S011,6,0.2,33940.75,33756.24,184.51,0.0054362381503060475,4,April,2025Q2
O004632,2025-04-22,C0961,P0018,S020,6,0.1,8511.26,6439.44,2071.82,0.24342106809097597,4,April,2025Q2
O004633,2025-04-22,C0777,P0064,S017,4,0.0,137502.0,99008.56,38493.44,0.27994821893499733,4,April,2025Q2
O004673,2025-04-22,C0069,P0073,S019,6,0.2,38402.4,41879.28,-3476.88,-0.09053809136928942,4,April,2025Q2
O005213,2025-04-22,C0001,P0038,S022,2,0.0,58905.18,40065.68,18839.5,0.31982756015684866,4,April,2025Q2
O005629,2025-04-22,C0791,P0089,S023,6,0.0,195111.9,158167.38,36944.52,0.18935041891345428,4,April,2025Q2
O005983,2025-04-22,C0728,P0068,S014,3,0.05,56115.73,49244.88,6870.85,0.12244071314763258,4,April,2025Q2
O000073,2025-04-21,C0469,P0106,S007,6,0.0,93250.68,67797.06,25453.62,0.27295908190696305,4,April,2025Q2
O000175,2025-04-21,C0460,P0078,S016,8,0.0,43765.6,30275.2,13490.4,0.30824208967773775,4,April,2025Q2
O000455,2025-04-21,C0538,P0039,S006,2,0.05,52282.68,44146.1,8136.58,0.15562668172327815,4,April,2025Q2
O000810,2025-04-21,C0844,P0037,S024,4,0.1,133070.26,106840.36,26229.9,0.1971131641284837,4,April,2025Q2
O001255,2025-04-21,C0981,P0018,S020,4,0.15,5358.94,4292.96,1065.98,0.1989162035775732,4,April,2025Q2
O002421,2025-04-21,C0850,P0024,S011,4,0.1,32797.44,28996.88,3800.56,0.1158797759825157,4,April,2025Q2
O002848,2025-04-21,C0138,P0052,S021,6,0.0,166453.98,136773.96,29680.02,0.17830766197359774,4,April,2025Q2
O003048,2025-04-21,C0204,P0057,S023,4,0.15,151173.08,118244.92,32928.16,0.21781761673440805,4,April,2025Q2
O003789,2025-04-21,C0955,P0082,S021,5,0.1,62719.29,48642.65,14076.64,0.2244387651709705,4,April,2025Q2
O003909,2025-04-21,C0164,P0035,S012,4,0.15,141378.05,113884.28,27493.77,0.1944698628959729,4,April,2025Q2
O004436,2025-04-21,C0601,P0006,S019,2,0.0,3881.78,2944.7,937.08,0.24140471639299496,4,April,2025Q2
O004758,2025-04-21,C0405,P0106,S019,5,0.15,66052.56,56497.55,9555.01,0.14465767867286294,4,April,2025Q2
O004772,2025-04-21,C0039,P0010,S009,2,0.0,3417.24,2465.1,952.14,0.2786283667521158,4,April,2025Q2
O004931,2025-04-21,C0264,P0088,S009,3,0.0,102475.62,70291.29,32184.33,0.3140681656768703,4,April,2025Q2
O004955,2025-04-21,C0384,P0007,S021,1,0.0,18764.26,13108.06,5656.2,0.3014347488256931,4,April,2025Q2
O005220,2025-04-21,C0387,P0071,S018,4,0.0,26707.24,18814.76,7892.48,0.29551836880186794,4,April,2025Q2
O005344,2025-04-21,C0397,P0042,S014,3,0.0,21212.97,16878.12,4334.85,0.20434903740494614,4,April,2025Q2
O005377,2025-04-21,C0767,P0058,S009,7,0.1,212220.04,197993.46,14226.58,0.0670369301598473,4,April,2025Q2
O005390,2025-04-21,C0897,P0012,S018,7,0.1,15762.1,14120.26,1641.84,0.10416378528241794,4,April,2025Q2
O005469,2025-04-21,C0655,P0008,S019,6,0.2,72610.37,69632.04,2978.33,0.04101797029818193,4,April,2025Q2
O000199,2025-04-20,C0521,P0052,S011,1,0.0,27742.33,22795.66,4946.67,0.17830766197359774,4,April,2025Q2
O000580,2025-04-20,C0783,P0006,S019,3,0.05,5531.54,4417.05,1114.49,0.20147915408728853,4,April,2025Q2
O001448,2025-04-20,C0056,P0028,S001,7,0.05,57582.95,49925.26,7657.69,0.1329853715379292,4,April,2025Q2
O002121,2025-04-20,C0465,P0080,S009,8,0.0,158408.72,102532.56,55876.16,0.35273411716223707,4,April,2025Q2
O002628,2025-04-20,C0416,P0056,S008,5,0.0,217732.15,141333.3,76398.85,0.35088456160470566,4,April,2025Q2
O003809,2025-04-20,C0366,P0099,S005,5,0.1,88398.68,73184.6,15214.08,0.1721075473072675,4,April,2025Q2
O003883,2025-04-20,C0009,P0034,S005,8,0.1,92707.92,81836.16,10871.76,0.11726894530693818,4,April,2025Q2
O003951,2025-04-20,C0475,P0049,S002,1,0.15,14272.32,11700.93,2571.39,0.18016622385148315,4,April,2025Q2
O004066,2025-04-20,C0898,P0051,S006,3,0.0,12821.13,9667.71,3153.42,0.2459549197301642,4,April,2025Q2
O004717,2025-04-20,C0163,P0032,S024,5,0.05,179956.98,127125.65,52831.33,0.29357755392427676,4,April,2025Q2
O004790,2025-04-20,C0994,P0056,S016,6,0.1,235150.72,169599.96,65550.76,0.27876061787095524,4,April,2025Q2
O005392,2025-04-20,C0566,P0076,S003,5,0.1,174058.83,135513.8,38545.03,0.22144828848958711,4,April,2025Q2
O005591,2025-04-20,C0392,P0118,S015,4,0.15,91576.18,77963.2,13612.98,0.14865197478208853,4,April,2025Q2
O005827,2025-04-20,C0246,P0099,S016,8,0.1,141437.88,117095.36,24342.52,0.1721075004800694,4,April,2025Q2
O005950,2025-04-20,C0769,P0011,S017,7,0.05,77584.22,62958.91,14625.31,0.1885088230570598,4,April,2025Q2
O000151,2025-04-19,C0929,P0005,S018,5,0.15,170517.65,135856.6,34661.05,0.2032695735602737,4,April,2025Q2
O000815,2025-04-19,C0731,P0050,S023,7,0.2,106996.46,104256.88,2739.58,0.025604398500660673,4,April,2025Q2
O000935,2025-04-19,C0467,P0061,S002,3,0.15,63278.66,59657.46,3621.2,0.057226243412866196,4,April,2025Q2
O000975,2025-04-19,C0600,P0108,S017,5,0.0,159457.95,112595.2,46862.75,0.2938878243449135,4,April,2025Q2
O001185,2025-04-19,C0535,P0102,S001,7,0.15,7605.65,7438.62,167.03,0.021961305082405843,4,April,2025Q2
O001201,2025-04-19,C0175,P0097,S022,2,0.0,21381.7,16457.44,4924.26,0.23030254844095652,4,April,2025Q2
O001406,2025-04-19,C0411,P0080,S002,4,0.1,71283.92,51266.28,20017.64,0.2808156453797715,4,April,2025Q2
O001474,2025-04-19,C0229,P0100,S015,7,0.0,129394.72,108885.28,20509.44,0.15850291263816638,4,April,2025Q2
O001910,2025-04-19,C0935,P0061,S022,7,0.1,156335.51,139200.74,17134.77,0.10960254647200754,4,April,2025Q2
O002873,2025-04-19,C0103,P0023,S025,4,0.05,164939.3,112276.56,52662.74,0.3192855796041332,4,April,2025Q2
O003334,2025-04-19,C0848,P0018,S009,8,0.0,12609.28,8585.92,4023.36,0.31907928129123947,4,April,2025Q2
O003772,2025-04-19,C0048,P0087,S012,7,0.2,194587.68,159597.55,34990.13,0.17981677976735216,4,April,2025Q2
O003822,2025-04-19,C0949,P0042,S024,4,0.1,25455.56,22504.16,2951.4,0.1159432359767375,4,April,2025Q2
O004259,2025-04-19,C0469,P0007,S013,7,0.0,131349.82,91756.42,39593.4,0.3014347488256931,4,April,2025Q2
O004272,2025-04-19,C0023,P0105,S013,8,0.2,116779.97,96231.04,20548.93,0.17596279567463496,4,April,2025Q2
O004449,2025-04-19,C0291,P0114,S010,6,0.1,218803.52,174103.98,44699.54,0.204290771921768,4,April,2025Q2
O004551,2025-04-19,C0525,P0083,S014,1,0.0,15187.45,11765.35,3422.1,0.22532419859818467,4,April,2025Q2
O004740,2025-04-19,C0963,P0085,S010,7,0.15,150155.33,131369.91,18785.42,0.1251065812981797,4,April,2025Q2
O004860,2025-04-19,C0309,P0066,S001,1,0.05,15903.74,14312.41,1591.33,0.10006011164669443,4,April,2025Q2
O004948,2025-04-19,C0434,P0109,S015,7,0.0,97628.86,82037.62,15591.24,0.1596990889784025,4,April,2025Q2
O005878,2025-04-19,C0071,P0003,S007,2,0.05,22092.82,15825.72,6267.1,0.2836713466184942,4,April,2025Q2
O000084,2025-04-18,C0640,P0092,S010,6,0.2,86243.33,71967.72,14275.61,0.1655271196044958,4,April,2025Q2
O000133,2025-04-18,C0767,P0095,S024,6,0.0,226186.8,151900.98,74285.82,0.3284268578007205,4,April,2025Q2
O000170,2025-04-18,C0605,P0021,S021,7,0.0,170896.6,138421.92,32474.68,0.1900253135521713,4,April,2025Q2
O000432,2025-04-18,C0713,P0027,S020,1,0.0,12523.36,9409.78,3113.58,0.24862177562571067,4,April,2025Q2
O000757,2025-04-18,C0356,P0102,S003,5,0.15,5432.6,5313.3,119.3,0.021960019143688104,4,April,2025Q2
O001045,2025-04-18,C0313,P0059,S008,6,0.05,12922.87,10775.76,2147.11,0.16614807701385217,4,April,2025Q2
O001073,2025-04-18,C0486,P0030,S017,8,0.2,79278.78,82836.96,-3558.18,-0.04488187129014851,4,April,2025Q2
O001173,2025-04-18,C0953,P0096,S013,5,0.0,32353.3,21023.45,11329.85,0.35019147969449793,4,April,2025Q2
O001220,2025-04-18,C0869,P0094,S008,1,0.0,15004.92,10268.41,4736.51,0.3156637956083738,4,April,2025Q2
O001393,2025-04-18,C0848,P0029,S002,3,0.0,1001.37,661.11,340.26,0.33979448156026243,4,April,2025Q2
O002088,2025-04-18,C0124,P0063,S024,6,0.2,9821.47,10945.44,-1123.97,-0.11444009908903659,4,April,2025Q2
O002169,2025-04-18,C0572,P0099,S018,6,0.2,94291.92,87821.52,6470.4,0.06862093804007809,4,April,2025Q2
O002651,2025-04-18,C0918,P0061,S021,1,0.05,23574.4,19885.82,3688.58,0.1564654879869689,4,April,2025Q2
O002733,2025-04-18,C0735,P0015,S023,1,0.1,26955.2,23501.09,3454.11,0.12814262183178013,4,April,2025Q2
O004595,2025-04-18,C0474,P0066,S003,6,0.15,85377.98,85874.46,-496.48,-0.005815082530647833,4,April,2025Q2
O005087,2025-04-18,C0841,P0016,S021,1,0.1,12823.9,10452.22,2371.68,0.18494217827649934,4,April,2025Q2
O005120,2025-04-18,C0352,P0030,S003,3,0.1,33445.74,31063.86,2381.88,0.07121624458002725,4,April,2025Q2
O005403,2025-04-18,C0974,P0080,S017,6,0.2,95045.23,76899.42,18145.81,0.19091762942758939,4,April,2025Q2
O000320,2025-04-17,C0672,P0063,S003,8,0.2,13095.3,14593.92,-1498.62,-0.11443953174039541,4,April,2025Q2
O000439,2025-04-17,C0819,P0079,S014,7,0.0,299682.25,204193.57,95488.68,0.3186330855431044,4,April,2025Q2
O001657,2025-04-17,C0585,P0106,S016,6,0.05,88588.15,67797.06,20791.09,0.2346938049840752,4,April,2025Q2
O002020,2025-04-17,C0234,P0032,S019,8,0.1,272776.9,203401.04,69375.86,0.25433187341010177,4,April,2025Q2
O003090,2025-04-17,C0550,P0002,S022,3,0.1,71612.48,56948.61,14663.87,0.20476696240655262,4,April,2025Q2
O003488,2025-04-17,C0928,P0036,S005,2,0.0,27499.3,19310.1,8189.2,0.29779667118799386,4,April,2025Q2
O003853,2025-04-17,C0227,P0106,S012,2,0.2,24866.85,22599.02,2267.83,0.09119892547709099,4,April,2025Q2
O003884,2025-04-17,C0433,P0018,S017,2,0.05,2994.7,2146.48,848.22,0.28324039135806595,4,April,2025Q2
O003964,2025-04-17,C0780,P0028,S001,1,0.0,8659.09,7132.18,1526.91,0.17633608150510044,4,April,2025Q2
O004109,2025-04-17,C0745,P0071,S013,8,0.1,48073.03,37629.52,10443.51,0.217242599436732,4,April,2025Q2
O004166,2025-04-17,C0639,P0025,S025,4,0.0,5915.56,4162.24,1753.32,0.296391212328165,4,April,2025Q2
O004637,2025-04-17,C0728,P0005,S005,2,0.05,76231.42,54342.64,21888.78,0.2871359342381396,4,April,2025Q2
O004643,2025-04-17,C0308,P0038,S013,8,0.2,188496.58,160262.72,28233.86,0.1497844682380975,4,April,2025Q2
O004664,2025-04-17,C0743,P0057,S014,4,0.1,160065.61,118244.92,41820.69,0.2612721745789118,4,April,2025Q2
O004679,2025-04-17,C0852,P0120,S009,5,0.2,49012.68,49445.4,-432.72,-0.008828735747565732,4,April,2025Q2
O004734,2025-04-17,C0575,P0075,S023,7,0.0,245501.34,185313.03,60188.31,0.24516489400831784,4,April,2025Q2
O004748,2025-04-17,C0486,P0017,S013,1,0.1,8408.36,8258.98,149.38,0.017765652279398123,4,April,2025Q2
O004984,2025-04-17,C0005,P0105,S025,4,0.0,72987.48,48115.52,24871.96,0.3407702252495908,4,April,2025Q2
O005034,2025-04-17,C0844,P0019,S016,2,0.1,57855.31,48595.78,9259.53,0.16004632936890323,4,April,2025Q2
O005208,2025-04-17,C0470,P0013,S007,8,0.2,58996.61,49150.72,9845.89,0.16688908057598562,4,April,2025Q2
O005245,2025-04-17,C0659,P0106,S001,8,0.0,124334.24,90396.08,33938.16,0.27295908190696305,4,April,2025Q2
O005365,2025-04-17,C0061,P0080,S019,1,0.0,19801.09,12816.57,6984.52,0.35273411716223707,4,April,2025Q2
O000191,2025-04-16,C0705,P0103,S011,7,0.05,66829.11,53443.67,13385.44,0.20029355470991608,4,April,2025Q2
O000702,2025-04-16,C0602,P0116,S007,3,0.2,29685.38,27611.76,2073.62,0.06985324088827563,4,April,2025Q2
O000955,2025-04-16,C0252,P0107,S023,8,0.0,179776.72,141512.24,38264.48,0.21284446618004824,4,April,2025Q2
O001511,2025-04-16,C0977,P0093,S016,7,0.1,214155.08,156963.38,57191.7,0.26705740531581135,4,April,2025Q2
O001568,2025-04-16,C0176,P0101,S007,6,0.2,86550.67,91815.0,-5264.33,-0.0608236770437479,4,April,2025Q2
O001586,2025-04-16,C0763,P0012,S007,7,0.2,14010.75,14120.26,-109.51,-0.00781614117731028,4,April,2025Q2
O001791,2025-04-16,C0799,P0081,S004,6,0.0,249468.72,179511.72,69957.0,0.28042393451170955,4,April,2025Q2
O002417,2025-04-16,C0205,P0098,S019,5,0.2,80861.8,66815.75,14046.05,0.17370439441120528,4,April,2025Q2
O004125,2025-04-16,C0185,P0008,S023,3,0.0,45381.48,34816.02,10565.46,0.23281435510697313,4,April,2025Q2
O004278,2025-04-16,C0587,P0054,S007,5,0.2,37195.32,39908.05,-2712.73,-0.07293202478161231,4,April,2025Q2
O005409,2025-04-16,C0966,P0110,S004,4,0.05,136787.84,102967.64,33820.2,0.24724566160266875,4,April,2025Q2
O005457,2025-04-16,C0399,P0085,S002,7,0.2,141322.66,131369.91,9952.75,0.07042571941399914,4,April,2025Q2
O005524,2025-04-16,C0689,P0013,S014,5,0.15,39177.44,30719.2,8458.24,0.21589567873755916,4,April,2025Q2
O001082,2025-04-15,C0972,P0051,S003,7,0.0,29915.97,22557.99,7357.98,0.24595491973016417,4,April,2025Q2
O001618,2025-04-15,C0529,P0019,S018,8,0.0,257134.72,194383.12,62751.6,0.2440417225647318,4,April,2025Q2
O001623,2025-04-15,C0107,P0061,S001,8,0.1,178669.15,159086.56,19582.59,0.10960252511415654,4,April,2025Q2
O001691,2025-04-15,C0934,P0018,S017,4,0.05,5989.41,4292.96,1696.45,0.28324158806960953,4,April,2025Q2
O001720,2025-04-15,C0334,P0074,S012,7,0.0,119805.07,88726.68,31078.39,0.2594079699632077,4,April,2025Q2
O002242,2025-04-15,C0508,P0027,S019,1,0.0,12523.36,9409.78,3113.58,0.24862177562571067,4,April,2025Q2
O002384,2025-04-15,C0148,P0038,S001,1,0.2,23562.07,20032.84,3529.23,0.14978437802790673,4,April,2025Q2
O002544,2025-04-15,C0555,P0079,S001,3,0.0,128435.25,87511.53,40923.72,0.31863308554310443,4,April,2025Q2
O002871,2025-04-15,C0370,P0050,S013,2,0.0,38213.02,29787.68,8425.34,0.2204834896587603,4,April,2025Q2
O003622,2025-04-15,C0304,P0114,S006,4,0.1,145869.01,116069.32,29799.69,0.2042907537385768,4,April,2025Q2
O003727,2025-04-15,C0220,P0105,S016,7,0.2,102182.47,84202.16,17980.31,0.17596276543324899,4,April,2025Q2
O003774,2025-04-15,C0018,P0117,S012,7,0.05,131586.94,123324.04,8262.9,0.06279422562755847,4,April,2025Q2
O003813,2025-04-15,C0038,P0043,S008,8,0.15,152558.88,154091.76,-1532.88,-0.010047792694859847,4,April,2025Q2
O004097,2025-04-15,C0063,P0106,S017,8,0.0,124334.24,90396.08,33938.16,0.27295908190696305,4,April,2025Q2
O004177,2025-04-15,C0924,P0058,S011,2,0.15,57265.72,56569.56,696.16,0.0121566619611174,4,April,2025Q2
O004362,2025-04-15,C0529,P0104,S019,8,0.05,59591.37,49067.76,10523.61,0.17659620847783833,4,April,2025Q2
O004525,2025-04-15,C0462,P0068,S021,8,0.0,157517.84,131319.68,26198.16,0.1663186849184829,4,April,2025Q2
O005400,2025-04-15,C0941,P0047,S003,4,0.0,2611.96,2158.36,453.6,0.17366269008713764,4,April,2025Q2
O000035,2025-04-14,C0367,P0091,S014,5,0.0,30997.6,22434.05,8563.55,0.27626493664025603,4,April,2025Q2
O000578,2025-04-14,C0437,P0044,S024,7,0.05,77232.77,70481.74,6751.03,0.08741147054546923,4,April,2025Q2
O000606,2025-04-14,C0344,P0017,S002,1,0.05,8875.49,8258.98,616.51,0.06946208040344815,4,April,2025Q2
O000730,2025-04-14,C0301,P0085,S016,8,0.15,171606.09,150137.04,21469.05,0.12510657401494318,4,April,2025Q2
O002174,2025-04-14,C0272,P0110,S023,8,0.05,273575.68,205935.28,67640.4,0.24724566160266875,4,April,2025Q2
O002257,2025-04-14,C0974,P0012,S018,8,0.0,20015.36,16137.44,3877.92,0.19374720214874977,4,April,2025Q2
O002299,2025-04-14,C0762,P0020,S007,5,0.0,230731.3,149941.25,80790.05,0.3501477692883454,4,April,2025Q2
O003308,2025-04-14,C0302,P0071,S005,7,0.15,39727.02,32925.83,6801.19,0.17119809137458586,4,April,2025Q2
O003353,2025-04-14,C0825,P0040,S018,2,0.0,721.12,507.16,213.96,0.29670512536055027,4,April,2025Q2
O004533,2025-04-14,C0405,P0103,S004,1,0.15,8542.07,7634.81,907.26,0.10621078965637135,4,April,2025Q2
O000225,2025-04-13,C0241,P0095,S008,5,0.0,188489.0,126584.15,61904.85,0.32842685780072045,4,April,2025Q2
O000464,2025-04-13,C0198,P0037,S009,6,0.1,199605.38,160260.54,39344.84,0.1971131239047765,4,April,2025Q2
O000797,2025-04-13,C0644,P0040,S011,2,0.0,721.12,507.16,213.96,0.29670512536055027,4,April,2025Q2
O001067,2025-04-13,C0342,P0026,S022,6,0.05,38618.92,26607.9,12011.02,0.31101387610010844,4,April,2025Q2
O001119,2025-04-13,C0094,P0003,S014,1,0.0,11627.8,7912.86,3714.94,0.3194877792875695,4,April,2025Q2
O001443,2025-04-13,C0412,P0043,S003,6,0.05,127880.24,115568.82,12311.42,0.09627304421699552,4,April,2025Q2
O002056,2025-04-13,C0576,P0012,S015,4,0.05,9507.3,8068.72,1438.58,0.15131320143468704,4,April,2025Q2
O002745,2025-04-13,C0705,P0111,S009,8,0.1,189368.14,156938.4,32429.74,0.17125235533284533,4,April,2025Q2
O003133,2025-04-13,C0622,P0052,S006,8,0.05,210841.71,182365.28,28476.43,0.13506070501894527,4,April,2025Q2
O003477,2025-04-13,C0574,P0044,S008,3,0.2,27873.48,30206.46,-2332.98,-0.08369891380624163,4,April,2025Q2
O003539,2025-04-13,C0333,P0057,S025,5,0.0,222313.35,147806.15,74507.2,0.33514496542830197,4,April,2025Q2
O004117,2025-04-13,C0592,P0054,S024,2,0.05,17667.78,15963.22,1704.56,0.09647844833929334,4,April,2025Q2
O004229,2025-04-13,C0278,P0055,S003,8,0.1,228270.17,213282.8,14987.37,0.06565627913625333,4,April,2025Q2
O004528,2025-04-13,C0715,P0093,S009,6,0.1,183561.5,134540.04,49021.46,0.26705741672409516,4,April,2025Q2
O004778,2025-04-13,C0265,P0065,S024,6,0.05,21295.37,18541.26,2754.11,0.12932905133838954,4,April,2025Q2
O005010,2025-04-13,C0981,P0089,S006,3,0.0,97555.95,79083.69,18472.26,0.18935041891345428,4,April,2025Q2
O005136,2025-04-13,C0254,P0057,S009,7,0.0,311238.69,206928.61,104310.08,0.33514496542830197,4,April,2025Q2
O005371,2025-04-13,C0886,P0087,S005,7,0.1,218911.14,159597.55,59313.59,0.2709482486820908,4,April,2025Q2
O000034,2025-04-12,C0624,P0026,S025,5,0.15,28794.81,22173.25,6621.56,0.2299567178946484,4,April,2025Q2
O000801,2025-04-12,C0087,P0054,S012,3,0.1,25106.84,23944.83,1162.01,0.04628260665221111,4,April,2025Q2
O001148,2025-04-12,C0251,P0055,S006,4,0.05,120475.92,106641.4,13834.52,0.11483224199491485,4,April,2025Q2
O001303,2025-04-12,C0114,P0025,S010,1,0.0,1478.89,1040.56,438.33,0.296391212328165,4,April,2025Q2
O001509,2025-04-12,C0704,P0109,S023,5,0.1,62761.41,58598.3,4163.11,0.06633232108711387,4,April,2025Q2
O002130,2025-04-12,C0752,P0096,S012,3,0.15,16500.18,12614.07,3886.11,0.2355192488809213,4,April,2025Q2
O002232,2025-04-12,C0300,P0081,S014,7,0.1,261942.16,209430.34,52511.82,0.2004710505555883,4,April,2025Q2
O002335,2025-04-12,C0726,P0064,S020,3,0.1,92813.85,74256.42,18557.43,0.19994246548333033,4,April,2025Q2
O002847,2025-04-12,C0247,P0076,S003,4,0.1,139247.06,108411.04,30836.02,0.2214482661249724,4,April,2025Q2
O003088,2025-04-12,C0948,P0080,S024,4,0.0,79204.36,51266.28,27938.08,0.35273411716223707,4,April,2025Q2
O004074,2025-04-12,C0373,P0006,S021,5,0.0,9704.45,7361.75,2342.7,0.24140471639299493,4,April,2025Q2
O004197,2025-04-12,C0985,P0027,S008,3,0.15,31934.57,28229.34,3705.23,0.11602567374478504,4,April,2025Q2
O004231,2025-04-12,C0806,P0053,S004,1,0.2,21794.38,24016.0,-2221.62,-0.1019354530846943,4,April,2025Q2
O004250,2025-04-12,C0529,P0056,S024,5,0.0,217732.15,141333.3,76398.85,0.35088456160470566,4,April,2025Q2
O004383,2025-04-12,C0529,P0062,S007,4,0.1,58147.7,47633.96,10513.74,0.1808109349123009,4,April,2025Q2
O004974,2025-04-12,C0164,P0053,S003,8,0.0,217943.76,192128.0,25815.76,0.11845147573851161,4,April,2025Q2
O005101,2025-04-12,C0806,P0038,S018,4,0.2,94248.29,80131.36,14116.93,0.1497844682380975,4,April,2025Q2
O000242,2025-04-11,C0150,P0103,S024,3,0.1,27133.62,22904.43,4229.19,0.155865306582756,4,April,2025Q2
O000994,2025-04-11,C0841,P0082,S013,2,0.05,26481.48,19457.06,7024.42,0.26525783302141726,4,April,2025Q2
O001043,2025-04-11,C0023,P0023,S009,2,0.0,86810.16,56138.28,30671.88,0.3533213163067549,4,April,2025Q2
O001228,2025-04-11,C0753,P0084,S001,6,0.2,114027.02,94120.26,19906.76,0.1745793233919469,4,April,2025Q2
O001475,2025-04-11,C0877,P0061,S004,6,0.1,134001.86,119314.92,14686.94,0.10960250850249394,4,April,2025Q2
O002413,2025-04-11,C0335,P0115,S009,7,0.0,235862.97,179040.89,56822.08,0.2409114071615396,4,April,2025Q2
O002495,2025-04-11,C0457,P0085,S018,6,0.15,128704.57,112602.78,16101.79,0.12510659100916152,4,April,2025Q2
O002572,2025-04-11,C0618,P0092,S003,2,0.0,35934.72,23989.24,11945.48,0.33242168020232243,4,April,2025Q2
O004235,2025-04-11,C0471,P0023,S015,8,0.2,277792.51,224553.12,53239.39,0.1916516395636441,4,April,2025Q2
O004380,2025-04-11,C0658,P0022,S003,8,0.05,203465.98,138844.96,64621.02,0.3176011046170962,4,April,2025Q2
O004424,2025-04-11,C0082,P0057,S025,2,0.05,84479.07,59122.46,25356.61,0.300152570334877,4,April,2025Q2
O004893,2025-04-11,C0694,P0079,S023,2,0.0,85623.5,58341.02,27282.48,0.3186330855431044,4,April,2025Q2
O005089,2025-04-11,C0021,P0018,S009,3,0.1,4255.63,3219.72,1035.91,0.24342106809097597,4,April,2025Q2
O005419,2025-04-11,C0870,P0007,S003,6,0.0,112585.56,78648.36,33937.2,0.3014347488256931,4,April,2025Q2
O005767,2025-04-11,C0314,P0030,S022,7,0.15,73704.49,72482.34,1222.15,0.016581757773508777,4,April,2025Q2
O000008,2025-04-10,C0513,P0016,S022,7,0.15,84780.24,73165.54,11614.7,0.13699772494156656,4,April,2025Q2
O001417,2025-04-10,C0323,P0097,S013,6,0.0,64145.1,49372.32,14772.78,0.23030254844095654,4,April,2025Q2
O002208,2025-04-10,C0255,P0077,S025,3,0.0,118747.11,81100.68,37646.43,0.3170302839370154,4,April,2025Q2
O002843,2025-04-10,C0849,P0068,S009,6,0.2,94510.7,98489.76,-3979.06,-0.04210168795702497,4,April,2025Q2
O002862,2025-04-10,C0175,P0105,S024,3,0.0,54740.61,36086.64,18653.97,0.3407702252495908,4,April,2025Q2
O002929,2025-04-10,C0204,P0026,S015,4,0.0,27101.0,17738.6,9362.4,0.34546326703811664,4,April,2025Q2
O002989,2025-04-10,C0560,P0116,S019,2,0.05,23500.93,18407.84,5093.09,0.21671865751695785,4,April,2025Q2
O002999,2025-04-10,C0314,P0081,S020,2,0.2,66524.99,59837.24,6687.75,0.10052989109806705,4,April,2025Q2
O003096,2025-04-10,C0718,P0109,S012,6,0.2,66945.5,70317.96,-3372.46,-0.0503762015370712,4,April,2025Q2
O003254,2025-04-10,C0158,P0120,S023,8,0.05,93124.09,79112.64,14011.45,0.15045999375671754,4,April,2025Q2
O003360,2025-04-10,C0603,P0071,S008,5,0.05,31714.85,23518.45,8196.4,0.2584404466677282,4,April,2025Q2
O003401,2025-04-10,C0584,P0109,S010,5,0.15,59274.66,58598.3,676.36,0.011410609525217014,4,April,2025Q2
O003673,2025-04-10,C0758,P0095,S001,4,0.0,150791.2,101267.32,49523.88,0.32842685780072045,4,April,2025Q2
O004999,2025-04-10,C0303,P0087,S010,8,0.0,277982.4,182397.2,95585.2,0.3438534238138817,4,April,2025Q2
O005345,2025-04-10,C0766,P0055,S007,5,0.05,150594.9,133301.75,17293.15,0.11483224199491485,4,April,2025Q2
O005570,2025-04-10,C0627,P0001,S003,5,0.0,30186.1,20476.55,9709.55,0.3216563252622896,4,April,2025Q2
O005845,2025-04-10,C0368,P0013,S017,7,0.0,64527.54,43006.88,21520.66,0.33351124186665104,4,April,2025Q2
O000304,2025-04-09,C0022,P0089,S013,6,0.2,156089.52,158167.38,-2077.86,-0.013311976358182152,4,April,2025Q2
O000317,2025-04-09,C0102,P0005,S019,7,0.2,224682.08,190199.24,34482.84,0.15347392190779077,4,April,2025Q2
O000882,2025-04-09,C0481,P0045,S015,4,0.15,26547.71,20812.2,5735.51,0.21604537641853103,4,April,2025Q2
O001946,2025-04-09,C0585,P0034,S010,4,0.2,41203.52,40918.08,285.44,0.00692756347030545,4,April,2025Q2
O002324,2025-04-09,C0501,P0037,S009,2,0.1,66535.13,53420.18,13114.95,0.1971131641284837,4,April,2025Q2
O002909,2025-04-09,C0796,P0035,S013,3,0.0,124745.34,85413.21,39332.13,0.31529939314767186,4,April,2025Q2
O003227,2025-04-09,C0801,P0065,S020,1,0.1,3362.43,3090.21,272.22,0.0809593062160402,4,April,2025Q2
O003918,2025-04-09,C0313,P0049,S017,7,0.0,117536.79,81906.51,35630.28,0.3031415099901912,4,April,2025Q2
O004287,2025-04-09,C0967,P0104,S019,3,0.15,19994.47,18400.41,1594.06,0.07972504397465899,4,April,2025Q2
O004393,2025-04-09,C0995,P0033,S002,2,0.15,50614.71,42390.46,8224.25,0.1624873480456571,4,April,2025Q2
O004521,2025-04-09,C0837,P0076,S017,5,0.1,174058.83,135513.8,38545.03,0.22144828848958711,4,April,2025Q2
O005230,2025-04-09,C0021,P0012,S018,2,0.1,4503.46,4034.36,469.1,0.1041643536303198,4,April,2025Q2
O005495,2025-04-09,C0858,P0005,S003,6,0.15,204621.18,163027.92,41593.26,0.2032695735602737,4,April,2025Q2
O002250,2025-04-08,C0837,P0100,S016,5,0.15,78561.08,77775.2,785.88,0.010003426633136917,4,April,2025Q2
O003732,2025-04-08,C0159,P0085,S017,3,0.0,75708.57,56301.39,19407.18,0.2563405965797531,4,April,2025Q2
O004962,2025-04-08,C0535,P0082,S021,2,0.05,26481.48,19457.06,7024.42,0.26525783302141726,4,April,2025Q2
O004976,2025-04-08,C0262,P0046,S021,2,0.15,49148.5,40333.46,8815.04,0.1793552193861461,4,April,2025Q2
O005732,2025-04-08,C0651,P0040,S007,6,0.05,2055.19,1521.48,533.71,0.25968888521255945,4,April,2025Q2
O000189,2025-04-07,C0006,P0091,S024,1,0.15,5269.59,4486.81,782.78,0.1485466611254386,4,April,2025Q2
O000501,2025-04-07,C0569,P0050,S012,7,0.0,133745.57,104256.88,29488.69,0.22048348965876027,4,April,2025Q2
O000641,2025-04-07,C0065,P0003,S008,6,0.1,62790.12,47477.16,15312.96,0.2438753103195216,4,April,2025Q2
O001413,2025-04-07,C0565,P0026,S021,1,0.0,6775.25,4434.65,2340.6,0.34546326703811664,4,April,2025Q2
O001461,2025-04-07,C0431,P0090,S018,3,0.15,53152.94,55041.21,-1888.27,-0.035525222123178886,4,April,2025Q2
O001882,2025-04-07,C0280,P0114,S007,3,0.05,115479.63,87051.99,28427.64,0.24617016871287167,4,April,2025Q2
O002381,2025-04-07,C0981,P0119,S020,2,0.05,7459.44,6843.04,616.4,0.08263354889911308,4,April,2025Q2
O002502,2025-04-07,C0680,P0061,S016,8,0.0,198521.28,159086.56,39434.72,0.19864228157303843,4,April,2025Q2
O002689,2025-04-07,C0559,P0033,S024,1,0.15,25307.36,21195.23,4112.13,0.16248751351385526,4,April,2025Q2
O002826,2025-04-07,C0542,P0083,S003,7,0.05,100996.54,82357.45,18639.09,0.18455176781303598,4,April,2025Q2
O003066,2025-04-07,C0178,P0005,S002,5,0.15,170517.65,135856.6,34661.05,0.2032695735602737,4,April,2025Q2
O003292,2025-04-07,C0382,P0050,S003,5,0.0,95532.55,74469.2,21063.35,0.22048348965876027,4,April,2025Q2
O003512,2025-04-07,C0200,P0060,S001,2,0.05,57012.03,41952.92,15059.11,0.2641391650148223,4,April,2025Q2
O003660,2025-04-07,C0463,P0074,S025,2,0.0,34230.02,25350.48,8879.54,0.2594079699632078,4,April,2025Q2
O005260,2025-04-07,C0416,P0104,S002,2,0.2,12545.55,12266.94,278.61,0.02220787450530268,4,April,2025Q2
O005300,2025-04-07,C0277,P0053,S007,4,0.05,103523.29,96064.0,7459.29,0.07205422084247902,4,April,2025Q2
O005412,2025-04-07,C0266,P0017,S023,3,0.05,26626.47,24776.94,1849.53,0.06946208040344815,4,April,2025Q2
O005954,2025-04-07,C0325,P0117,S021,2,0.1,35617.52,35235.44,382.08,0.010727304989230019,4,April,2025Q2
O000671,2025-04-06,C0853,P0049,S010,8,0.0,134327.76,93607.44,40720.32,0.3031415099901911,4,April,2025Q2
O001296,2025-04-06,C0412,P0046,S001,2,0.1,52039.58,40333.46,11706.12,0.22494647343425908,4,April,2025Q2
O001773,2025-04-06,C0752,P0064,S010,3,0.0,103126.5,74256.42,28870.08,0.27994821893499733,4,April,2025Q2
O002123,2025-04-06,C0262,P0044,S016,8,0.2,74329.28,80550.56,-6221.28,-0.08369891380624163,4,April,2025Q2
O002188,2025-04-06,C0869,P0067,S019,7,0.2,116188.13,103425.63,12762.5,0.10984340655108228,4,April,2025Q2
O002464,2025-04-06,C0848,P0100,S022,2,0.0,36969.92,31110.08,5859.84,0.1585029126381664,4,April,2025Q2
O002835,2025-04-06,C0413,P0101,S008,6,0.05,102778.92,91815.0,10963.92,0.10667479284662652,4,April,2025Q2
O003060,2025-04-06,C0585,P0023,S015,2,0.0,86810.16,56138.28,30671.88,0.3533213163067549,4,April,2025Q2
O003233,2025-04-06,C0122,P0023,S005,5,0.0,217025.4,140345.7,76679.7,0.3533213163067549,4,April,2025Q2
O003408,2025-04-06,C0678,P0074,S023,3,0.0,51345.03,38025.72,13319.31,0.25940796996320775,4,April,2025Q2
O003735,2025-04-06,C0473,P0095,S020,2,0.15,64086.26,50633.66,13452.6,0.2099139503537888,4,April,2025Q2
O004158,2025-04-06,C0791,P0010,S012,5,0.0,8543.1,6162.75,2380.35,0.2786283667521157,4,April,2025Q2
O004474,2025-04-06,C0168,P0004,S020,6,0.1,45989.53,36557.76,9431.77,0.20508515742604894,4,April,2025Q2
O004658,2025-04-06,C0120,P0072,S007,7,0.1,185929.82,140774.27,45155.55,0.2428634094305045,4,April,2025Q2
O005135,2025-04-06,C0557,P0109,S004,7,0.1,87865.97,82037.62,5828.35,0.06633227858293718,4,April,2025Q2
O005202,2025-04-06,C0465,P0055,S016,2,0.0,63408.38,53320.7,10087.68,0.1590906438549605,4,April,2025Q2
O005670,2025-04-06,C0677,P0102,S002,7,0.15,7605.65,7438.62,167.03,0.021961305082405843,4,April,2025Q2
O005886,2025-04-06,C0836,P0081,S013,5,0.0,207890.6,149593.1,58297.5,0.2804239345117095,4,April,2025Q2
O000135,2025-04-05,C0227,P0079,S009,4,0.0,171247.0,116682.04,54564.96,0.3186330855431044,4,April,2025Q2
O000238,2025-04-05,C0511,P0055,S007,7,0.2,177543.46,186622.45,-9078.99,-0.05113671886308851,4,April,2025Q2
O000311,2025-04-05,C0905,P0003,S020,6,0.15,59301.78,47477.16,11824.62,0.19939738739714055,4,April,2025Q2
O000424,2025-04-05,C0152,P0008,S021,6,0.0,90762.96,69632.04,21130.92,0.23281435510697313,4,April,2025Q2
O001038,2025-04-05,C0846,P0001,S012,1,0.0,6037.22,4095.31,1941.91,0.3216563252622896,4,April,2025Q2
O001325,2025-04-05,C0259,P0063,S012,6,0.05,11663.0,10945.44,717.56,0.06152447912200977,4,April,2025Q2
O001407,2025-04-05,C0843,P0096,S018,2,0.2,10353.06,8409.38,1943.68,0.18773966344249915,4,April,2025Q2
O001570,2025-04-05,C0516,P0117,S023,8,0.2,126640.06,140941.76,-14301.7,-0.11293187953322197,4,April,2025Q2
O001625,2025-04-05,C0840,P0031,S018,5,0.15,4974.71,4265.0,709.71,0.14266359245061522,4,April,2025Q2
O002337,2025-04-05,C0520,P0001,S003,3,0.0,18111.66,12285.93,5825.73,0.3216563252622896,4,April,2025Q2
O002416,2025-04-05,C0116,P0006,S013,2,0.2,3105.42,2944.7,160.72,0.05175467408595295,4,April,2025Q2
O002729,2025-04-05,C0834,P0083,S019,2,0.2,24299.92,23530.7,769.22,0.03165524824773086,4,April,2025Q2
O002852,2025-04-05,C0214,P0106,S001,1,0.15,13210.51,11299.51,1911.0,0.1446575491786464,4,April,2025Q2
O004140,2025-04-05,C0424,P0107,S015,3,0.05,64045.46,53067.09,10978.37,0.17141527283901156,4,April,2025Q2
O004316,2025-04-05,C0657,P0083,S015,5,0.0,75937.25,58826.75,17110.5,0.22532419859818467,4,April,2025Q2
O004703,2025-04-05,C0982,P0065,S014,6,0.2,17932.94,18541.26,-608.32,-0.03392193360374819,4,April,2025Q2
O004798,2025-04-05,C0398,P0009,S014,5,0.05,160377.72,136337.35,24040.37,0.1498984397583405,4,April,2025Q2
O004859,2025-04-05,C0247,P0096,S005,5,0.0,32353.3,21023.45,11329.85,0.35019147969449793,4,April,2025Q2
O004879,2025-04-05,C0155,P0006,S014,2,0.2,3105.42,2944.7,160.72,0.05175467408595295,4,April,2025Q2
O005426,2025-04-05,C0612,P0076,S004,3,0.1,104435.3,81308.28,23127.02,0.22144830339932953,4,April,2025Q2
O005599,2025-04-05,C0454,P0022,S018,4,0.1,96378.62,69422.48,26956.14,0.2796900391393859,4,April,2025Q2
O005962,2025-04-05,C0929,P0079,S014,5,0.05,203355.81,145852.55,57503.26,0.28277166017533506,4,April,2025Q2
O000177,2025-04-04,C0639,P0085,S017,5,0.0,126180.95,93835.65,32345.3,0.2563405965797531,4,April,2025Q2
O000230,2025-04-04,C0783,P0118,S017,5,0.1,121203.76,97454.0,23749.76,0.1959490365645422,4,April,2025Q2
O000685,2025-04-04,C0784,P0013,S020,3,0.15,23506.46,18431.52,5074.94,0.2158955453096723,4,April,2025Q2
O000941,2025-04-04,C0839,P0095,S016,1,0.0,37697.8,25316.83,12380.97,0.32842685780072045,4,April,2025Q2
O001179,2025-04-04,C0829,P0098,S007,5,0.1,90969.52,66815.75,24153.77,0.26551497688456527,4,April,2025Q2
O001607,2025-04-04,C0385,P0101,S014,2,0.0,36062.78,30605.0,5457.78,0.15134107797568574,4,April,2025Q2
O002016,2025-04-04,C0707,P0120,S021,4,0.0,49012.68,39556.32,9456.36,0.1929370114019474,4,April,2025Q2
O002118,2025-04-04,C0015,P0019,S021,1,0.0,32141.84,24297.89,7843.95,0.2440417225647318,4,April,2025Q2
O002254,2025-04-04,C0550,P0042,S006,5,0.2,28283.96,28130.2,153.76,0.005436296756182656,4,April,2025Q2
O003027,2025-04-04,C0699,P0013,S010,5,0.05,43786.54,30719.2,13067.34,0.29843280606323314,4,April,2025Q2
O003152,2025-04-04,C0216,P0095,S023,5,0.15,160215.65,126584.15,33631.5,0.2099139503537888,4,April,2025Q2
O003367,2025-04-04,C0747,P0106,S001,1,0.15,13210.51,11299.51,1911.0,0.1446575491786464,4,April,2025Q2
O003875,2025-04-04,C0468,P0004,S006,7,0.2,47692.85,42650.72,5042.13,0.10572087849646226,4,April,2025Q2
O003914,2025-04-04,C0182,P0048,S003,8,0.05,69576.63,62787.28,6789.35,0.09758089749388552,4,April,2025Q2
O004242,2025-04-04,C0043,P0113,S006,5,0.15,40329.23,34341.75,5987.48,0.14846502152409058,4,April,2025Q2
O004274,2025-04-04,C0431,P0053,S016,5,0.0,136214.85,120080.0,16134.85,0.11845147573851163,4,April,2025Q2
O004581,2025-04-04,C0864,P0076,S007,2,0.05,73491.51,54205.52,19285.99,0.2624247345033461,4,April,2025Q2
O005449,2025-04-04,C0269,P0002,S014,6,0.05,151181.9,113897.22,37284.68,0.24662132173229734,4,April,2025Q2
O000011,2025-04-03,C0798,P0011,S016,6,0.2,56000.64,53964.78,2035.86,0.03635422738025851,4,April,2025Q2
O000136,2025-04-03,C0688,P0103,S019,1,0.15,8542.07,7634.81,907.26,0.10621078965637135,4,April,2025Q2
O000240,2025-04-03,C0586,P0017,S019,4,0.0,37370.48,33035.92,4334.56,0.11598887678188774,4,April,2025Q2
O000329,2025-04-03,C0564,P0052,S017,6,0.2,133163.18,136773.96,-3610.78,-0.02711545338583834,4,April,2025Q2
O000437,2025-04-03,C0905,P0079,S008,5,0.0,214058.75,145852.55,68206.2,0.3186330855431044,4,April,2025Q2
O000506,2025-04-03,C0466,P0066,S014,8,0.1,120533.62,114499.28,6034.34,0.05006354243737142,4,April,2025Q2
O000589,2025-04-03,C0735,P0064,S020,2,0.2,55000.8,49504.28,5496.52,0.09993527366874663,4,April,2025Q2
O000811,2025-04-03,C0419,P0102,S005,1,0.05,1214.35,1062.66,151.69,0.12491456334664636,4,April,2025Q2
O001271,2025-04-03,C0354,P0104,S024,7,0.1,49398.11,42934.29,6463.82,0.1308515649687812,4,April,2025Q2
O001496,2025-04-03,C0096,P0010,S016,6,0.0,10251.72,7395.3,2856.42,0.2786283667521158,4,April,2025Q2
O001500,2025-04-03,C0306,P0002,S006,1,0.0,26523.14,18982.87,7540.27,0.2842902461774888,4,April,2025Q2
O003041,2025-04-03,C0922,P0045,S016,8,0.05,59341.94,41624.4,17717.54,0.2985669157428962,4,April,2025Q2
O003496,2025-04-03,C0395,P0016,S010,1,0.2,11399.02,10452.22,946.8,0.08305977180494463,4,April,2025Q2
O003691,2025-04-03,C0044,P0056,S013,2,0.05,82738.22,56533.32,26204.9,0.31672061593783385,4,April,2025Q2
O003707,2025-04-03,C0115,P0079,S005,7,0.0,299682.25,204193.57,95488.68,0.3186330855431044,4,April,2025Q2
O003788,2025-04-03,C0128,P0078,S001,6,0.0,32824.2,22706.4,10117.8,0.30824208967773775,4,April,2025Q2
O004103,2025-04-03,C0393,P0007,S006,3,0.05,53478.14,39324.18,14153.96,0.26466814290848556,4,April,2025Q2
O004681,2025-04-03,C0547,P0117,S018,4,0.15,67277.53,70470.88,-3193.35,-0.047465327576681246,4,April,2025Q2
O005197,2025-04-03,C0222,P0059,S001,6,0.0,13603.02,10775.76,2827.26,0.2078406118641302,4,April,2025Q2
O005224,2025-04-03,C0765,P0019,S025,2,0.2,51426.94,48595.78,2831.16,0.05505207970763961,4,April,2025Q2
O005386,2025-04-03,C0589,P0091,S006,8,0.1,44636.54,35894.48,8742.06,0.19584985753824108,4,April,2025Q2
O005773,2025-04-03,C0236,P0055,S010,2,0.0,63408.38,53320.7,10087.68,0.1590906438549605,4,April,2025Q2
O000316,2025-04-02,C0895,P0005,S007,2,0.1,72219.24,54342.64,17876.6,0.24753237502914732,4,April,2025Q2
O000585,2025-04-02,C0949,P0012,S023,5,0.1,11258.64,10085.9,1172.74,0.10416355794305529,4,April,2025Q2
O000821,2025-04-02,C0267,P0022,S017,8,0.05,203465.98,138844.96,64621.02,0.3176011046170962,4,April,2025Q2
O001099,2025-04-02,C0922,P0080,S024,7,0.1,124746.87,89715.99,35030.88,0.2808157030312664,4,April,2025Q2
O001709,2025-04-02,C0455,P0060,S001,8,0.0,240050.64,167811.68,72238.96,0.3009321699788011,4,April,2025Q2
O001776,2025-04-02,C0040,P0054,S023,5,0.15,39520.03,39908.05,-388.02,-0.009818312384884323,4,April,2025Q2
O001840,2025-04-02,C0270,P0073,S004,3,0.15,20401.27,20939.64,-538.37,-0.026389043427198406,4,April,2025Q2
O002032,2025-04-02,C0068,P0098,S014,5,0.0,101077.25,66815.75,34261.5,0.33896351552896425,4,April,2025Q2
O002393,2025-04-02,C0335,P0079,S025,1,0.2,34249.4,29170.51,5078.89,0.1482913569288805,4,April,2025Q2
O002776,2025-04-02,C0201,P0106,S007,4,0.0,62167.12,45198.04,16969.08,0.27295908190696305,4,April,2025Q2
O003419,2025-04-02,C0817,P0002,S023,3,0.1,71612.48,56948.61,14663.87,0.20476696240655262,4,April,2025Q2
O003708,2025-04-02,C0077,P0025,S006,1,0.05,1404.95,1040.56,364.39,0.2593615431154133,4,April,2025Q2
O003766,2025-04-02,C0278,P0069,S009,6,0.15,33465.69,34561.02,-1095.33,-0.03272993923029825,4,April,2025Q2
O004133,2025-04-02,C0192,P0004,S006,7,0.15,50673.65,42650.72,8022.93,0.15832548079721906,4,April,2025Q2
O004326,2025-04-02,C0012,P0095,S024,5,0.2,150791.2,126584.15,24207.05,0.16053357225090056,4,April,2025Q2
O004678,2025-04-02,C0761,P0103,S011,6,0.0,60296.94,45808.86,14488.08,0.2402788599222448,4,April,2025Q2
O005289,2025-04-02,C0395,P0111,S003,2,0.0,52602.26,39234.6,13367.66,0.25412710404457906,4,April,2025Q2
O000012,2025-04-01,C0321,P0082,S002,1,0.1,12543.86,9728.53,2815.33,0.2244388888268842,4,April,2025Q2
O000488,2025-04-01,C0316,P0052,S003,2,0.2,44387.73,45591.32,-1203.59,-0.027115376253753005,4,April,2025Q2
O000594,2025-04-01,C0164,P0086,S002,1,0.2,11884.97,12550.38,-665.41,-0.055987520372369474,4,April,2025Q2
O000988,2025-04-01,C0860,P0099,S023,1,0.0,19644.15,14636.92,5007.23,0.25489675043206245,4,April,2025Q2
O001467,2025-04-01,C0470,P0055,S012,3,0.15,80845.68,79981.05,864.63,0.010694820057175598,4,April,2025Q2
O001783,2025-04-01,C0476,P0041,S022,2,0.05,70468.04,51105.12,19362.92,0.2747759125981083,4,April,2025Q2
O001864,2025-04-01,C0892,P0109,S005,2,0.1,25104.56,23439.32,1665.24,0.06633217232247847,4,April,2025Q2
O001984,2025-04-01,C0997,P0060,S017,2,0.15,51010.76,41952.92,9057.84,0.17756724267585897,4,April,2025Q2
O003877,2025-04-01,C0534,P0011,S013,5,0.05,55417.3,44970.65,10446.65,0.1885088230570598,4,April,2025Q2
O005172,2025-04-01,C0007,P0017,S025,7,0.2,52318.67,57812.86,-5494.19,-0.1050139462643068,4,April,2025Q2
O005647,2025-04-01,C0271,P0075,S014,5,0.05,266544.31,211786.32,54757.99,0.2054367245731113,4,April,2025Q2
O000628,2025-03-31,C0664,P0072,S023,2,0.15,50171.54,40221.22,9950.32,0.19832598321677986,3,March,2025Q1
O001588,2025-03-31,C0272,P0117,S022,6,0.05,112788.81,105706.32,7082.49,0.06279426123921336,3,March,2025Q1
O001938,2025-03-31,C0087,P0069,S004,3,0.2,15748.56,17280.51,-1531.95,-0.0972755604321919,3,March,2025Q1
O002099,2025-03-31,C0959,P0067,S005,3,0.05,59131.46,44325.27,14806.19,0.25039446007252314,3,March,2025Q1
O002445,2025-03-31,C0595,P0052,S012,8,0.05,210841.71,182365.28,28476.43,0.13506070501894527,3,March,2025Q1
O002782,2025-03-31,C0701,P0108,S014,2,0.0,63783.18,45038.08,18745.1,0.29388782434491345,3,March,2025Q1
O002810,2025-03-31,C0845,P0098,S010,1,0.05,19204.68,13363.15,5841.53,0.30417221218994533,3,March,2025Q1
O004313,2025-03-31,C0667,P0112,S025,5,0.05,181753.14,136815.8,44937.34,0.2472438165304874,3,March,2025Q1
O004322,2025-03-31,C0945,P0054,S007,5,0.05,44169.44,39908.05,4261.39,0.09647824378122068,3,March,2025Q1
O004716,2025-03-31,C0373,P0024,S017,7,0.0,63772.8,50744.54,13028.26,0.20429179838426414,3,March,2025Q1
O004722,2025-03-31,C0764,P0007,S024,6,0.0,112585.56,78648.36,33937.2,0.3014347488256931,3,March,2025Q1
O005152,2025-03-31,C0805,P0093,S008,2,0.0,67985.74,44846.68,23139.06,0.34035166786446686,3,March,2025Q1
O005305,2025-03-31,C0292,P0032,S024,3,0.1,102291.34,76275.39,26015.95,0.2543318916342283,3,March,2025Q1
O000575,2025-03-30,C0648,P0007,S010,2,0.1,33775.67,26216.12,7559.55,0.2238164335452117,3,March,2025Q1
O000984,2025-03-30,C0424,P0072,S023,8,0.1,212491.22,160884.88,51606.34,0.24286339925009606,3,March,2025Q1
O001146,2025-03-30,C0607,P0071,S007,4,0.15,22701.15,18814.76,3886.39,0.17119793490638138,3,March,2025Q1
O001402,2025-03-30,C0516,P0021,S001,7,0.1,153806.94,138421.92,15385.02,0.10002812616907923,3,March,2025Q1
O001484,2025-03-30,C0413,P0116,S011,3,0.1,33396.06,27611.76,5784.3,0.1732030664695177,3,March,2025Q1
O002219,2025-03-30,C0194,P0082,S020,8,0.0,111500.96,77828.24,33672.72,0.3019948886538735,3,March,2025Q1
O002775,2025-03-30,C0843,P0021,S008,1,0.2,19531.04,19774.56,-243.52,-0.012468358059785859,3,March,2025Q1
O003050,2025-03-30,C0159,P0074,S019,4,0.2,54768.03,50700.96,4067.07,0.07425992864815478,3,March,2025Q1
O003144,2025-03-30,C0044,P0033,S020,1,0.15,25307.36,21195.23,4112.13,0.16248751351385526,3,March,2025Q1
O003241,2025-03-30,C0592,P0077,S012,8,0.0,316658.96,216268.48,100390.48,0.3170302839370154,3,March,2025Q1
O003269,2025-03-30,C0286,P0033,S009,6,0.05,169708.15,127171.38,42536.77,0.25064659534618694,3,March,2025Q1
O003889,2025-03-30,C0178,P0065,S018,5,0.15,15878.13,15451.05,427.08,0.026897373935091853,3,March,2025Q1
O004204,2025-03-30,C0019,P0095,S017,5,0.1,169640.1,126584.15,43055.95,0.2538076197785783,3,March,2025Q1
O005182,2025-03-30,C0074,P0007,S025,6,0.0,112585.56,78648.36,33937.2,0.3014347488256931,3,March,2025Q1
O005294,2025-03-30,C0794,P0022,S019,6,0.0,160631.04,104133.72,56497.32,0.3517210621309555,3,March,2025Q1
O005791,2025-03-30,C0982,P0066,S021,3,0.05,47711.22,42937.23,4773.99,0.10006011164669441,3,March,2025Q1
O000368,2025-03-29,C0062,P0037,S007,5,0.0,184819.8,133550.45,51269.35,0.2774018259948339,3,March,2025Q1
O000415,2025-03-29,C0935,P0043,S019,3,0.0,67305.39,57784.41,9520.98,0.14145939871977564,3,March,2025Q1
O000608,2025-03-29,C0779,P0044,S008,5,0.15,49359.29,50344.1,-984.81,-0.01995186721689068,3,March,2025Q1
O000865,2025-03-29,C0672,P0062,S015,7,0.2,90451.98,83359.43,7092.55,0.0784123244178845,3,March,2025Q1
O001481,2025-03-29,C0983,P0074,S014,4,0.15,58191.03,50700.96,7490.07,0.12871519888890093,3,March,2025Q1
O001527,2025-03-29,C0616,P0042,S019,7,0.0,49496.93,39382.28,10114.65,0.20434903740494612,3,March,2025Q1
O001537,2025-03-29,C0091,P0025,S024,6,0.15,7542.34,6243.36,1298.98,0.17222506543062233,3,March,2025Q1
O001541,2025-03-29,C0948,P0018,S019,8,0.0,12609.28,8585.92,4023.36,0.31907928129123947,3,March,2025Q1
O001824,2025-03-29,C0642,P0103,S017,8,0.0,80395.92,61078.48,19317.44,0.2402788599222448,3,March,2025Q1
O002038,2025-03-29,C0873,P0021,S020,3,0.05,69579.33,59323.68,10255.65,0.14739506689702242,3,March,2025Q1
O002576,2025-03-29,C0785,P0035,S017,1,0.15,35344.51,28471.07,6873.44,0.194469805918939,3,March,2025Q1
O002931,2025-03-29,C0208,P0045,S013,2,0.1,14054.67,10406.1,3648.57,0.259598411061946,3,March,2025Q1
O002957,2025-03-29,C0185,P0029,S021,6,0.05,1902.6,1322.22,580.38,0.30504572690003157,3,March,2025Q1
O003646,2025-03-29,C0241,P0004,S007,5,0.2,34066.32,30464.8,3601.52,0.10572084099485944,3,March,2025Q1
O003763,2025-03-29,C0122,P0107,S002,3,0.1,60674.64,53067.09,7607.55,0.1253826969554331,3,March,2025Q1
O003835,2025-03-29,C0667,P0038,S013,5,0.2,117810.36,100164.2,17646.16,0.14978445019606085,3,March,2025Q1
O003904,2025-03-29,C0884,P0112,S008,2,0.15,65048.49,54726.32,10322.17,0.15868423694385528,3,March,2025Q1
O004319,2025-03-29,C0820,P0061,S013,7,0.0,173706.12,139200.74,34505.38,0.1986422815730384,3,March,2025Q1
O004588,2025-03-29,C0234,P0061,S022,1,0.0,24815.16,19885.82,4929.34,0.19864228157303843,3,March,2025Q1
O005046,2025-03-29,C0547,P0118,S021,1,0.15,22894.04,19490.8,3403.24,0.14865178884984911,3,March,2025Q1
O005990,2025-03-29,C0819,P0015,S002,8,0.2,191681.41,188008.72,3672.69,0.019160387019273282,3,March,2025Q1
O000207,2025-03-28,C0691,P0005,S012,4,0.2,128389.76,108685.28,19704.48,0.15347392190779077,3,March,2025Q1
O000520,2025-03-28,C0587,P0007,S022,5,0.2,75057.04,65540.3,9516.74,0.12679343603211637,3,March,2025Q1
O000720,2025-03-28,C0067,P0047,S007,6,0.0,3917.94,3237.54,680.4,0.1736626900871376,3,March,2025Q1
O001174,2025-03-28,C0836,P0063,S001,2,0.0,4092.28,3648.48,443.8,0.10844810228039137,3,March,2025Q1
O001374,2025-03-28,C0113,P0029,S004,5,0.05,1585.5,1101.85,483.65,0.3050457269000315,3,March,2025Q1
O001843,2025-03-28,C0003,P0101,S008,4,0.0,72125.56,61210.0,10915.56,0.15134107797568574,3,March,2025Q1
O001868,2025-03-28,C0928,P0076,S024,6,0.15,197266.67,162616.56,34650.11,0.17565111227355334,3,March,2025Q1
O001992,2025-03-28,C0376,P0053,S022,6,0.0,163457.82,144096.0,19361.82,0.11845147573851161,3,March,2025Q1
O002217,2025-03-28,C0002,P0068,S001,1,0.05,18705.24,16414.96,2290.28,0.12244055676377315,3,March,2025Q1
O002271,2025-03-28,C0742,P0120,S011,6,0.0,73519.02,59334.48,14184.54,0.1929370114019474,3,March,2025Q1
O003260,2025-03-28,C0840,P0010,S016,6,0.2,8201.38,7395.3,806.08,0.09828589822688379,3,March,2025Q1
O003424,2025-03-28,C0102,P0083,S020,3,0.0,45562.35,35296.05,10266.3,0.22532419859818467,3,March,2025Q1
O004212,2025-03-28,C0812,P0021,S008,5,0.0,122069.0,98872.8,23196.2,0.1900253135521713,3,March,2025Q1
O004279,2025-03-28,C0714,P0066,S023,8,0.1,120533.62,114499.28,6034.34,0.05006354243737142,3,March,2025Q1
O004818,2025-03-28,C0197,P0065,S024,2,0.0,7472.06,6180.42,1291.64,0.172862637612653,3,March,2025Q1
O005088,2025-03-28,C0908,P0006,S001,8,0.2,12421.7,11778.8,642.9,0.05175620084207475,3,March,2025Q1
O005280,2025-03-28,C0304,P0098,S018,5,0.0,101077.25,66815.75,34261.5,0.33896351552896425,3,March,2025Q1
O000173,2025-03-27,C0265,P0119,S006,7,0.15,23359.82,23950.64,-590.82,-0.02529214694291309,3,March,2025Q1
O000258,2025-03-27,C0189,P0110,S001,3,0.2,86392.32,77225.73,9166.59,0.10610422315316917,3,March,2025Q1
O000260,2025-03-27,C0407,P0014,S004,2,0.1,50091.41,37992.96,12098.45,0.24152743953504202,3,March,2025Q1
O000406,2025-03-27,C0433,P0038,S020,1,0.2,23562.07,20032.84,3529.23,0.14978437802790673,3,March,2025Q1
O000973,2025-03-27,C0001,P0008,S016,5,0.15,64290.43,58026.7,6263.73,0.09742865306702723,3,March,2025Q1
O001122,2025-03-27,C0046,P0054,S017,2,0.05,17667.78,15963.22,1704.56,0.09647844833929334,3,March,2025Q1
O001181,2025-03-27,C0082,P0038,S003,7,0.0,206168.13,140229.88,65938.25,0.31982756015684866,3,March,2025Q1
O001515,2025-03-27,C0911,P0005,S017,5,0.15,170517.65,135856.6,34661.05,0.2032695735602737,3,March,2025Q1
O002316,2025-03-27,C0054,P0084,S008,5,0.05,112839.24,78433.55,34405.69,0.3049089128923591,3,March,2025Q1
O002694,2025-03-27,C0195,P0080,S021,8,0.15,134647.41,102532.56,32114.85,0.23851071476235597,3,March,2025Q1
O003903,2025-03-27,C0994,P0006,S009,2,0.2,3105.42,2944.7,160.72,0.05175467408595295,3,March,2025Q1
O004993,2025-03-27,C0973,P0062,S016,8,0.1,116295.41,95267.92,21027.49,0.1808110053526618,3,March,2025Q1
O005125,2025-03-27,C0411,P0046,S006,8,0.05,219722.69,161333.84,58388.85,0.26573882742833704,3,March,2025Q1
O005404,2025-03-27,C0711,P0016,S016,6,0.05,81218.05,62713.32,18504.73,0.22784011682132235,3,March,2025Q1
O005658,2025-03-27,C0397,P0088,S019,4,0.05,129802.45,93721.72,36080.73,0.27796647906106553,3,March,2025Q1
O005683,2025-03-27,C0371,P0045,S010,3,0.15,19910.78,15609.15,4301.63,0.21604527798509152,3,March,2025Q1
O000023,2025-03-26,C0971,P0117,S013,1,0.0,19787.51,17617.72,2169.79,0.10965452449550248,3,March,2025Q1
O000058,2025-03-26,C0077,P0097,S016,6,0.0,64145.1,49372.32,14772.78,0.23030254844095654,3,March,2025Q1
O000071,2025-03-26,C0505,P0018,S023,7,0.0,11033.12,7512.68,3520.44,0.31907928129123947,3,March,2025Q1
O000735,2025-03-26,C0504,P0056,S005,5,0.2,174185.72,141333.3,32852.42,0.18860570200588198,3,March,2025Q1
O000826,2025-03-26,C0324,P0095,S016,3,0.15,96129.39,75950.49,20178.9,0.2099139503537888,3,March,2025Q1
O001169,2025-03-26,C0850,P0055,S009,5,0.15,134742.81,133301.75,1441.06,0.010694893478917354,3,March,2025Q1
O001280,2025-03-26,C0590,P0008,S003,5,0.15,64290.43,58026.7,6263.73,0.09742865306702723,3,March,2025Q1
O001409,2025-03-26,C0056,P0103,S012,7,0.0,70346.43,53443.67,16902.76,0.24027885992224482,3,March,2025Q1
O001453,2025-03-26,C0204,P0045,S014,8,0.1,56218.68,41624.4,14594.28,0.259598411061946,3,March,2025Q1
O002410,2025-03-26,C0407,P0028,S005,1,0.2,6927.27,7132.18,-204.91,-0.029580195372780328,3,March,2025Q1
O002423,2025-03-26,C0943,P0063,S016,5,0.2,8184.56,9121.2,-936.64,-0.11443987214951078,3,March,2025Q1
O002657,2025-03-26,C0978,P0033,S014,2,0.1,53592.05,42390.46,11201.59,0.2090158894836081,3,March,2025Q1
O002933,2025-03-26,C0695,P0014,S003,3,0.0,83485.68,56989.44,26496.24,0.3173746683263525,3,March,2025Q1
O003243,2025-03-26,C0654,P0104,S014,2,0.0,15681.94,12266.94,3415.0,0.21776642430719667,3,March,2025Q1
O003521,2025-03-26,C0931,P0005,S007,2,0.0,80243.6,54342.64,25900.96,0.3227791375262326,3,March,2025Q1
O003569,2025-03-26,C0437,P0063,S016,4,0.0,8184.56,7296.96,887.6,0.10844810228039137,3,March,2025Q1
O004345,2025-03-26,C0985,P0053,S019,3,0.0,81728.91,72048.0,9680.91,0.11845147573851161,3,March,2025Q1
O004481,2025-03-26,C0450,P0061,S008,3,0.0,74445.48,59657.46,14788.02,0.19864228157303843,3,March,2025Q1
O004923,2025-03-26,C0286,P0105,S019,5,0.2,72987.48,60144.4,12843.08,0.17596278156198844,3,March,2025Q1
O005385,2025-03-26,C0719,P0030,S023,4,0.0,49549.24,41418.48,8130.76,0.16409454514337657,3,March,2025Q1
O000277,2025-03-25,C0733,P0095,S021,7,0.1,237496.14,177217.81,60278.33,0.2538076197785783,3,March,2025Q1
O000651,2025-03-25,C0547,P0039,S004,1,0.1,24765.48,22073.05,2692.43,0.10871705293012693,3,March,2025Q1
O002389,2025-03-25,C0601,P0017,S011,1,0.0,9342.62,8258.98,1083.64,0.11598887678188774,3,March,2025Q1
O002613,2025-03-25,C0880,P0005,S009,8,0.0,320974.4,217370.56,103603.84,0.3227791375262326,3,March,2025Q1
O003014,2025-03-25,C0912,P0018,S011,7,0.1,9929.81,7512.68,2417.13,0.24342157604224052,3,March,2025Q1
O003634,2025-03-25,C0166,P0105,S018,5,0.1,82110.91,60144.4,21966.51,0.26752242789660957,3,March,2025Q1
O003670,2025-03-25,C0022,P0047,S010,3,0.0,1958.97,1618.77,340.2,0.1736626900871376,3,March,2025Q1
O004167,2025-03-25,C0302,P0109,S008,7,0.0,97628.86,82037.62,15591.24,0.1596990889784025,3,March,2025Q1
O004286,2025-03-25,C0592,P0120,S022,1,0.1,11027.85,9889.08,1138.77,0.10326310205525102,3,March,2025Q1
O004639,2025-03-25,C0842,P0030,S008,3,0.05,35303.83,31063.86,4239.97,0.12009943397076181,3,March,2025Q1
O004865,2025-03-25,C0285,P0022,S012,8,0.0,214174.72,138844.96,75329.76,0.3517210621309555,3,March,2025Q1
O005252,2025-03-25,C0616,P0046,S024,5,0.05,137326.68,100833.65,36493.03,0.26573882074481087,3,March,2025Q1
O005757,2025-03-25,C0760,P0039,S015,4,0.1,99061.92,88292.2,10769.72,0.10871705293012693,3,March,2025Q1
O000255,2025-03-24,C0352,P0030,S011,6,0.2,59459.09,62127.72,-2668.63,-0.0448817834245361,3,March,2025Q1
O000793,2025-03-24,C0716,P0034,S017,2,0.05,24464.59,20459.04,4005.55,0.16372847450130987,3,March,2025Q1
O000976,2025-03-24,C0757,P0069,S019,2,0.05,12467.61,11520.34,947.27,0.0759784754255226,3,March,2025Q1
O001421,2025-03-24,C0156,P0088,S015,2,0.2,54653.66,46860.86,7792.8,0.1425851443434895,3,March,2025Q1
O001652,2025-03-24,C0445,P0105,S017,4,0.0,72987.48,48115.52,24871.96,0.3407702252495908,3,March,2025Q1
O001822,2025-03-24,C0533,P0096,S004,3,0.0,19411.98,12614.07,6797.91,0.35019147969449793,3,March,2025Q1
O001924,2025-03-24,C0327,P0017,S019,7,0.2,52318.67,57812.86,-5494.19,-0.1050139462643068,3,March,2025Q1
O002119,2025-03-24,C0407,P0042,S001,8,0.1,50911.13,45008.32,5902.81,0.11594340962378955,3,March,2025Q1
O002344,2025-03-24,C0067,P0008,S003,8,0.05,114966.42,92842.72,22123.7,0.19243619136787943,3,March,2025Q1
O002945,2025-03-24,C0655,P0012,S016,3,0.0,7505.76,6051.54,1454.22,0.19374720214874977,3,March,2025Q1
O003057,2025-03-24,C0828,P0051,S010,4,0.0,17094.84,12890.28,4204.56,0.2459549197301642,3,March,2025Q1
O003541,2025-03-24,C0942,P0092,S017,1,0.2,14373.89,11994.62,2379.27,0.16552721636244608,3,March,2025Q1
O004037,2025-03-24,C0835,P0113,S012,5,0.0,47446.15,34341.75,13104.4,0.27619522342697983,3,March,2025Q1
O004171,2025-03-24,C0901,P0075,S002,8,0.05,266544.31,211786.32,54757.99,0.2054367245731113,3,March,2025Q1
O004635,2025-03-24,C0616,P0117,S023,3,0.2,47490.02,52853.16,-5363.14,-0.11293193812089362,3,March,2025Q1
O005086,2025-03-24,C0233,P0109,S007,7,0.15,82984.53,82037.62,946.91,0.011410681002832697,3,March,2025Q1
O005830,2025-03-24,C0860,P0054,S004,6,0.05,53003.33,47889.66,5113.67,0.09647827787423922,3,March,2025Q1
O005909,2025-03-24,C0235,P0073,S004,8,0.2,51203.2,55839.04,-4635.84,-0.09053809136928943,3,March,2025Q1
O005986,2025-03-24,C0211,P0027,S001,1,0.15,10644.86,9409.78,1235.08,0.11602595055266109,3,March,2025Q1
O000014,2025-03-23,C0502,P0101,S025,2,0.0,36062.78,30605.0,5457.78,0.15134107797568574,3,March,2025Q1
O000107,2025-03-23,C0426,P0070,S018,7,0.0,83387.99,56345.38,27042.61,0.324298619021756,3,March,2025Q1
O000770,2025-03-23,C0280,P0018,S001,5,0.05,7486.76,5366.2,2120.56,0.28324134872762047,3,March,2025Q1
O000919,2025-03-23,C0024,P0004,S018,5,0.0,42582.9,30464.8,12118.1,0.28457667279588755,3,March,2025Q1
O001487,2025-03-23,C0972,P0042,S007,2,0.0,14141.98,11252.08,2889.9,0.20434903740494614,3,March,2025Q1
O001644,2025-03-23,C0238,P0013,S022,2,0.1,16592.8,12287.68,4305.12,0.25945711392893306,3,March,2025Q1
O001909,2025-03-23,C0353,P0013,S016,7,0.2,51622.03,43006.88,8615.15,0.16688902005597223,3,March,2025Q1
O001967,2025-03-23,C0786,P0100,S024,7,0.15,109985.51,108885.28,1100.23,0.010003408630827826,3,March,2025Q1
O002000,2025-03-23,C0582,P0082,S010,8,0.2,89200.77,77828.24,11372.53,0.1274936303800965,3,March,2025Q1
O002069,2025-03-23,C0818,P0066,S003,8,0.15,113837.3,114499.28,-661.98,-0.005815141434310196,3,March,2025Q1
O002140,2025-03-23,C0662,P0054,S013,4,0.0,37195.32,31926.44,5268.88,0.14165438017471016,3,March,2025Q1
O003636,2025-03-23,C0204,P0026,S005,3,0.15,17276.89,13303.95,3972.94,0.22995689617749493,3,March,2025Q1
O004142,2025-03-23,C0577,P0036,S015,7,0.0,96247.55,67585.35,28662.2,0.29779667118799386,3,March,2025Q1
O004175,2025-03-23,C0068,P0117,S001,7,0.0,138512.57,123324.04,15188.53,0.10965452449550246,3,March,2025Q1
O004980,2025-03-23,C0398,P0052,S022,3,0.0,83226.99,68386.98,14840.01,0.17830766197359774,3,March,2025Q1
O005106,2025-03-23,C0792,P0114,S021,7,0.15,241089.06,203121.31,37967.75,0.15748433379764307,3,March,2025Q1
O005141,2025-03-23,C0015,P0076,S020,1,0.1,34811.77,27102.76,7709.01,0.22144837794803313,3,March,2025Q1
O000300,2025-03-22,C0512,P0012,S022,6,0.2,12009.22,12103.08,-93.86,-0.00781566163331174,3,March,2025Q1
O000330,2025-03-22,C0547,P0077,S015,6,0.05,225619.51,162201.36,63418.15,0.2810845125937912,3,March,2025Q1
O000609,2025-03-22,C0809,P0102,S021,3,0.15,3259.56,3187.98,71.58,0.021960019143688104,3,March,2025Q1
O000798,2025-03-22,C0256,P0067,S023,3,0.15,52907.09,44325.27,8581.82,0.16220548134474982,3,March,2025Q1
O000898,2025-03-22,C0746,P0038,S023,8,0.15,200277.61,160262.72,40014.89,0.1997971216053557,3,March,2025Q1
O002652,2025-03-22,C0401,P0025,S012,2,0.0,2957.78,2081.12,876.66,0.296391212328165,3,March,2025Q1
O002783,2025-03-22,C0217,P0010,S005,7,0.0,11960.34,8627.85,3332.49,0.2786283667521157,3,March,2025Q1
O002786,2025-03-22,C0849,P0077,S018,4,0.1,142496.53,108134.24,34362.29,0.24114474927915788,3,March,2025Q1
O003082,2025-03-22,C0121,P0111,S022,8,0.1,189368.14,156938.4,32429.74,0.17125235533284533,3,March,2025Q1
O003285,2025-03-22,C0967,P0113,S019,4,0.0,37956.92,27473.4,10483.52,0.2761952234269799,3,March,2025Q1
O003498,2025-03-22,C0964,P0054,S004,5,0.05,44169.44,39908.05,4261.39,0.09647824378122068,3,March,2025Q1
O003623,2025-03-22,C0956,P0086,S024,3,0.0,44568.63,37651.14,6917.49,0.15520984154101214,3,March,2025Q1
O004145,2025-03-22,C0903,P0045,S020,6,0.0,46848.9,31218.3,15630.6,0.33363856995575136,3,March,2025Q1
O004439,2025-03-22,C0706,P0026,S025,8,0.05,51491.9,35477.2,16014.7,0.31101396530328074,3,March,2025Q1
O004871,2025-03-22,C0102,P0063,S010,3,0.15,5217.66,5472.72,-255.06,-0.04888398247490255,3,March,2025Q1
O005413,2025-03-22,C0106,P0089,S020,6,0.15,165845.12,158167.38,7677.74,0.04629463923930954,3,March,2025Q1
O005841,2025-03-22,C0630,P0040,S020,4,0.0,1442.24,1014.32,427.92,0.29670512536055027,3,March,2025Q1
O000691,2025-03-21,C0516,P0029,S007,2,0.1,600.82,440.74,160.08,0.26643587097633237,3,March,2025Q1
O002246,2025-03-21,C0146,P0077,S008,5,0.1,178120.66,135167.8,42952.86,0.24114473862829836,3,March,2025Q1
O002684,2025-03-21,C0895,P0016,S001,4,0.0,56995.12,41808.88,15186.24,0.2664480748527242,3,March,2025Q1
O003535,2025-03-21,C0406,P0013,S012,4,0.15,31341.95,24575.36,6766.59,0.2158956287021069,3,March,2025Q1
O004494,2025-03-21,C0189,P0100,S025,7,0.2,103515.78,108885.28,-5369.5,-0.05187131855645584,3,March,2025Q1
O005389,2025-03-21,C0069,P0033,S002,6,0.0,178640.16,127171.38,51468.78,0.28811427396840666,3,March,2025Q1
O005563,2025-03-21,C0113,P0096,S012,4,0.2,20706.11,16818.76,3887.35,0.18773927116199035,3,March,2025Q1
O005810,2025-03-21,C0732,P0063,S006,1,0.2,1636.91,1824.24,-187.33,-0.11444123378805188,3,March,2025Q1
O005812,2025-03-21,C0648,P0025,S015,4,0.05,5619.78,4162.24,1457.54,0.25935890728818567,3,March,2025Q1
O005952,2025-03-21,C0195,P0053,S009,2,0.2,43588.75,48032.0,-4443.25,-0.10193570588741362,3,March,2025Q1
O000938,2025-03-20,C0121,P0048,S010,6,0.05,52182.47,47090.46,5092.01,0.0975808542600609,3,March,2025Q1
O001262,2025-03-20,C0324,P0101,S014,7,0.0,126219.73,107117.5,19102.23,0.15134107797568574,3,March,2025Q1
O002622,2025-03-20,C0949,P0013,S023,6,0.1,49778.39,36863.04,12915.35,0.25945696516098654,3,March,2025Q1
O002977,2025-03-20,C0858,P0107,S005,6,0.15,114607.66,106134.18,8473.48,0.07393467417448361,3,March,2025Q1
O004025,2025-03-20,C0971,P0015,S005,2,0.05,56905.42,47002.18,9903.24,0.17402982000660042,3,March,2025Q1
O004192,2025-03-20,C0995,P0012,S017,4,0.2,8006.14,8068.72,-62.58,-0.00781650083560867,3,March,2025Q1
O004544,2025-03-20,C0180,P0115,S009,5,0.05,160049.87,127886.35,32163.52,0.20095936347839582,3,March,2025Q1
O005428,2025-03-20,C0057,P0054,S010,2,0.15,15808.01,15963.22,-155.21,-0.00981844014521752,3,March,2025Q1
O005774,2025-03-20,C0301,P0098,S016,5,0.0,101077.25,66815.75,34261.5,0.33896351552896425,3,March,2025Q1
O005796,2025-03-20,C0057,P0041,S020,7,0.15,220676.22,178867.92,41808.3,0.1894553930641009,3,March,2025Q1
O001920,2025-03-19,C0292,P0040,S013,8,0.0,2884.48,2028.64,855.84,0.29670512536055027,3,March,2025Q1
O002134,2025-03-19,C0554,P0079,S014,4,0.05,162684.65,116682.04,46002.61,0.2827716689927415,3,March,2025Q1
O003358,2025-03-19,C0431,P0068,S002,7,0.05,130936.7,114904.72,16031.98,0.12244069080708464,3,March,2025Q1
O003527,2025-03-19,C0656,P0089,S025,8,0.0,260149.2,210889.84,49259.36,0.18935041891345428,3,March,2025Q1
O003666,2025-03-19,C0361,P0014,S019,5,0.2,111314.24,94982.4,16331.84,0.1467183354079406,3,March,2025Q1
O003745,2025-03-19,C0719,P0051,S013,6,0.2,20513.81,19335.42,1178.39,0.05744374155751662,3,March,2025Q1
O003921,2025-03-19,C0798,P0005,S002,6,0.0,240730.8,163027.92,77702.88,0.32277913752623266,3,March,2025Q1
O004181,2025-03-19,C0684,P0110,S017,7,0.05,239378.72,180193.37,59185.35,0.24724566160266878,3,March,2025Q1
O004340,2025-03-19,C0203,P0017,S008,7,0.0,65398.34,57812.86,7585.48,0.11598887678188774,3,March,2025Q1
O004363,2025-03-19,C0923,P0082,S018,8,0.0,111500.96,77828.24,33672.72,0.3019948886538735,3,March,2025Q1
O004495,2025-03-19,C0936,P0017,S016,8,0.1,67266.86,66071.84,1195.02,0.017765360238310515,3,March,2025Q1
O004775,2025-03-19,C0543,P0072,S014,7,0.0,206588.69,140774.27,65814.42,0.318577072152401,3,March,2025Q1
O004985,2025-03-19,C0808,P0066,S011,4,0.0,66963.12,57249.64,9713.48,0.14505715982170483,3,March,2025Q1
O005150,2025-03-19,C0059,P0019,S012,4,0.1,115710.62,97191.56,18519.06,0.16004632936890323,3,March,2025Q1
O005782,2025-03-19,C0917,P0083,S022,5,0.05,72140.39,58826.75,13313.64,0.1845518162571619,3,March,2025Q1
O000768,2025-03-18,C0197,P0004,S008,5,0.1,38324.61,30464.8,7859.81,0.20508519199543063,3,March,2025Q1
O000828,2025-03-18,C0056,P0030,S006,1,0.1,11148.58,10354.62,793.96,0.07121624458002723,3,March,2025Q1
O002222,2025-03-18,C0834,P0105,S015,1,0.15,15509.84,12028.88,3480.96,0.2244355841195009,3,March,2025Q1
O002646,2025-03-18,C0721,P0020,S002,2,0.0,92292.52,59976.5,32316.02,0.35014776928834535,3,March,2025Q1
O002806,2025-03-18,C0362,P0041,S013,2,0.15,63050.35,51105.12,11945.23,0.18945541142911973,3,March,2025Q1
O002815,2025-03-18,C0415,P0049,S019,2,0.0,33581.94,23401.86,10180.08,0.3031415099901911,3,March,2025Q1
O003064,2025-03-18,C0029,P0104,S022,2,0.0,15681.94,12266.94,3415.0,0.21776642430719667,3,March,2025Q1
O003920,2025-03-18,C0560,P0052,S015,3,0.0,83226.99,68386.98,14840.01,0.17830766197359774,3,March,2025Q1
O003989,2025-03-18,C0985,P0115,S013,3,0.0,101084.13,76731.81,24352.32,0.24091140716153958,3,March,2025Q1
O004265,2025-03-18,C0464,P0061,S023,3,0.15,63278.66,59657.46,3621.2,0.057226243412866196,3,March,2025Q1
O004667,2025-03-18,C0651,P0039,S009,7,0.0,192620.4,154511.35,38109.05,0.19784534763711425,3,March,2025Q1
O005082,2025-03-18,C0349,P0082,S001,2,0.2,22300.19,19457.06,2843.13,0.12749353256631446,3,March,2025Q1
O005126,2025-03-18,C0565,P0056,S022,7,0.0,304825.01,197866.62,106958.39,0.3508845616047056,3,March,2025Q1
O005802,2025-03-18,C0498,P0107,S017,2,0.15,38202.55,35378.06,2824.49,0.07393459337138489,3,March,2025Q1
O000638,2025-03-17,C0509,P0020,S007,1,0.05,43838.95,29988.25,13850.7,0.3159450671149743,3,March,2025Q1
O000764,2025-03-17,C0247,P0020,S024,5,0.1,207658.17,149941.25,57716.92,0.2779419658759393,3,March,2025Q1
O001166,2025-03-17,C0261,P0032,S020,3,0.0,113657.04,76275.39,37381.65,0.32889867622806296,3,March,2025Q1
O001356,2025-03-17,C0924,P0062,S003,8,0.0,129217.12,95267.92,33949.2,0.2627298921381315,3,March,2025Q1
O001381,2025-03-17,C0328,P0019,S013,8,0.2,205707.78,194383.12,11324.66,0.055052171580481785,3,March,2025Q1
O001397,2025-03-17,C0375,P0019,S003,4,0.0,128567.36,97191.56,31375.8,0.2440417225647318,3,March,2025Q1
O001632,2025-03-17,C0029,P0037,S015,2,0.15,62838.73,53420.18,9418.55,0.1498844741133374,3,March,2025Q1
O001998,2025-03-17,C0535,P0037,S001,4,0.05,140463.05,106840.36,33622.69,0.23937035398277345,3,March,2025Q1
O002374,2025-03-17,C0639,P0042,S003,8,0.1,50911.13,45008.32,5902.81,0.11594340962378955,3,March,2025Q1
O002386,2025-03-17,C0458,P0081,S013,3,0.15,106024.21,89755.86,16268.35,0.15343995489332105,3,March,2025Q1
O002498,2025-03-17,C0308,P0018,S024,7,0.0,11033.12,7512.68,3520.44,0.31907928129123947,3,March,2025Q1
O002621,2025-03-17,C0569,P0029,S008,4,0.1,1201.64,881.48,320.16,0.26643587097633237,3,March,2025Q1
O002663,2025-03-17,C0341,P0088,S022,5,0.15,145173.8,117152.15,28021.65,0.19302139917808864,3,March,2025Q1
O003510,2025-03-17,C0228,P0116,S015,8,0.1,89056.15,73631.36,15424.79,0.17320297362955844,3,March,2025Q1
O003656,2025-03-17,C0348,P0065,S003,3,0.0,11208.09,9270.63,1937.46,0.172862637612653,3,March,2025Q1
O003659,2025-03-17,C0970,P0032,S016,4,0.2,121234.18,101700.52,19533.66,0.16112337296297133,3,March,2025Q1
O003852,2025-03-17,C0574,P0111,S014,7,0.15,156491.72,137321.1,19170.62,0.12250245572098,3,March,2025Q1
O003963,2025-03-17,C0888,P0002,S012,6,0.0,159138.84,113897.22,45241.62,0.2842902461774888,3,March,2025Q1
O003985,2025-03-17,C0734,P0007,S004,1,0.15,15949.62,13108.06,2841.56,0.17815847650288846,3,March,2025Q1
O004080,2025-03-17,C0104,P0048,S003,7,0.1,57675.37,54938.87,2736.5,0.04744659635473513,3,March,2025Q1
O004315,2025-03-17,C0529,P0065,S022,6,0.15,19053.75,18541.26,512.49,0.02689706750639638,3,March,2025Q1
O004382,2025-03-17,C0712,P0043,S020,2,0.15,38139.72,38522.94,-383.22,-0.010047792694859847,3,March,2025Q1
O004565,2025-03-17,C0667,P0112,S002,4,0.0,153055.28,109452.64,43602.64,0.28488164537675537,3,March,2025Q1
O005382,2025-03-17,C0726,P0079,S001,6,0.2,205496.4,175023.06,30473.34,0.1482913569288805,3,March,2025Q1
O005447,2025-03-17,C0936,P0081,S017,7,0.0,291046.84,209430.34,81616.5,0.2804239345117095,3,March,2025Q1
O000288,2025-03-16,C0058,P0035,S025,7,0.0,291072.46,199297.49,91774.97,0.31529939314767186,3,March,2025Q1
O000386,2025-03-16,C0672,P0120,S019,3,0.05,34921.53,29667.24,5254.29,0.1504599025300438,3,March,2025Q1
O000416,2025-03-16,C0184,P0099,S023,1,0.1,17679.74,14636.92,3042.82,0.17210773461600679,3,March,2025Q1
O000425,2025-03-16,C0875,P0005,S022,5,0.05,190578.55,135856.6,54721.95,0.2871359342381396,3,March,2025Q1
O000907,2025-03-16,C0789,P0002,S023,2,0.0,53046.28,37965.74,15080.54,0.2842902461774888,3,March,2025Q1
O001317,2025-03-16,C0437,P0003,S020,4,0.0,46511.2,31651.44,14859.76,0.3194877792875695,3,March,2025Q1
O001446,2025-03-16,C0656,P0028,S011,1,0.15,7360.23,7132.18,228.05,0.030984086095135616,3,March,2025Q1
O001519,2025-03-16,C0799,P0041,S004,1,0.05,35234.02,25552.56,9681.46,0.2747759125981083,3,March,2025Q1
O001627,2025-03-16,C0652,P0003,S006,3,0.2,27906.72,23738.58,4168.14,0.1493597241094618,3,March,2025Q1
O001939,2025-03-16,C0649,P0064,S014,5,0.05,163283.62,123760.7,39522.92,0.24205073356408927,3,March,2025Q1
O002180,2025-03-16,C0734,P0044,S018,6,0.1,62715.33,60412.92,2302.41,0.036712076616674104,3,March,2025Q1
O003198,2025-03-16,C0269,P0016,S020,2,0.1,25647.8,20904.44,4743.36,0.18494217827649934,3,March,2025Q1
O003253,2025-03-16,C0891,P0026,S003,2,0.0,13550.5,8869.3,4681.2,0.34546326703811664,3,March,2025Q1
O003287,2025-03-16,C0125,P0006,S004,1,0.0,1940.89,1472.35,468.54,0.24140471639299496,3,March,2025Q1
O003540,2025-03-16,C0215,P0028,S023,3,0.0,25977.27,21396.54,4580.73,0.1763360815051004,3,March,2025Q1
O004954,2025-03-16,C0268,P0080,S012,2,0.15,33661.85,25633.14,8028.71,0.23851065820803077,3,March,2025Q1
O005027,2025-03-16,C0798,P0067,S005,5,0.1,93365.46,73875.45,19490.01,0.20874968109191555,3,March,2025Q1
O005497,2025-03-16,C0130,P0068,S009,4,0.05,74820.97,65659.84,9161.13,0.12244067405167293,3,March,2025Q1
O005762,2025-03-16,C0463,P0065,S016,4,0.2,11955.3,12360.84,-405.54,-0.033921357055029994,3,March,2025Q1
O005846,2025-03-16,C0345,P0020,S015,6,0.2,221502.05,179929.5,41572.55,0.18768471894503913,3,March,2025Q1
O000130,2025-03-15,C0306,P0087,S024,6,0.0,208486.8,136797.9,71688.9,0.34385342381388173,3,March,2025Q1
O000459,2025-03-15,C0788,P0112,S004,3,0.0,114791.46,82089.48,32701.98,0.28488164537675537,3,March,2025Q1
O001259,2025-03-15,C0549,P0027,S003,5,0.2,50093.44,47048.9,3044.54,0.060777219532138334,3,March,2025Q1
O002139,2025-03-15,C0493,P0106,S006,4,0.1,55950.41,45198.04,10752.37,0.19217678655080456,3,March,2025Q1
O002272,2025-03-15,C0924,P0014,S022,4,0.0,111314.24,75985.92,35328.32,0.31737466832635247,3,March,2025Q1
O002377,2025-03-15,C0373,P0109,S025,1,0.1,12552.28,11719.66,832.62,0.06633217232247847,3,March,2025Q1
O002461,2025-03-15,C0938,P0010,S023,5,0.0,8543.1,6162.75,2380.35,0.2786283667521157,3,March,2025Q1
O003492,2025-03-15,C0331,P0101,S012,7,0.1,113597.76,107117.5,6480.26,0.05704566709766108,3,March,2025Q1
O003915,2025-03-15,C0190,P0038,S001,5,0.2,117810.36,100164.2,17646.16,0.14978445019606085,3,March,2025Q1
O005604,2025-03-15,C0759,P0078,S012,1,0.1,4923.63,3784.4,1139.23,0.23138009964193085,3,March,2025Q1
O005673,2025-03-15,C0221,P0079,S019,4,0.05,162684.65,116682.04,46002.61,0.2827716689927415,3,March,2025Q1
O005832,2025-03-15,C0269,P0086,S002,3,0.05,42340.2,37651.14,4689.06,0.1107472331259654,3,March,2025Q1
O000366,2025-03-14,C0712,P0090,S022,1,0.1,18759.86,18347.07,412.79,0.02200389555145934,3,March,2025Q1
O001815,2025-03-14,C0413,P0079,S016,4,0.0,171247.0,116682.04,54564.96,0.3186330855431044,3,March,2025Q1
O001904,2025-03-14,C0821,P0045,S015,7,0.0,54657.05,36421.35,18235.7,0.33363856995575136,3,March,2025Q1
O002095,2025-03-14,C0868,P0032,S006,1,0.0,37885.68,25425.13,12460.55,0.3288986762280629,3,March,2025Q1
O002228,2025-03-14,C0246,P0105,S016,4,0.1,65688.73,48115.52,17573.21,0.26752245019807813,3,March,2025Q1
O002289,2025-03-14,C0482,P0014,S018,8,0.05,211497.06,151971.84,59525.22,0.28144703288074074,3,March,2025Q1
O002353,2025-03-14,C0756,P0097,S013,7,0.0,74835.95,57601.04,17234.91,0.23030254844095652,3,March,2025Q1
O002391,2025-03-14,C0323,P0107,S024,7,0.15,133708.94,123823.21,9885.73,0.07393469726108066,3,March,2025Q1
O002893,2025-03-14,C0795,P0056,S013,1,0.1,39191.79,28266.66,10925.13,0.27876067921368225,3,March,2025Q1
O003044,2025-03-14,C0634,P0012,S017,8,0.1,18013.82,16137.44,1876.38,0.10416335902101831,3,March,2025Q1
O003104,2025-03-14,C0494,P0120,S002,7,0.0,85772.19,69223.56,16548.63,0.1929370114019474,3,March,2025Q1
O003349,2025-03-14,C0817,P0073,S017,8,0.1,57603.6,55839.04,1764.56,0.03063280767174274,3,March,2025Q1
O003931,2025-03-14,C0191,P0016,S001,5,0.05,67681.7,52261.1,15420.6,0.2278400217488627,3,March,2025Q1
O005124,2025-03-14,C0245,P0085,S012,1,0.05,23974.38,18767.13,5207.25,0.2172006116529395,3,March,2025Q1
O005163,2025-03-14,C0702,P0079,S003,1,0.2,34249.4,29170.51,5078.89,0.1482913569288805,3,March,2025Q1
O005401,2025-03-14,C0364,P0066,S012,4,0.05,63614.96,57249.64,6365.32,0.10006011164669443,3,March,2025Q1
O000148,2025-03-13,C0913,P0069,S007,5,0.2,26247.6,28800.85,-2553.25,-0.0972755604321919,3,March,2025Q1
O000156,2025-03-13,C0457,P0021,S006,3,0.2,58593.12,59323.68,-730.56,-0.012468358059785857,3,March,2025Q1
O000166,2025-03-13,C0451,P0022,S008,2,0.15,45512.13,34711.24,10800.89,0.23731893014016264,3,March,2025Q1
O000656,2025-03-13,C0695,P0071,S004,5,0.0,33384.05,23518.45,9865.6,0.29551836880186794,3,March,2025Q1
O000775,2025-03-13,C0242,P0015,S019,2,0.15,50915.37,47002.18,3913.19,0.07685675268587855,3,March,2025Q1
O001191,2025-03-13,C0027,P0078,S004,5,0.2,21882.8,18922.0,2960.8,0.13530261209717223,3,March,2025Q1
O001367,2025-03-13,C0492,P0098,S019,8,0.0,161723.6,106905.2,54818.4,0.33896351552896425,3,March,2025Q1
O001536,2025-03-13,C0108,P0042,S023,7,0.0,49496.93,39382.28,10114.65,0.20434903740494612,3,March,2025Q1
O001611,2025-03-13,C0630,P0117,S010,4,0.15,67277.53,70470.88,-3193.35,-0.047465327576681246,3,March,2025Q1
O001639,2025-03-13,C0286,P0101,S025,5,0.1,81141.26,76512.5,4628.76,0.057045700300931985,3,March,2025Q1
O001668,2025-03-13,C0210,P0071,S024,6,0.2,32048.69,28222.14,3826.55,0.11939801595634643,3,March,2025Q1
O001891,2025-03-13,C0479,P0076,S011,6,0.15,197266.67,162616.56,34650.11,0.17565111227355334,3,March,2025Q1
O002354,2025-03-13,C0808,P0041,S013,3,0.1,100138.79,76657.68,23481.11,0.23448565735615542,3,March,2025Q1
O002452,2025-03-13,C0836,P0102,S007,7,0.0,8947.82,7438.62,1509.2,0.16866678140597374,3,March,2025Q1
O002524,2025-03-13,C0822,P0099,S023,5,0.0,98220.75,73184.6,25036.15,0.2548967504320625,3,March,2025Q1
O002536,2025-03-13,C0186,P0016,S012,1,0.0,14248.78,10452.22,3796.56,0.2664480748527242,3,March,2025Q1
O003764,2025-03-13,C0985,P0059,S002,7,0.1,14283.17,12571.72,1711.45,0.11982284044788377,3,March,2025Q1
O003970,2025-03-13,C0702,P0064,S007,8,0.2,220003.2,198017.12,21986.08,0.09993527366874663,3,March,2025Q1
O004188,2025-03-13,C0103,P0075,S021,2,0.05,66636.08,52946.58,13689.5,0.20543675438291087,3,March,2025Q1
O004671,2025-03-13,C0890,P0104,S013,1,0.0,7840.97,6133.47,1707.5,0.21776642430719667,3,March,2025Q1
O004872,2025-03-13,C0850,P0017,S001,5,0.0,46713.1,41294.9,5418.2,0.11598887678188774,3,March,2025Q1
O004915,2025-03-13,C0043,P0013,S004,5,0.2,36872.88,30719.2,6153.68,0.16688905233331383,3,March,2025Q1
O004944,2025-03-13,C0870,P0111,S017,7,0.0,184107.91,137321.1,46786.81,0.25412710404457906,3,March,2025Q1
O005026,2025-03-13,C0837,P0085,S014,7,0.05,167820.66,131369.91,36450.75,0.2172006116529395,3,March,2025Q1
O005137,2025-03-13,C0867,P0012,S022,6,0.1,13510.37,12103.08,1407.29,0.10416369055769752,3,March,2025Q1
O005516,2025-03-13,C0092,P0118,S006,7,0.0,188539.19,136435.6,52103.59,0.276354162760538,3,March,2025Q1
O005958,2025-03-13,C0808,P0116,S018,3,0.2,29685.38,27611.76,2073.62,0.06985324088827563,3,March,2025Q1
O000082,2025-03-12,C0423,P0078,S023,5,0.2,21882.8,18922.0,2960.8,0.13530261209717223,3,March,2025Q1
O000197,2025-03-12,C0876,P0111,S022,2,0.2,42081.81,39234.6,2847.21,0.06765892436660877,3,March,2025Q1
O000384,2025-03-12,C0595,P0070,S022,4,0.0,47650.28,32197.36,15452.92,0.324298619021756,3,March,2025Q1
O000905,2025-03-12,C0822,P0055,S014,7,0.1,199736.4,186622.45,13113.95,0.0656562849836084,3,March,2025Q1
O001025,2025-03-12,C0817,P0006,S002,3,0.05,5531.54,4417.05,1114.49,0.20147915408728853,3,March,2025Q1
O001136,2025-03-12,C0384,P0064,S010,4,0.0,137502.0,99008.56,38493.44,0.27994821893499733,3,March,2025Q1
O001505,2025-03-12,C0226,P0011,S024,3,0.05,33250.38,26982.39,6267.99,0.18850882305705982,3,March,2025Q1
O002083,2025-03-12,C0899,P0116,S015,2,0.1,22264.04,18407.84,3856.2,0.17320306646951764,3,March,2025Q1
O002501,2025-03-12,C0328,P0118,S008,8,0.0,215473.36,155926.4,59546.96,0.27635416276053804,3,March,2025Q1
O002899,2025-03-12,C0674,P0115,S018,1,0.05,32009.97,25577.27,6432.7,0.20095926362942546,3,March,2025Q1
O003363,2025-03-12,C0554,P0007,S011,6,0.0,112585.56,78648.36,33937.2,0.3014347488256931,3,March,2025Q1
O003787,2025-03-12,C0323,P0120,S014,3,0.0,36759.51,29667.24,7092.27,0.1929370114019474,3,March,2025Q1
O003986,2025-03-12,C0274,P0113,S021,1,0.0,9489.23,6868.35,2620.88,0.2761952234269799,3,March,2025Q1
O004185,2025-03-12,C0277,P0008,S007,3,0.2,36305.18,34816.02,1489.16,0.04101783822583995,3,March,2025Q1
O004505,2025-03-12,C0381,P0073,S001,7,0.0,56003.5,48859.16,7144.34,0.12756952690456846,3,March,2025Q1
O004905,2025-03-12,C0388,P0105,S021,5,0.2,72987.48,60144.4,12843.08,0.17596278156198844,3,March,2025Q1
O005621,2025-03-12,C0800,P0112,S011,3,0.1,103312.31,82089.48,21222.83,0.20542401965457943,3,March,2025Q1
O000607,2025-03-11,C0114,P0110,S015,8,0.1,259176.96,205935.28,53241.68,0.20542597613615038,3,March,2025Q1
O000682,2025-03-11,C0366,P0021,S002,5,0.05,115965.55,98872.8,17092.75,0.14739506689702242,3,March,2025Q1
O001605,2025-03-11,C0427,P0071,S007,5,0.05,31714.85,23518.45,8196.4,0.2584404466677282,3,March,2025Q1
O001830,2025-03-11,C0169,P0068,S023,8,0.0,157517.84,131319.68,26198.16,0.1663186849184829,3,March,2025Q1
O002582,2025-03-11,C0001,P0037,S015,8,0.2,236569.34,213680.72,22888.62,0.09675226722110312,3,March,2025Q1
O002701,2025-03-11,C0485,P0064,S018,6,0.0,206253.0,148512.84,57740.16,0.27994821893499733,3,March,2025Q1
O002725,2025-03-11,C0415,P0076,S014,5,0.05,183728.76,135513.8,48214.96,0.2624246742861596,3,March,2025Q1
O002764,2025-03-11,C0227,P0095,S007,4,0.05,143251.64,101267.32,41984.32,0.2930809029481268,3,March,2025Q1
O003043,2025-03-11,C0389,P0020,S019,1,0.05,43838.95,29988.25,13850.7,0.3159450671149743,3,March,2025Q1
O003087,2025-03-11,C0741,P0044,S022,8,0.0,92911.6,80550.56,12361.04,0.1330408689550067,3,March,2025Q1
O003339,2025-03-11,C0430,P0010,S013,6,0.0,10251.72,7395.3,2856.42,0.2786283667521158,3,March,2025Q1
O004483,2025-03-11,C0245,P0088,S006,1,0.15,29034.76,23430.43,5604.33,0.1930213991780886,3,March,2025Q1
O004786,2025-03-11,C0311,P0116,S015,1,0.0,12368.91,9203.92,3164.99,0.25588269297779676,3,March,2025Q1
O004817,2025-03-11,C0550,P0019,S001,8,0.1,231421.25,194383.12,37038.13,0.16004636566434585,3,March,2025Q1
O000145,2025-03-10,C0696,P0094,S011,8,0.1,108035.42,82147.28,25888.14,0.2396264114121091,3,March,2025Q1
O000187,2025-03-10,C0261,P0062,S025,4,0.0,64608.56,47633.96,16974.6,0.2627298921381315,3,March,2025Q1
O000305,2025-03-10,C0257,P0116,S002,8,0.2,79161.02,73631.36,5529.66,0.06985331922201103,3,March,2025Q1
O000726,2025-03-10,C0031,P0013,S024,1,0.0,9218.22,6143.84,3074.38,0.3335112418666511,3,March,2025Q1
O000800,2025-03-10,C0267,P0023,S022,6,0.05,247408.96,168414.84,78994.12,0.3192856071178667,3,March,2025Q1
O001177,2025-03-10,C0203,P0063,S006,2,0.1,3683.05,3648.48,34.57,0.009386242380635615,3,March,2025Q1
O001350,2025-03-10,C0419,P0115,S020,5,0.05,160049.87,127886.35,32163.52,0.20095936347839582,3,March,2025Q1
O002054,2025-03-10,C0902,P0096,S003,6,0.2,31059.17,25228.14,5831.03,0.18773940192220204,3,March,2025Q1
O002181,2025-03-10,C0944,P0050,S004,5,0.15,81202.67,74469.2,6733.47,0.08292178077395732,3,March,2025Q1
O002202,2025-03-10,C0406,P0028,S022,8,0.05,65809.08,57057.44,8751.64,0.13298529625395156,3,March,2025Q1
O002655,2025-03-10,C0836,P0042,S024,7,0.2,39597.54,39382.28,215.26,0.005436196288961384,3,March,2025Q1
O003874,2025-03-10,C0859,P0066,S008,8,0.1,120533.62,114499.28,6034.34,0.05006354243737142,3,March,2025Q1
O003906,2025-03-10,C0008,P0035,S025,5,0.0,207908.9,142355.35,65553.55,0.3152993931476719,3,March,2025Q1
O004443,2025-03-10,C0884,P0060,S012,8,0.05,228048.11,167811.68,60236.43,0.2641391327470331,3,March,2025Q1
O004477,2025-03-10,C0216,P0073,S013,5,0.05,38002.38,34899.4,3102.98,0.08165225441143424,3,March,2025Q1
O004662,2025-03-10,C0813,P0109,S005,3,0.2,33472.75,35158.98,-1686.23,-0.0503762015370712,3,March,2025Q1
O004688,2025-03-10,C0896,P0089,S001,5,0.0,162593.25,131806.15,30787.1,0.18935041891345428,3,March,2025Q1
O005383,2025-03-10,C0378,P0052,S011,6,0.0,166453.98,136773.96,29680.02,0.17830766197359774,3,March,2025Q1
O005454,2025-03-10,C0226,P0066,S018,8,0.15,113837.3,114499.28,-661.98,-0.005815141434310196,3,March,2025Q1
O005713,2025-03-10,C0411,P0063,S003,5,0.2,8184.56,9121.2,-936.64,-0.11443987214951078,3,March,2025Q1
O005994,2025-03-10,C0007,P0009,S020,8,0.0,270109.84,218139.76,51970.08,0.19240350518144766,3,March,2025Q1
O000048,2025-03-09,C0713,P0093,S002,3,0.0,101978.61,67270.02,34708.59,0.34035166786446686,3,March,2025Q1
O000085,2025-03-09,C0728,P0084,S006,6,0.2,114027.02,94120.26,19906.76,0.1745793233919469,3,March,2025Q1
O000618,2025-03-09,C0368,P0038,S008,2,0.0,58905.18,40065.68,18839.5,0.31982756015684866,3,March,2025Q1
O001225,2025-03-09,C0332,P0097,S019,1,0.2,8552.68,8228.72,323.96,0.037878185551195646,3,March,2025Q1
O001425,2025-03-09,C0348,P0038,S012,7,0.0,206168.13,140229.88,65938.25,0.31982756015684866,3,March,2025Q1
O001742,2025-03-09,C0528,P0111,S017,7,0.1,165697.12,137321.1,28376.02,0.17125234282889165,3,March,2025Q1
O001880,2025-03-09,C0318,P0007,S013,5,0.0,93821.3,65540.3,28281.0,0.3014347488256931,3,March,2025Q1
O001965,2025-03-09,C0388,P0078,S004,2,0.1,9847.26,7568.8,2278.46,0.23138009964193085,3,March,2025Q1
O001982,2025-03-09,C0301,P0009,S001,4,0.15,114796.68,109069.88,5726.8,0.04988646013107697,3,March,2025Q1
O002930,2025-03-09,C0978,P0120,S011,6,0.2,58815.22,59334.48,-519.26,-0.008828667137519846,3,March,2025Q1
O003012,2025-03-09,C0776,P0062,S001,5,0.05,76722.66,59542.45,17180.21,0.2239261516740947,3,March,2025Q1
O003024,2025-03-09,C0659,P0113,S004,6,0.05,54088.61,41210.1,12878.51,0.238100221100154,3,March,2025Q1
O003328,2025-03-09,C0108,P0106,S018,6,0.2,74600.54,67797.06,6803.48,0.09119880365477247,3,March,2025Q1
O003351,2025-03-09,C0610,P0033,S009,8,0.0,238186.88,169561.84,68625.04,0.2881142739684066,3,March,2025Q1
O003440,2025-03-09,C0947,P0096,S017,2,0.0,12941.32,8409.38,4531.94,0.35019147969449793,3,March,2025Q1
O003511,2025-03-09,C0592,P0056,S013,6,0.1,235150.72,169599.96,65550.76,0.27876061787095524,3,March,2025Q1
O003647,2025-03-09,C0048,P0017,S018,5,0.1,42041.79,41294.9,746.89,0.01776541864654193,3,March,2025Q1
O003936,2025-03-09,C0189,P0047,S005,2,0.2,1044.78,1079.18,-34.4,-0.03292559199065832,3,March,2025Q1
O004178,2025-03-09,C0186,P0051,S015,2,0.2,6837.94,6445.14,392.8,0.05744420103130476,3,March,2025Q1
O004456,2025-03-09,C0202,P0046,S003,6,0.15,147445.49,121000.38,26445.11,0.17935516372864305,3,March,2025Q1
O004542,2025-03-09,C0299,P0088,S002,6,0.0,204951.24,140582.58,64368.66,0.3140681656768703,3,March,2025Q1
O004932,2025-03-09,C0590,P0015,S010,7,0.2,167721.23,164507.63,3213.6,0.01916036508914226,3,March,2025Q1
O005275,2025-03-09,C0667,P0022,S021,3,0.2,64252.42,52066.86,12185.56,0.18965137811151705,3,March,2025Q1
O005685,2025-03-09,C0374,P0043,S001,8,0.15,152558.88,154091.76,-1532.88,-0.010047792694859847,3,March,2025Q1
O005704,2025-03-09,C0896,P0060,S011,1,0.0,30006.33,20976.46,9029.87,0.3009321699788011,3,March,2025Q1
O005717,2025-03-09,C0029,P0080,S005,6,0.0,118806.54,76899.42,41907.12,0.35273411716223707,3,March,2025Q1
O000051,2025-03-08,C0495,P0118,S016,2,0.1,48481.51,38981.6,9499.91,0.1959491360727007,3,March,2025Q1
O000183,2025-03-08,C0924,P0078,S018,1,0.2,4376.56,3784.4,592.16,0.13530261209717218,3,March,2025Q1
O000470,2025-03-08,C0030,P0061,S022,1,0.0,24815.16,19885.82,4929.34,0.19864228157303843,3,March,2025Q1
O000545,2025-03-08,C0385,P0085,S025,3,0.0,75708.57,56301.39,19407.18,0.2563405965797531,3,March,2025Q1
O001490,2025-03-08,C0465,P0082,S021,6,0.0,83625.72,58371.18,25254.54,0.3019948886538735,3,March,2025Q1
O001684,2025-03-08,C0621,P0051,S016,2,0.2,6837.94,6445.14,392.8,0.05744420103130476,3,March,2025Q1
O002680,2025-03-08,C0954,P0096,S024,5,0.0,32353.3,21023.45,11329.85,0.35019147969449793,3,March,2025Q1
O002831,2025-03-08,C0378,P0093,S024,7,0.0,237950.09,156963.38,80986.71,0.3403516678644669,3,March,2025Q1
O003013,2025-03-08,C0241,P0109,S017,6,0.1,75313.69,70317.96,4995.73,0.06633229629301127,3,March,2025Q1
O003228,2025-03-08,C0249,P0110,S012,5,0.1,161985.6,128709.55,33276.05,0.20542597613615038,3,March,2025Q1
O003406,2025-03-08,C0921,P0051,S006,5,0.0,21368.55,16112.85,5255.7,0.2459549197301642,3,March,2025Q1
O003468,2025-03-08,C0867,P0022,S013,3,0.1,72283.97,52066.86,20217.11,0.27969008896439973,3,March,2025Q1
O003943,2025-03-08,C0482,P0053,S003,8,0.15,185252.2,192128.0,-6875.8,-0.037115888502268796,3,March,2025Q1
O004017,2025-03-08,C0283,P0010,S020,8,0.1,12302.06,9860.4,2441.66,0.19847570244333063,3,March,2025Q1
O004461,2025-03-08,C0184,P0033,S010,2,0.0,59546.72,42390.46,17156.26,0.2881142739684066,3,March,2025Q1
O004926,2025-03-08,C0994,P0073,S014,6,0.1,43202.7,41879.28,1323.42,0.030632807671742743,3,March,2025Q1
O005440,2025-03-08,C0779,P0017,S018,8,0.0,74740.96,66071.84,8669.12,0.11598887678188774,3,March,2025Q1
O005638,2025-03-08,C0260,P0117,S023,7,0.0,138512.57,123324.04,15188.53,0.10965452449550246,3,March,2025Q1
O000696,2025-03-07,C0878,P0089,S005,4,0.05,123570.87,105444.92,18125.95,0.14668465148784662,3,March,2025Q1
O000854,2025-03-07,C0701,P0116,S010,4,0.15,42054.29,36815.68,5238.61,0.12456779082466972,3,March,2025Q1
O001247,2025-03-07,C0589,P0027,S021,3,0.0,37570.08,28229.34,9340.74,0.24862177562571067,3,March,2025Q1
O002258,2025-03-07,C0531,P0005,S016,8,0.0,320974.4,217370.56,103603.84,0.3227791375262326,3,March,2025Q1
O002510,2025-03-07,C0491,P0079,S017,7,0.2,239745.8,204193.57,35552.23,0.1482913569288805,3,March,2025Q1
O002854,2025-03-07,C0858,P0077,S017,1,0.0,39582.37,27033.56,12548.81,0.3170302839370154,3,March,2025Q1
O003517,2025-03-07,C0068,P0040,S006,6,0.1,1947.02,1521.48,425.54,0.21855964499594252,3,March,2025Q1
O004003,2025-03-07,C0582,P0095,S021,7,0.0,263884.6,177217.81,86666.79,0.32842685780072045,3,March,2025Q1
O004516,2025-03-07,C0135,P0096,S008,5,0.1,29117.97,21023.45,8094.52,0.2779905329938866,3,March,2025Q1
O004654,2025-03-07,C0606,P0104,S024,3,0.15,19994.47,18400.41,1594.06,0.07972504397465899,3,March,2025Q1
O005458,2025-03-07,C0907,P0119,S005,1,0.0,3926.02,3421.52,504.5,0.1285016377909435,3,March,2025Q1
O005944,2025-03-07,C0202,P0087,S007,2,0.0,69495.6,45599.3,23896.3,0.3438534238138817,3,March,2025Q1
O000587,2025-03-06,C0212,P0019,S021,5,0.15,136602.82,121489.45,15113.37,0.11063732066439039,3,March,2025Q1
O000697,2025-03-06,C0215,P0017,S003,7,0.2,52318.67,57812.86,-5494.19,-0.1050139462643068,3,March,2025Q1
O000917,2025-03-06,C0533,P0070,S010,4,0.0,47650.28,32197.36,15452.92,0.324298619021756,3,March,2025Q1
O001023,2025-03-06,C0653,P0066,S009,6,0.1,90400.21,85874.46,4525.75,0.05006348989676019,3,March,2025Q1
O001273,2025-03-06,C0147,P0049,S019,5,0.0,83954.85,58504.65,25450.2,0.3031415099901911,3,March,2025Q1
O001542,2025-03-06,C0327,P0111,S005,7,0.2,147286.33,137321.1,9965.23,0.06765889271597711,3,March,2025Q1
O001762,2025-03-06,C0851,P0059,S010,2,0.2,3627.47,3591.92,35.55,0.009800218885338817,3,March,2025Q1
O002648,2025-03-06,C0153,P0093,S003,5,0.05,161466.13,112116.7,49349.43,0.30563332384321096,3,March,2025Q1
O003202,2025-03-06,C0717,P0034,S020,1,0.15,10944.68,10229.52,715.16,0.0653431621573221,3,March,2025Q1
O003839,2025-03-06,C0969,P0067,S024,2,0.15,35271.4,29550.18,5721.22,0.16220563969675147,3,March,2025Q1
O003856,2025-03-06,C0690,P0051,S001,2,0.0,8547.42,6445.14,2102.28,0.2459549197301642,3,March,2025Q1
O004170,2025-03-06,C0852,P0101,S009,5,0.0,90156.95,76512.5,13644.45,0.15134107797568574,3,March,2025Q1
O004897,2025-03-06,C0028,P0101,S019,3,0.15,45980.04,45907.5,72.54,0.001577641080782009,3,March,2025Q1
O005298,2025-03-06,C0288,P0084,S021,3,0.05,67703.55,47060.13,20643.42,0.3049089744924749,3,March,2025Q1
O005582,2025-03-06,C0689,P0017,S007,3,0.0,28027.86,24776.94,3250.92,0.11598887678188774,3,March,2025Q1
O005778,2025-03-06,C0255,P0106,S005,6,0.0,93250.68,67797.06,25453.62,0.27295908190696305,3,March,2025Q1
O000412,2025-03-05,C0094,P0015,S023,8,0.2,191681.41,188008.72,3672.69,0.019160387019273282,3,March,2025Q1
O000987,2025-03-05,C0362,P0105,S013,6,0.1,98533.1,72173.28,26359.82,0.26752248736718925,3,March,2025Q1
O001013,2025-03-05,C0088,P0008,S002,7,0.05,100595.61,81237.38,19358.23,0.19243613115920266,3,March,2025Q1
O001204,2025-03-05,C0682,P0018,S018,8,0.0,12609.28,8585.92,4023.36,0.31907928129123947,3,March,2025Q1
O001249,2025-03-05,C0519,P0039,S012,3,0.1,74296.44,66219.15,8077.29,0.10871705293012693,3,March,2025Q1
O001298,2025-03-05,C0936,P0063,S001,3,0.2,4910.74,5472.72,-561.98,-0.11443896439233192,3,March,2025Q1
O001991,2025-03-05,C0107,P0019,S009,2,0.2,51426.94,48595.78,2831.16,0.05505207970763961,3,March,2025Q1
O002142,2025-03-05,C0744,P0095,S019,3,0.0,113093.4,75950.49,37142.91,0.3284268578007205,3,March,2025Q1
O002146,2025-03-05,C0555,P0096,S020,8,0.0,51765.28,33637.52,18127.76,0.35019147969449793,3,March,2025Q1
O002339,2025-03-05,C0720,P0098,S003,4,0.0,80861.8,53452.6,27409.2,0.33896351552896425,3,March,2025Q1
O002531,2025-03-05,C0990,P0049,S018,7,0.0,117536.79,81906.51,35630.28,0.3031415099901912,3,March,2025Q1
O002711,2025-03-05,C0188,P0074,S007,2,0.0,34230.02,25350.48,8879.54,0.2594079699632078,3,March,2025Q1
O002881,2025-03-05,C0055,P0014,S022,6,0.1,150274.22,113978.88,36295.34,0.24152738906247523,3,March,2025Q1
O003211,2025-03-05,C0629,P0018,S024,3,0.0,4728.48,3219.72,1508.76,0.31907928129123947,3,March,2025Q1
O003249,2025-03-05,C0688,P0072,S023,4,0.15,100343.08,80442.44,19900.64,0.19832598321677986,3,March,2025Q1
O004451,2025-03-05,C0506,P0079,S016,1,0.05,40671.16,29170.51,11500.65,0.2827716249057071,3,March,2025Q1
O005536,2025-03-05,C0053,P0085,S002,2,0.0,50472.38,37534.26,12938.12,0.25634059657975317,3,March,2025Q1
O005554,2025-03-05,C0570,P0045,S023,6,0.15,39821.56,31218.3,8603.26,0.21604527798509152,3,March,2025Q1
O000725,2025-03-04,C0257,P0063,S016,4,0.2,6547.65,7296.96,-749.31,-0.11443953174039541,3,March,2025Q1
O000787,2025-03-04,C0548,P0111,S008,8,0.1,189368.14,156938.4,32429.74,0.17125235533284533,3,March,2025Q1
O001591,2025-03-04,C0444,P0102,S015,6,0.05,7286.08,6375.96,910.12,0.12491216127190478,3,March,2025Q1
O001728,2025-03-04,C0868,P0113,S017,1,0.15,8065.85,6868.35,1197.5,0.1484654438155929,3,March,2025Q1
O002686,2025-03-04,C0513,P0099,S025,8,0.15,133580.22,117095.36,16484.86,0.12340794168477938,3,March,2025Q1
O002687,2025-03-04,C0493,P0086,S020,5,0.0,74281.05,62751.9,11529.15,0.15520984154101214,3,March,2025Q1
O002844,2025-03-04,C0405,P0094,S008,3,0.0,45014.76,30805.23,14209.53,0.31566379560837377,3,March,2025Q1
O003781,2025-03-04,C0049,P0030,S009,5,0.05,58839.72,51773.1,7066.62,0.12009948381807391,3,March,2025Q1
O003860,2025-03-04,C0250,P0093,S014,1,0.15,28893.94,22423.34,6470.6,0.22394315209348398,3,March,2025Q1
O003862,2025-03-04,C0044,P0037,S011,1,0.0,36963.96,26710.09,10253.87,0.27740182599483393,3,March,2025Q1
O004877,2025-03-04,C0860,P0030,S019,3,0.15,31587.64,31063.86,523.78,0.016581802249234192,3,March,2025Q1
O005188,2025-03-04,C0742,P0100,S021,7,0.0,129394.72,108885.28,20509.44,0.15850291263816638,3,March,2025Q1
O005557,2025-03-04,C0473,P0004,S007,7,0.0,59616.06,42650.72,16965.34,0.28457667279588755,3,March,2025Q1
O005864,2025-03-04,C0619,P0098,S008,7,0.0,141508.15,93542.05,47966.1,0.33896351552896425,3,March,2025Q1
O005926,2025-03-04,C0398,P0018,S011,1,0.1,1418.54,1073.24,345.3,0.2434192902561789,3,March,2025Q1
O005951,2025-03-04,C0493,P0050,S003,4,0.0,76426.04,59575.36,16850.68,0.2204834896587603,3,March,2025Q1
O000579,2025-03-03,C1000,P0088,S019,3,0.05,97351.84,70291.29,27060.55,0.2779664976029215,3,March,2025Q1
O000677,2025-03-03,C0784,P0036,S016,2,0.15,23374.4,19310.1,4064.3,0.17387825997672668,3,March,2025Q1
O000937,2025-03-03,C0379,P0074,S010,1,0.15,14547.76,12675.24,1872.52,0.12871534861724415,3,March,2025Q1
O000964,2025-03-03,C0054,P0026,S008,4,0.1,24390.9,17738.6,6652.3,0.2727369633756852,3,March,2025Q1
O001316,2025-03-03,C0136,P0052,S002,5,0.0,138711.65,113978.3,24733.35,0.17830766197359774,3,March,2025Q1
O001852,2025-03-03,C0572,P0116,S014,6,0.0,74213.46,55223.52,18989.94,0.2558826929777967,3,March,2025Q1
O001865,2025-03-03,C0058,P0057,S021,1,0.05,42239.54,29561.23,12678.31,0.30015265317756773,3,March,2025Q1
O002274,2025-03-03,C0878,P0029,S025,1,0.15,283.72,220.37,63.35,0.22328351896235724,3,March,2025Q1
O003132,2025-03-03,C0575,P0001,S011,4,0.2,19319.1,16381.24,2937.86,0.15207023101490236,3,March,2025Q1
O003148,2025-03-03,C0834,P0054,S013,5,0.0,46494.15,39908.05,6586.1,0.14165438017471016,3,March,2025Q1
O004273,2025-03-03,C0562,P0120,S005,3,0.2,29407.61,29667.24,-259.63,-0.008828667137519846,3,March,2025Q1
O004289,2025-03-03,C0576,P0020,S014,6,0.0,276877.56,179929.5,96948.06,0.35014776928834535,3,March,2025Q1
O004377,2025-03-03,C0728,P0021,S011,4,0.0,97655.2,79098.24,18556.96,0.1900253135521713,3,March,2025Q1
O005248,2025-03-03,C0822,P0108,S008,2,0.1,57404.86,45038.08,12366.78,0.21543088860420528,3,March,2025Q1
O000571,2025-03-02,C0217,P0104,S021,8,0.2,50182.21,49067.76,1114.45,0.02220806935366139,3,March,2025Q1
O000591,2025-03-02,C0543,P0013,S020,6,0.15,47012.92,36863.04,10149.88,0.2158955453096723,3,March,2025Q1
O000700,2025-03-02,C0931,P0033,S002,2,0.05,56569.38,42390.46,14178.92,0.2506465511907679,3,March,2025Q1
O001678,2025-03-02,C0919,P0079,S012,6,0.0,256870.5,175023.06,81847.44,0.31863308554310443,3,March,2025Q1
O002303,2025-03-02,C0546,P0117,S020,7,0.0,138512.57,123324.04,15188.53,0.10965452449550246,3,March,2025Q1
O003469,2025-03-02,C0091,P0038,S005,5,0.0,147262.95,100164.2,47098.75,0.31982756015684866,3,March,2025Q1
O004173,2025-03-02,C0147,P0032,S016,7,0.0,265199.76,177975.91,87223.85,0.32889867622806296,3,March,2025Q1
O004282,2025-03-02,C0712,P0059,S002,5,0.2,9068.68,8979.8,88.88,0.009800764830162713,3,March,2025Q1
O000086,2025-03-01,C0780,P0046,S018,8,0.15,196593.98,161333.84,35260.14,0.1793551358998887,3,March,2025Q1
O000215,2025-03-01,C0823,P0066,S009,5,0.2,66963.12,71562.05,-4598.93,-0.06867855022286895,3,March,2025Q1
O000880,2025-03-01,C0507,P0080,S021,6,0.1,106925.89,76899.42,30026.47,0.28081571263984806,3,March,2025Q1
O001167,2025-03-01,C0790,P0012,S021,7,0.1,15762.1,14120.26,1641.84,0.10416378528241794,3,March,2025Q1
O002487,2025-03-01,C0104,P0022,S005,3,0.2,64252.42,52066.86,12185.56,0.18965137811151705,3,March,2025Q1
O002588,2025-03-01,C0619,P0116,S014,7,0.1,77924.13,64427.44,13496.69,0.1732029603667054,3,March,2025Q1
O002914,2025-03-01,C0854,P0098,S013,4,0.0,80861.8,53452.6,27409.2,0.33896351552896425,3,March,2025Q1
O003059,2025-03-01,C0185,P0115,S015,8,0.0,269557.68,204618.16,64939.52,0.24091140716153958,3,March,2025Q1
O003341,2025-03-01,C0589,P0048,S001,3,0.1,24718.01,23545.23,1172.78,0.0474463761443579,3,March,2025Q1
O003575,2025-03-01,C0618,P0012,S021,7,0.05,16637.77,14120.26,2517.51,0.15131294638644482,3,March,2025Q1
O004994,2025-03-01,C0124,P0113,S025,5,0.0,47446.15,34341.75,13104.4,0.27619522342697983,3,March,2025Q1
O005682,2025-03-01,C0985,P0075,S021,1,0.05,33318.04,26473.29,6844.75,0.20543675438291087,3,March,2025Q1
O005974,2025-03-01,C0423,P0023,S024,7,0.1,273452.0,196483.98,76968.02,0.2814681187191902,3,March,2025Q1
O000443,2025-02-28,C0703,P0043,S011,7,0.2,125636.73,134830.29,-9193.56,-0.07317573451649052,2,February,2025Q1
O000466,2025-02-28,C0016,P0080,S018,2,0.0,39602.18,25633.14,13969.04,0.35273411716223707,2,February,2025Q1
O000577,2025-02-28,C0510,P0077,S020,4,0.0,158329.48,108134.24,50195.24,0.3170302839370154,2,February,2025Q1
O002326,2025-02-28,C0024,P0104,S005,2,0.0,15681.94,12266.94,3415.0,0.21776642430719667,2,February,2025Q1
O003290,2025-02-28,C0047,P0117,S001,8,0.2,126640.06,140941.76,-14301.7,-0.11293187953322197,2,February,2025Q1
O004305,2025-02-28,C0352,P0114,S021,1,0.0,40519.17,29017.33,11501.84,0.2838616881836425,2,February,2025Q1
O004602,2025-02-28,C0959,P0081,S022,1,0.2,33262.5,29918.62,3343.88,0.10053002630590004,2,February,2025Q1
O004686,2025-02-28,C0267,P0090,S019,8,0.15,141741.17,146776.56,-5035.39,-0.03552524647567111,2,February,2025Q1
O004714,2025-02-28,C0777,P0027,S009,5,0.0,62616.8,47048.9,15567.9,0.24862177562571067,2,February,2025Q1
O005014,2025-02-28,C0343,P0064,S021,2,0.0,68751.0,49504.28,19246.72,0.27994821893499733,2,February,2025Q1
O005040,2025-02-28,C0745,P0001,S010,1,0.0,6037.22,4095.31,1941.91,0.3216563252622896,2,February,2025Q1
O005195,2025-02-28,C0445,P0031,S009,6,0.0,7023.12,5118.0,1905.12,0.2712640535830229,2,February,2025Q1
O005804,2025-02-28,C0396,P0032,S018,2,0.1,68194.22,50850.26,17343.96,0.25433181873771704,2,February,2025Q1
O000524,2025-02-27,C0619,P0023,S019,3,0.2,104172.19,84207.42,19964.77,0.1916516298639781,2,February,2025Q1
O000698,2025-02-27,C0080,P0003,S025,8,0.1,83720.16,63302.88,20417.28,0.2438753103195216,2,February,2025Q1
O001326,2025-02-27,C0100,P0086,S001,3,0.05,42340.2,37651.14,4689.06,0.1107472331259654,2,February,2025Q1
O001781,2025-02-27,C0987,P0113,S025,5,0.1,42701.54,34341.75,8359.79,0.19577256464286769,2,February,2025Q1
O001937,2025-02-27,C0366,P0094,S002,7,0.0,105034.44,71878.87,33155.57,0.31566379560837377,2,February,2025Q1
O002259,2025-02-27,C0235,P0005,S013,3,0.0,120365.4,81513.96,38851.44,0.32277913752623266,2,February,2025Q1
O002432,2025-02-27,C0089,P0093,S008,8,0.15,231151.52,179386.72,51764.8,0.22394315209348398,2,February,2025Q1
O002540,2025-02-27,C0346,P0080,S024,5,0.05,94055.18,64082.85,29972.33,0.31866750985963777,2,February,2025Q1
O003085,2025-02-27,C0392,P0052,S004,3,0.0,83226.99,68386.98,14840.01,0.17830766197359774,2,February,2025Q1
O003160,2025-02-27,C0086,P0057,S001,5,0.2,177850.68,147806.15,30044.53,0.16893120678537749,2,February,2025Q1
O003508,2025-02-27,C0510,P0025,S021,3,0.2,3549.34,3121.68,427.66,0.12049000659277499,2,February,2025Q1
O003671,2025-02-27,C0385,P0023,S013,6,0.2,208344.38,168414.84,39929.54,0.1916516298639781,2,February,2025Q1
O003891,2025-02-27,C0877,P0091,S008,6,0.15,31617.55,26920.86,4696.69,0.14854693042313524,2,February,2025Q1
O004441,2025-02-27,C0589,P0084,S006,7,0.0,166289.41,109806.97,56482.44,0.3396634818777696,2,February,2025Q1
O005914,2025-02-27,C0981,P0095,S020,8,0.2,241265.92,202534.64,38731.28,0.16053357225090056,2,February,2025Q1
O005965,2025-02-27,C0894,P0114,S004,2,0.05,76986.42,58034.66,18951.76,0.24617016871287167,2,February,2025Q1
O001264,2025-02-26,C0701,P0071,S014,2,0.05,12685.94,9407.38,3278.56,0.2584404466677282,2,February,2025Q1
O001308,2025-02-26,C0981,P0014,S001,3,0.0,83485.68,56989.44,26496.24,0.3173746683263525,2,February,2025Q1
O001321,2025-02-26,C0276,P0047,S009,6,0.2,3134.35,3237.54,-103.19,-0.0329222964889052,2,February,2025Q1
O001401,2025-02-26,C0160,P0008,S021,1,0.15,12858.09,11605.34,1252.75,0.09742893384631776,2,February,2025Q1
O001539,2025-02-26,C0050,P0039,S003,5,0.05,130706.7,110365.25,20341.45,0.15562668172327815,2,February,2025Q1
O001555,2025-02-26,C0247,P0003,S015,3,0.05,33139.23,23738.58,9400.65,0.28367134661849414,2,February,2025Q1
O001592,2025-02-26,C0993,P0002,S016,3,0.1,71612.48,56948.61,14663.87,0.20476696240655262,2,February,2025Q1
O002100,2025-02-26,C0806,P0021,S001,8,0.0,195310.4,158196.48,37113.92,0.1900253135521713,2,February,2025Q1
O003244,2025-02-26,C0942,P0022,S002,4,0.15,91024.26,69422.48,21601.78,0.23731893014016264,2,February,2025Q1
O003700,2025-02-26,C0544,P0042,S009,1,0.1,6363.89,5626.04,737.85,0.1159432359767375,2,February,2025Q1
O003954,2025-02-26,C0586,P0005,S016,5,0.15,170517.65,135856.6,34661.05,0.2032695735602737,2,February,2025Q1
O004088,2025-02-26,C0141,P0070,S025,2,0.1,21442.63,16098.68,5343.95,0.24922082785553823,2,February,2025Q1
O004266,2025-02-26,C0012,P0100,S017,5,0.05,87803.56,77775.2,10028.36,0.11421359225070146,2,February,2025Q1
O005198,2025-02-26,C0904,P0100,S019,2,0.15,31424.43,31110.08,314.35,0.01000336362505223,2,February,2025Q1
O005735,2025-02-26,C0346,P0116,S013,5,0.0,61844.55,46019.6,15824.95,0.25588269297779676,2,February,2025Q1
O005862,2025-02-26,C0936,P0069,S002,3,0.1,17717.13,17280.51,436.62,0.024643946282496092,2,February,2025Q1
O000147,2025-02-25,C0180,P0083,S020,2,0.05,28856.16,23530.7,5325.46,0.18455192929343336,2,February,2025Q1
O000402,2025-02-25,C0463,P0059,S002,4,0.15,7708.38,7183.84,524.54,0.06804802046603825,2,February,2025Q1
O001513,2025-02-25,C0622,P0050,S014,4,0.15,64962.13,59575.36,5386.77,0.08292169607123413,2,February,2025Q1
O001587,2025-02-25,C0989,P0036,S021,8,0.15,93497.62,77240.4,16257.22,0.1738784366917575,2,February,2025Q1
O001811,2025-02-25,C0464,P0029,S019,1,0.1,300.41,220.37,80.04,0.26643587097633237,2,February,2025Q1
O002034,2025-02-25,C0782,P0030,S007,5,0.15,52646.07,51773.1,872.97,0.01658186451524302,2,February,2025Q1
O002224,2025-02-25,C0358,P0088,S006,3,0.0,102475.62,70291.29,32184.33,0.3140681656768703,2,February,2025Q1
O002535,2025-02-25,C0488,P0056,S013,6,0.0,261278.58,169599.96,91678.62,0.3508845616047056,2,February,2025Q1
O002839,2025-02-25,C0378,P0031,S018,3,0.05,3335.98,2559.0,776.98,0.2329090701982626,2,February,2025Q1
O002892,2025-02-25,C0190,P0108,S025,4,0.05,121188.04,90076.16,31111.88,0.2567240133597342,2,February,2025Q1
O002943,2025-02-25,C0950,P0019,S015,8,0.2,205707.78,194383.12,11324.66,0.055052171580481785,2,February,2025Q1
O003342,2025-02-25,C0836,P0085,S003,6,0.0,151417.14,112602.78,38814.36,0.2563405965797531,2,February,2025Q1
O003917,2025-02-25,C0547,P0107,S020,1,0.0,22472.09,17689.03,4783.06,0.21284446618004824,2,February,2025Q1
O004956,2025-02-25,C0921,P0043,S010,7,0.0,157045.91,134830.29,22215.62,0.14145939871977561,2,February,2025Q1
O005269,2025-02-25,C0472,P0062,S021,4,0.05,61378.13,47633.96,13744.17,0.2239261769623806,2,February,2025Q1
O005603,2025-02-25,C0995,P0070,S008,8,0.1,85770.5,64394.72,21375.78,0.24922065278854616,2,February,2025Q1
O000089,2025-02-24,C0026,P0049,S005,1,0.2,13432.78,11700.93,1731.85,0.12892714687503257,2,February,2025Q1
O000126,2025-02-24,C0297,P0101,S022,5,0.15,76633.41,76512.5,120.91,0.0015777713663009383,2,February,2025Q1
O000192,2025-02-24,C0159,P0055,S021,5,0.05,150594.9,133301.75,17293.15,0.11483224199491485,2,February,2025Q1
O000214,2025-02-24,C0573,P0010,S017,5,0.05,8115.94,6162.75,1953.19,0.24066097087952845,2,February,2025Q1
O000227,2025-02-24,C0123,P0118,S003,8,0.15,183152.36,155926.4,27225.96,0.14865197478208853,2,February,2025Q1
O000327,2025-02-24,C0785,P0082,S019,6,0.2,66900.58,58371.18,8529.4,0.12749366298468562,2,February,2025Q1
O000391,2025-02-24,C0135,P0024,S001,5,0.15,38719.2,36246.1,2473.1,0.06387270398148723,2,February,2025Q1
O000481,2025-02-24,C0334,P0072,S021,2,0.05,56074.07,40221.22,15852.85,0.28271266915349647,2,February,2025Q1
O001125,2025-02-24,C0366,P0042,S006,1,0.1,6363.89,5626.04,737.85,0.1159432359767375,2,February,2025Q1
O001329,2025-02-24,C0134,P0081,S024,2,0.0,83156.24,59837.24,23319.0,0.2804239345117095,2,February,2025Q1
O001366,2025-02-24,C0556,P0095,S011,2,0.0,75395.6,50633.66,24761.94,0.32842685780072045,2,February,2025Q1
O001412,2025-02-24,C0067,P0028,S020,1,0.05,8226.14,7132.18,1093.96,0.13298582324152033,2,February,2025Q1
O002331,2025-02-24,C0628,P0016,S002,3,0.0,42746.34,31356.66,11389.68,0.26644807485272426,2,February,2025Q1
O002548,2025-02-24,C0004,P0031,S022,5,0.1,5267.34,4265.0,1002.34,0.19029339287002547,2,February,2025Q1
O002704,2025-02-24,C0057,P0039,S022,3,0.2,66041.28,66219.15,-177.87,-0.0026933154536071986,2,February,2025Q1
O002718,2025-02-24,C0271,P0021,S019,5,0.0,97655.2,79098.24,18556.96,0.1900253135521713,2,February,2025Q1
O002734,2025-02-24,C0350,P0027,S015,3,0.0,37570.08,28229.34,9340.74,0.24862177562571067,2,February,2025Q1
O002853,2025-02-24,C0343,P0100,S014,2,0.15,31424.43,31110.08,314.35,0.01000336362505223,2,February,2025Q1
O003542,2025-02-24,C0773,P0078,S010,5,0.0,27353.5,18922.0,8431.5,0.30824208967773775,2,February,2025Q1
O003694,2025-02-24,C0229,P0084,S018,1,0.0,23755.63,15686.71,8068.92,0.33966348187776957,2,February,2025Q1
O004046,2025-02-24,C0769,P0089,S016,2,0.15,55281.7,52722.46,2559.24,0.04629452422772816,2,February,2025Q1
O004057,2025-02-24,C0437,P0004,S018,2,0.15,14478.19,12185.92,2292.27,0.15832572994276217,2,February,2025Q1
O004186,2025-02-24,C0065,P0046,S023,4,0.05,109861.34,80666.92,29194.42,0.26573879401070477,2,February,2025Q1
O004209,2025-02-24,C0547,P0024,S012,7,0.0,63772.8,50744.54,13028.26,0.20429179838426414,2,February,2025Q1
O005716,2025-02-24,C0580,P0056,S016,8,0.2,278697.15,226133.28,52563.87,0.1886056961831149,2,February,2025Q1
O000597,2025-02-23,C0759,P0007,S018,3,0.0,56292.78,39324.18,16968.6,0.3014347488256931,2,February,2025Q1
O000897,2025-02-23,C0172,P0081,S004,4,0.05,157996.86,119674.48,38322.38,0.24255152918861805,2,February,2025Q1
O001379,2025-02-23,C0278,P0118,S016,6,0.05,153524.77,116944.8,36579.97,0.23826754470956057,2,February,2025Q1
O001439,2025-02-23,C0298,P0049,S006,7,0.0,117536.79,81906.51,35630.28,0.3031415099901912,2,February,2025Q1
O001549,2025-02-23,C0349,P0027,S019,6,0.05,71383.15,56458.68,14924.47,0.20907553113024574,2,February,2025Q1
O001893,2025-02-23,C0645,P0046,S001,3,0.1,78059.38,60500.19,17559.19,0.2249465727245079,2,February,2025Q1
O002454,2025-02-23,C0590,P0001,S009,3,0.2,14489.33,12285.93,2203.4,0.1520705236197947,2,February,2025Q1
O002662,2025-02-23,C0495,P0099,S017,4,0.0,78576.6,58547.68,20028.92,0.25489675043206245,2,February,2025Q1
O002693,2025-02-23,C0827,P0066,S025,7,0.0,117185.46,100186.87,16998.59,0.14505715982170483,2,February,2025Q1
O002832,2025-02-23,C0318,P0100,S009,2,0.1,33272.93,31110.08,2162.85,0.06500329246627815,2,February,2025Q1
O003501,2025-02-23,C0985,P0117,S022,1,0.0,19787.51,17617.72,2169.79,0.10965452449550248,2,February,2025Q1
O003767,2025-02-23,C0789,P0029,S001,4,0.2,1068.13,881.48,186.65,0.17474464718714014,2,February,2025Q1
O003846,2025-02-23,C0085,P0024,S024,4,0.2,29153.28,28996.88,156.4,0.0053647479803301725,2,February,2025Q1
O004048,2025-02-23,C0906,P0081,S025,7,0.0,291046.84,209430.34,81616.5,0.2804239345117095,2,February,2025Q1
O004518,2025-02-23,C0338,P0079,S010,6,0.0,256870.5,175023.06,81847.44,0.31863308554310443,2,February,2025Q1
O005056,2025-02-23,C0416,P0104,S016,7,0.1,49398.11,42934.29,6463.82,0.1308515649687812,2,February,2025Q1
O005348,2025-02-23,C0551,P0010,S022,3,0.0,5125.86,3697.65,1428.21,0.2786283667521158,2,February,2025Q1
O005872,2025-02-23,C0114,P0110,S018,2,0.05,68393.92,51483.82,16910.1,0.24724566160266875,2,February,2025Q1
O000284,2025-02-22,C0289,P0035,S005,8,0.2,266123.39,227768.56,38354.83,0.1441242350024175,2,February,2025Q1
O001016,2025-02-22,C0694,P0008,S018,1,0.05,14370.8,11605.34,2765.46,0.19243605088095306,2,February,2025Q1
O001510,2025-02-22,C0598,P0102,S025,5,0.0,6391.3,5313.3,1078.0,0.16866678140597374,2,February,2025Q1
O003652,2025-02-22,C0852,P0118,S016,8,0.05,204699.69,155926.4,48773.29,0.2382675323054959,2,February,2025Q1
O003668,2025-02-22,C0177,P0023,S005,8,0.1,312516.58,224553.12,87963.46,0.28146813842644763,2,February,2025Q1
O004157,2025-02-22,C0579,P0108,S006,1,0.0,31891.59,22519.04,9372.55,0.29388782434491345,2,February,2025Q1
O004370,2025-02-22,C0638,P0034,S018,7,0.0,90132.7,71606.64,18526.06,0.20554205077624438,2,February,2025Q1
O004453,2025-02-22,C0831,P0054,S005,5,0.15,39520.03,39908.05,-388.02,-0.009818312384884323,2,February,2025Q1
O005415,2025-02-22,C0178,P0009,S017,6,0.0,202582.38,163604.82,38977.56,0.19240350518144764,2,February,2025Q1
O005429,2025-02-22,C0024,P0054,S004,7,0.2,52073.45,55871.27,-3797.82,-0.07293198357320285,2,February,2025Q1
O005851,2025-02-22,C0946,P0067,S021,3,0.15,52907.09,44325.27,8581.82,0.16220548134474982,2,February,2025Q1
O005985,2025-02-22,C0165,P0047,S018,5,0.2,2611.96,2697.95,-85.99,-0.032921637391077965,2,February,2025Q1
O000041,2025-02-21,C0833,P0023,S002,5,0.05,206174.13,140345.7,65828.43,0.3192855961123735,2,February,2025Q1
O000750,2025-02-21,C0708,P0087,S007,6,0.1,187638.12,136797.9,50840.22,0.27094824868209083,2,February,2025Q1
O001190,2025-02-21,C0004,P0059,S023,7,0.2,12696.15,12571.72,124.43,0.009800608845988745,2,February,2025Q1
O001363,2025-02-21,C0387,P0050,S001,2,0.0,38213.02,29787.68,8425.34,0.2204834896587603,2,February,2025Q1
O001579,2025-02-21,C0312,P0103,S024,6,0.1,54267.25,45808.86,8458.39,0.15586546213416008,2,February,2025Q1
O002052,2025-02-21,C0058,P0082,S011,5,0.15,59234.88,48642.65,10592.23,0.17881744674759195,2,February,2025Q1
O002105,2025-02-21,C0016,P0045,S008,2,0.1,14054.67,10406.1,3648.57,0.259598411061946,2,February,2025Q1
O002133,2025-02-21,C0697,P0022,S021,4,0.2,85669.89,69422.48,16247.41,0.18965134658162863,2,February,2025Q1
O002155,2025-02-21,C0731,P0104,S016,4,0.15,26659.3,24533.88,2125.42,0.07972527410697205,2,February,2025Q1
O002596,2025-02-21,C0303,P0048,S002,6,0.1,49436.03,47090.46,2345.57,0.04744656882844355,2,February,2025Q1
O002636,2025-02-21,C0040,P0075,S003,1,0.15,29810.88,26473.29,3337.59,0.11195878820081796,2,February,2025Q1
O003237,2025-02-21,C0095,P0048,S017,5,0.15,38907.98,39242.05,-334.07,-0.008586156361754065,2,February,2025Q1
O003371,2025-02-21,C0474,P0100,S017,7,0.0,129394.72,108885.28,20509.44,0.15850291263816638,2,February,2025Q1
O003661,2025-02-21,C0134,P0011,S003,1,0.0,11666.8,8994.13,2672.67,0.22908338190420682,2,February,2025Q1
O004029,2025-02-21,C0687,P0091,S020,8,0.0,49596.16,35894.48,13701.68,0.27626493664025603,2,February,2025Q1
O004517,2025-02-21,C0134,P0013,S006,2,0.2,14749.15,12287.68,2461.47,0.16688893936260732,2,February,2025Q1
O004692,2025-02-21,C0741,P0090,S018,8,0.0,166754.32,146776.56,19977.76,0.1198035529154507,2,February,2025Q1
O004782,2025-02-21,C0211,P0118,S018,7,0.0,188539.19,136435.6,52103.59,0.276354162760538,2,February,2025Q1
O005194,2025-02-21,C0800,P0007,S016,1,0.1,16887.83,13108.06,3779.77,0.22381620373961603,2,February,2025Q1
O000246,2025-02-20,C0708,P0021,S002,4,0.05,92772.44,79098.24,13674.2,0.14739506689702245,2,February,2025Q1
O000928,2025-02-20,C0151,P0092,S014,7,0.0,125771.52,83962.34,41809.18,0.33242168020232243,2,February,2025Q1
O000959,2025-02-20,C0555,P0022,S010,3,0.0,80315.52,52066.86,28248.66,0.3517210621309555,2,February,2025Q1
O001066,2025-02-20,C0122,P0010,S012,1,0.15,1452.33,1232.55,219.78,0.15132924335378323,2,February,2025Q1
O001270,2025-02-20,C0919,P0007,S006,6,0.1,101327.0,78648.36,22678.64,0.22381635694336158,2,February,2025Q1
O002021,2025-02-20,C0550,P0113,S002,6,0.2,45548.3,41210.1,4338.2,0.09524394982908252,2,February,2025Q1
O002503,2025-02-20,C0177,P0050,S018,2,0.0,38213.02,29787.68,8425.34,0.2204834896587603,2,February,2025Q1
O002750,2025-02-20,C0279,P0111,S022,5,0.2,105204.52,98086.5,7118.02,0.06765888005572385,2,February,2025Q1
O003297,2025-02-20,C0036,P0001,S007,1,0.1,5433.5,4095.31,1338.19,0.246285083279654,2,February,2025Q1
O004036,2025-02-20,C0837,P0013,S002,3,0.0,27654.66,18431.52,9223.14,0.33351124186665104,2,February,2025Q1
O004091,2025-02-20,C0350,P0047,S009,3,0.1,1763.07,1618.77,144.3,0.0818458711225306,2,February,2025Q1
O004100,2025-02-20,C0499,P0041,S010,4,0.15,126100.7,102210.24,23890.46,0.18945541142911973,2,February,2025Q1
O004605,2025-02-20,C0524,P0099,S005,1,0.2,15715.32,14636.92,1078.4,0.0686209380400781,2,February,2025Q1
O004884,2025-02-20,C0386,P0019,S006,6,0.1,173565.94,145787.34,27778.6,0.16004637776282604,2,February,2025Q1
O005165,2025-02-20,C0608,P0071,S008,7,0.15,39727.02,32925.83,6801.19,0.17119809137458586,2,February,2025Q1
O005459,2025-02-20,C0819,P0094,S007,7,0.0,105034.44,71878.87,33155.57,0.31566379560837377,2,February,2025Q1
O005548,2025-02-20,C0670,P0053,S013,1,0.0,27242.97,24016.0,3226.97,0.11845147573851161,2,February,2025Q1
O000315,2025-02-19,C0536,P0085,S003,1,0.0,25236.19,18767.13,6469.06,0.25634059657975317,2,February,2025Q1
O001121,2025-02-19,C0817,P0107,S022,3,0.2,53933.02,53067.09,865.93,0.01605565570034832,2,February,2025Q1
O001616,2025-02-19,C0842,P0038,S019,8,0.2,188496.58,160262.72,28233.86,0.1497844682380975,2,February,2025Q1
O001758,2025-02-19,C0212,P0071,S017,3,0.0,20030.43,14111.07,5919.36,0.29551836880186794,2,February,2025Q1
O001866,2025-02-19,C0879,P0070,S009,4,0.2,38120.22,32197.36,5922.86,0.15537318514950857,2,February,2025Q1
O002124,2025-02-19,C0685,P0110,S011,5,0.0,179984.0,128709.55,51274.45,0.2848833785225353,2,February,2025Q1
O002212,2025-02-19,C0319,P0046,S006,7,0.05,192257.35,141167.11,51090.24,0.265738813106495,2,February,2025Q1
O002297,2025-02-19,C0806,P0009,S003,1,0.0,33763.73,27267.47,6496.26,0.19240350518144766,2,February,2025Q1
O002306,2025-02-19,C0774,P0006,S005,7,0.1,12227.61,10306.45,1921.16,0.15711655834623448,2,February,2025Q1
O002538,2025-02-19,C0948,P0096,S022,7,0.0,45294.62,29432.83,15861.79,0.35019147969449793,2,February,2025Q1
O002700,2025-02-19,C0609,P0067,S018,2,0.15,35271.4,29550.18,5721.22,0.16220563969675147,2,February,2025Q1
O002765,2025-02-19,C0038,P0033,S001,7,0.0,208413.52,148366.61,60046.91,0.28811427396840666,2,February,2025Q1
O002774,2025-02-19,C0643,P0074,S001,5,0.0,85575.05,63376.2,22198.85,0.2594079699632077,2,February,2025Q1
O003435,2025-02-19,C0527,P0018,S006,8,0.0,12609.28,8585.92,4023.36,0.31907928129123947,2,February,2025Q1
O003775,2025-02-19,C0572,P0034,S025,4,0.1,46353.96,40918.08,5435.88,0.11726894530693818,2,February,2025Q1
O003793,2025-02-19,C0869,P0106,S008,4,0.05,59058.76,45198.04,13860.72,0.2346937185948367,2,February,2025Q1
O004379,2025-02-19,C0014,P0007,S016,8,0.1,135102.67,104864.48,30238.19,0.22381637609382551,2,February,2025Q1
O004745,2025-02-19,C0363,P0111,S008,2,0.0,52602.26,39234.6,13367.66,0.25412710404457906,2,February,2025Q1
O005523,2025-02-19,C0813,P0040,S020,3,0.05,1027.6,760.74,266.86,0.2596924873491631,2,February,2025Q1
O000292,2025-02-18,C0534,P0086,S007,8,0.1,106964.71,100403.04,6561.67,0.061344250828146964,2,February,2025Q1
O001130,2025-02-18,C0615,P0042,S021,7,0.2,39597.54,39382.28,215.26,0.005436196288961384,2,February,2025Q1
O001240,2025-02-18,C0814,P0076,S006,7,0.1,243682.36,189719.32,53963.04,0.22144828209969733,2,February,2025Q1
O001429,2025-02-18,C0466,P0041,S006,5,0.0,185442.2,127762.8,57679.4,0.31103707786037915,2,February,2025Q1
O001833,2025-02-18,C0551,P0059,S011,2,0.0,4534.34,3591.92,942.42,0.20784061186413016,2,February,2025Q1
O002160,2025-02-18,C0121,P0098,S008,6,0.15,103098.8,80178.9,22919.9,0.2223100559851327,2,February,2025Q1
O002546,2025-02-18,C0253,P0109,S014,4,0.0,55787.92,46878.64,8909.28,0.15969908897840251,2,February,2025Q1
O002710,2025-02-18,C0999,P0034,S025,6,0.05,73393.77,61377.12,12016.65,0.16372847450130984,2,February,2025Q1
O002851,2025-02-18,C0473,P0065,S014,1,0.0,3736.03,3090.21,645.82,0.172862637612653,2,February,2025Q1
O004484,2025-02-18,C0258,P0089,S001,2,0.1,58533.57,52722.46,5811.11,0.09927824323717141,2,February,2025Q1
O004706,2025-02-18,C0099,P0038,S005,1,0.1,26507.33,20032.84,6474.49,0.24425281610784638,2,February,2025Q1
O004709,2025-02-18,C0881,P0052,S014,4,0.0,110969.32,91182.64,19786.68,0.17830766197359774,2,February,2025Q1
O005228,2025-02-18,C0084,P0070,S015,3,0.0,35737.71,24148.02,11589.69,0.32429861902175605,2,February,2025Q1
O005453,2025-02-18,C0923,P0050,S011,6,0.1,103175.15,89363.04,13812.11,0.13387051048629445,2,February,2025Q1
O000045,2025-02-17,C0382,P0105,S011,3,0.0,54740.61,36086.64,18653.97,0.3407702252495908,2,February,2025Q1
O000543,2025-02-17,C0059,P0077,S022,4,0.15,134580.06,108134.24,26445.82,0.19650622833724402,2,February,2025Q1
O000658,2025-02-17,C0335,P0008,S020,4,0.15,51432.34,46421.36,5010.98,0.0974285828721773,2,February,2025Q1
O000929,2025-02-17,C0064,P0055,S005,8,0.0,253633.52,213282.8,40350.72,0.1590906438549605,2,February,2025Q1
O001422,2025-02-17,C0976,P0092,S008,4,0.2,57495.55,47978.48,9517.07,0.16552707122551222,2,February,2025Q1
O001452,2025-02-17,C0917,P0116,S014,6,0.05,70502.79,55223.52,15279.27,0.21671865751695787,2,February,2025Q1
O001680,2025-02-17,C0603,P0002,S008,7,0.2,148529.58,132880.09,15649.49,0.10536278362868864,2,February,2025Q1
O001919,2025-02-17,C0348,P0050,S021,3,0.1,51587.58,44681.52,6906.06,0.1338705944337765,2,February,2025Q1
O002068,2025-02-17,C0998,P0072,S025,2,0.15,50171.54,40221.22,9950.32,0.19832598321677986,2,February,2025Q1
O002570,2025-02-17,C0636,P0007,S019,3,0.05,53478.14,39324.18,14153.96,0.26466814290848556,2,February,2025Q1
O002865,2025-02-17,C0262,P0120,S002,5,0.0,61265.85,49445.4,11820.45,0.19293701140194744,2,February,2025Q1
O003167,2025-02-17,C0849,P0108,S006,4,0.1,114809.72,90076.16,24733.56,0.21543088860420528,2,February,2025Q1
O003324,2025-02-17,C0624,P0092,S019,7,0.0,125771.52,83962.34,41809.18,0.33242168020232243,2,February,2025Q1
O003447,2025-02-17,C0428,P0043,S002,7,0.05,149193.61,134830.29,14363.32,0.09627302402562685,2,February,2025Q1
O003969,2025-02-17,C0394,P0073,S025,3,0.0,24001.5,20939.64,3061.86,0.12756952690456846,2,February,2025Q1
O004222,2025-02-17,C0089,P0076,S008,7,0.0,270758.18,189719.32,81038.86,0.29930345964062843,2,February,2025Q1
O004582,2025-02-17,C0832,P0068,S025,2,0.1,35441.51,32829.92,2611.59,0.07368732314170587,2,February,2025Q1
O004619,2025-02-17,C0538,P0062,S020,4,0.15,54917.28,47633.96,7283.32,0.13262346569240138,2,February,2025Q1
O004694,2025-02-17,C0961,P0009,S009,4,0.1,121549.43,109069.88,12479.55,0.10267057607756779,2,February,2025Q1
O004726,2025-02-17,C0343,P0089,S006,7,0.1,204867.5,184528.61,20338.89,0.0992782652202033,2,February,2025Q1
O004788,2025-02-17,C0123,P0017,S018,8,0.2,59792.77,66071.84,-6279.07,-0.10501386706118482,2,February,2025Q1
O005921,2025-02-17,C0268,P0090,S003,4,0.05,79208.3,73388.28,5820.02,0.07347740072694402,2,February,2025Q1
O000777,2025-02-16,C0244,P0077,S004,6,0.05,225619.51,162201.36,63418.15,0.2810845125937912,2,February,2025Q1
O001793,2025-02-16,C0800,P0091,S011,6,0.15,31617.55,26920.86,4696.69,0.14854693042313524,2,February,2025Q1
O001876,2025-02-16,C0187,P0094,S003,3,0.05,42764.02,30805.23,11958.79,0.27964606695067495,2,February,2025Q1
O001979,2025-02-16,C0975,P0048,S001,7,0.15,54471.18,54938.87,-467.69,-0.008586008234079012,2,February,2025Q1
O002230,2025-02-16,C0680,P0084,S011,7,0.15,141346.0,109806.97,31539.03,0.2231335163358001,2,February,2025Q1
O002845,2025-02-16,C0097,P0092,S020,8,0.15,122178.05,95956.96,26221.09,0.21461375427091856,2,February,2025Q1
O003869,2025-02-16,C0376,P0082,S010,8,0.2,89200.77,77828.24,11372.53,0.1274936303800965,2,February,2025Q1
O004084,2025-02-16,C0096,P0001,S011,1,0.0,6037.22,4095.31,1941.91,0.3216563252622896,2,February,2025Q1
O004640,2025-02-16,C0385,P0110,S024,6,0.0,215980.8,154451.46,61529.34,0.2848833785225353,2,February,2025Q1
O000806,2025-02-15,C0982,P0048,S006,2,0.0,18309.64,15696.82,2612.82,0.1427018772624694,2,February,2025Q1
O000977,2025-02-15,C0405,P0090,S004,3,0.2,50026.3,55041.21,-5014.91,-0.10024547088231589,2,February,2025Q1
O001471,2025-02-15,C0666,P0003,S020,7,0.0,81394.6,55390.02,26004.58,0.31948777928756944,2,February,2025Q1
O002171,2025-02-15,C0342,P0046,S020,4,0.05,109861.34,80666.92,29194.42,0.26573879401070477,2,February,2025Q1
O002210,2025-02-15,C0097,P0052,S019,7,0.1,174776.68,159569.62,15207.06,0.08700851852775782,2,February,2025Q1
O002562,2025-02-15,C0448,P0033,S012,4,0.05,113138.77,84780.92,28357.85,0.25064661742389455,2,February,2025Q1
O003004,2025-02-15,C0334,P0038,S015,2,0.05,55959.92,40065.68,15894.24,0.2840289978970663,2,February,2025Q1
O003157,2025-02-15,C0421,P0008,S006,1,0.2,12101.73,11605.34,496.39,0.04101810237048752,2,February,2025Q1
O003174,2025-02-15,C0810,P0075,S014,2,0.05,66636.08,52946.58,13689.5,0.20543675438291087,2,February,2025Q1
O003584,2025-02-15,C0430,P0105,S007,7,0.05,121341.69,84202.16,37139.53,0.30607394704985563,2,February,2025Q1
O004002,2025-02-15,C0741,P0113,S024,3,0.0,28467.69,20605.05,7862.64,0.2761952234269799,2,February,2025Q1
O004044,2025-02-15,C0827,P0036,S002,1,0.0,13749.65,9655.05,4094.6,0.29779667118799386,2,February,2025Q1
O000127,2025-02-14,C0289,P0098,S015,7,0.1,127357.34,93542.05,33815.29,0.2655150460900016,2,February,2025Q1
O000426,2025-02-14,C0051,P0014,S014,3,0.0,83485.68,56989.44,26496.24,0.3173746683263525,2,February,2025Q1
O000868,2025-02-14,C0129,P0018,S001,4,0.0,6304.64,4292.96,2011.68,0.31907928129123947,2,February,2025Q1
O001278,2025-02-14,C0971,P0040,S014,6,0.0,2163.36,1521.48,641.88,0.2967051253605502,2,February,2025Q1
O001389,2025-02-14,C0241,P0047,S001,4,0.0,2611.96,2158.36,453.6,0.17366269008713764,2,February,2025Q1
O002492,2025-02-14,C0270,P0113,S022,6,0.1,51241.84,41210.1,10031.74,0.1957724390849353,2,February,2025Q1
O002690,2025-02-14,C0065,P0021,S005,6,0.0,146482.8,118647.36,27835.44,0.1900253135521713,2,February,2025Q1
O003003,2025-02-14,C0859,P0047,S007,7,0.05,4342.38,3777.13,565.25,0.13017055163297547,2,February,2025Q1
O003316,2025-02-14,C0136,P0056,S023,6,0.1,235150.72,169599.96,65550.76,0.27876061787095524,2,February,2025Q1
O003491,2025-02-14,C0835,P0044,S006,7,0.15,69103.0,70481.74,-1378.74,-0.019951955776160223,2,February,2025Q1
O003994,2025-02-14,C0164,P0080,S004,3,0.15,50492.78,38449.71,12043.07,0.23851073361379588,2,February,2025Q1
O004784,2025-02-14,C0810,P0064,S004,4,0.0,137502.0,99008.56,38493.44,0.27994821893499733,2,February,2025Q1
O004898,2025-02-14,C0842,P0090,S021,6,0.1,112559.17,110082.42,2476.75,0.02200398243874755,2,February,2025Q1
O005060,2025-02-14,C0747,P0084,S013,3,0.1,64140.2,47060.13,17080.07,0.2662927462028494,2,February,2025Q1
O005486,2025-02-14,C0991,P0088,S003,5,0.15,145173.8,117152.15,28021.65,0.19302139917808864,2,February,2025Q1
O005940,2025-02-14,C0876,P0030,S001,1,0.2,9909.85,10354.62,-444.77,-0.0448816076933556,2,February,2025Q1
O000352,2025-02-13,C0409,P0065,S014,3,0.0,11208.09,9270.63,1937.46,0.172862637612653,2,February,2025Q1
O000527,2025-02-13,C0991,P0019,S020,3,0.1,86782.97,72893.67,13889.3,0.16004637776282604,2,February,2025Q1
O001442,2025-02-13,C0185,P0094,S004,7,0.1,94531.0,71878.87,22652.13,0.23962647173942941,2,February,2025Q1
O001606,2025-02-13,C0305,P0073,S021,8,0.15,54403.4,55839.04,-1435.64,-0.02638879187697828,2,February,2025Q1
O002310,2025-02-13,C0908,P0048,S003,3,0.0,27464.46,23545.23,3919.23,0.14270187726246938,2,February,2025Q1
O002808,2025-02-13,C0559,P0105,S005,8,0.05,138676.21,96231.04,42445.17,0.3060739113074982,2,February,2025Q1
O002969,2025-02-13,C0291,P0045,S015,8,0.0,62465.2,41624.4,20840.8,0.33363856995575136,2,February,2025Q1
O003107,2025-02-13,C0442,P0055,S019,1,0.1,28533.77,26660.35,1873.42,0.0656562382047658,2,February,2025Q1
O003462,2025-02-13,C0585,P0066,S013,6,0.05,95422.45,85874.46,9547.99,0.10006020595782229,2,February,2025Q1
O003621,2025-02-13,C0075,P0029,S018,6,0.0,2002.74,1322.22,680.52,0.33979448156026243,2,February,2025Q1
O003978,2025-02-13,C0326,P0012,S022,6,0.2,12009.22,12103.08,-93.86,-0.00781566163331174,2,February,2025Q1
O004356,2025-02-13,C0159,P0017,S013,1,0.0,9342.62,8258.98,1083.64,0.11598887678188774,2,February,2025Q1
O004489,2025-02-13,C0337,P0108,S009,6,0.0,191349.54,135114.24,56235.3,0.2938878243449135,2,February,2025Q1
O004693,2025-02-13,C0320,P0027,S019,2,0.05,23794.38,18819.56,4974.82,0.2090754203303469,2,February,2025Q1
O004972,2025-02-13,C0583,P0074,S016,7,0.1,107824.56,88726.68,19097.88,0.17711994373081608,2,February,2025Q1
O005158,2025-02-13,C0908,P0005,S022,3,0.2,96292.32,81513.96,14778.36,0.15347392190779077,2,February,2025Q1
O005339,2025-02-13,C0023,P0099,S003,3,0.1,53039.2,43910.76,9128.44,0.17210742243472754,2,February,2025Q1
O005569,2025-02-13,C0991,P0028,S008,6,0.0,51954.54,42793.08,9161.46,0.1763360815051004,2,February,2025Q1
O005746,2025-02-13,C0736,P0035,S021,1,0.0,41581.78,28471.07,13110.71,0.31529939314767186,2,February,2025Q1
O000262,2025-02-12,C0107,P0034,S020,3,0.0,38628.3,30688.56,7939.74,0.20554205077624435,2,February,2025Q1
O000617,2025-02-12,C0572,P0097,S001,7,0.0,74835.95,57601.04,17234.91,0.23030254844095652,2,February,2025Q1
O000860,2025-02-12,C0427,P0113,S023,5,0.05,45073.84,34341.75,10732.09,0.23810019292787127,2,February,2025Q1
O001110,2025-02-12,C0562,P0085,S008,8,0.0,201889.52,150137.04,51752.48,0.25634059657975317,2,February,2025Q1
O001349,2025-02-12,C0970,P0091,S018,5,0.2,24798.08,22434.05,2364.03,0.09533117080032003,2,February,2025Q1
O001388,2025-02-12,C0595,P0092,S014,4,0.2,57495.55,47978.48,9517.07,0.16552707122551222,2,February,2025Q1
O001436,2025-02-12,C0699,P0053,S017,8,0.05,207046.57,192128.0,14918.57,0.07205417602426352,2,February,2025Q1
O001546,2025-02-12,C0362,P0072,S008,4,0.2,94440.54,80442.44,13998.1,0.14822130411367831,2,February,2025Q1
O002112,2025-02-12,C0762,P0013,S023,7,0.05,61301.16,43006.88,18294.28,0.29843285184162904,2,February,2025Q1
O002313,2025-02-12,C0364,P0078,S016,1,0.15,4650.09,3784.4,865.69,0.1861662892546166,2,February,2025Q1
O002631,2025-02-12,C0816,P0095,S001,3,0.15,96129.39,75950.49,20178.9,0.2099139503537888,2,February,2025Q1
O003079,2025-02-12,C0216,P0088,S019,8,0.0,273268.32,187443.44,85824.88,0.3140681656768703,2,February,2025Q1
O003377,2025-02-12,C0683,P0018,S006,8,0.05,11978.82,8585.92,3392.9,0.28324158806960953,2,February,2025Q1
O003728,2025-02-12,C0518,P0044,S021,2,0.2,18582.32,20137.64,-1555.32,-0.08369891380624163,2,February,2025Q1
O004646,2025-02-12,C0944,P0081,S016,5,0.2,166312.48,149593.1,16719.38,0.10052991813963691,2,February,2025Q1
O004907,2025-02-12,C0293,P0109,S005,5,0.0,69734.9,58598.3,11136.6,0.15969908897840251,2,February,2025Q1
O005047,2025-02-12,C0144,P0018,S022,7,0.15,9378.15,7512.68,1865.47,0.19891663067875862,2,February,2025Q1
O005418,2025-02-12,C0341,P0113,S021,6,0.05,54088.61,41210.1,12878.51,0.238100221100154,2,February,2025Q1
O000625,2025-02-11,C0636,P0113,S011,1,0.15,8065.85,6868.35,1197.5,0.1484654438155929,2,February,2025Q1
O001052,2025-02-11,C0804,P0061,S022,2,0.0,49630.32,39771.64,9858.68,0.19864228157303843,2,February,2025Q1
O001600,2025-02-11,C0298,P0029,S002,8,0.05,2536.8,1762.96,773.84,0.3050457269000315,2,February,2025Q1
O002332,2025-02-11,C0191,P0012,S023,2,0.0,5003.84,4034.36,969.48,0.19374720214874977,2,February,2025Q1
O002915,2025-02-11,C0685,P0025,S020,6,0.0,8873.34,6243.36,2629.98,0.29639121232816507,2,February,2025Q1
O003458,2025-02-11,C0821,P0112,S007,2,0.1,68874.88,54726.32,14148.56,0.20542409656466912,2,February,2025Q1
O004402,2025-02-11,C0824,P0070,S001,4,0.15,40502.74,32197.36,8305.38,0.20505723810290363,2,February,2025Q1
O004738,2025-02-11,C0161,P0083,S015,7,0.0,106312.15,82357.45,23954.7,0.2253241985981847,2,February,2025Q1
O005320,2025-02-11,C0027,P0098,S007,5,0.2,80861.8,66815.75,14046.05,0.17370439441120528,2,February,2025Q1
O005376,2025-02-11,C0089,P0071,S004,6,0.15,34051.73,28222.14,5829.59,0.17119805660387885,2,February,2025Q1
O005596,2025-02-11,C0267,P0049,S022,3,0.0,50372.91,35102.79,15270.12,0.3031415099901911,2,February,2025Q1
O000511,2025-02-10,C0146,P0094,S024,5,0.1,67522.14,51342.05,16180.09,0.23962643956485977,2,February,2025Q1
O000863,2025-02-10,C0765,P0078,S009,2,0.1,9847.26,7568.8,2278.46,0.23138009964193085,2,February,2025Q1
O001147,2025-02-10,C0437,P0093,S015,5,0.0,169964.35,112116.7,57847.65,0.34035166786446686,2,February,2025Q1
O001943,2025-02-10,C0346,P0119,S021,5,0.1,17667.09,17107.6,559.49,0.031668486434381665,2,February,2025Q1
O002334,2025-02-10,C0397,P0042,S021,4,0.1,25455.56,22504.16,2951.4,0.1159432359767375,2,February,2025Q1
O002567,2025-02-10,C0538,P0120,S009,8,0.0,98025.36,79112.64,18912.72,0.1929370114019474,2,February,2025Q1
O002615,2025-02-10,C0686,P0059,S011,6,0.1,12242.72,10775.76,1466.96,0.11982304585909015,2,February,2025Q1
O003205,2025-02-10,C0454,P0035,S014,2,0.0,83163.56,56942.14,26221.42,0.31529939314767186,2,February,2025Q1
O003481,2025-02-10,C0724,P0107,S012,8,0.1,161799.05,141512.24,20286.81,0.12538275101120805,2,February,2025Q1
O003504,2025-02-10,C0378,P0094,S018,8,0.0,120039.36,82147.28,37892.08,0.3156637956083738,2,February,2025Q1
O003589,2025-02-10,C0113,P0113,S021,6,0.0,56935.38,41210.1,15725.28,0.2761952234269799,2,February,2025Q1
O004395,2025-02-10,C0747,P0095,S004,6,0.1,203568.12,151900.98,51667.14,0.2538076197785783,2,February,2025Q1
O004415,2025-02-10,C0095,P0026,S022,3,0.1,18293.18,13303.95,4989.23,0.2727371621555137,2,February,2025Q1
O004783,2025-02-10,C0332,P0101,S016,2,0.2,28850.22,30605.0,-1754.78,-0.06082379961054023,2,February,2025Q1
O004861,2025-02-10,C0466,P0091,S005,5,0.0,30997.6,22434.05,8563.55,0.27626493664025603,2,February,2025Q1
O005123,2025-02-10,C0817,P0093,S024,2,0.0,67985.74,44846.68,23139.06,0.34035166786446686,2,February,2025Q1
O005132,2025-02-10,C0489,P0086,S010,6,0.05,84680.4,75302.28,9378.12,0.1107472331259654,2,February,2025Q1
O005728,2025-02-10,C0530,P0119,S018,4,0.2,12563.26,13686.08,-1122.82,-0.0893732996053572,2,February,2025Q1
O000341,2025-02-09,C0741,P0042,S016,3,0.1,19091.67,16878.12,2213.55,0.11594323597673752,2,February,2025Q1
O000637,2025-02-09,C0112,P0022,S009,2,0.2,42834.94,34711.24,8123.7,0.18965125199194863,2,February,2025Q1
O000835,2025-02-09,C0253,P0099,S016,2,0.05,37323.88,29273.84,8050.04,0.21568068485913042,2,February,2025Q1
O001104,2025-02-09,C0774,P0014,S017,6,0.1,150274.22,113978.88,36295.34,0.24152738906247523,2,February,2025Q1
O001375,2025-02-09,C0631,P0043,S004,6,0.0,134610.78,115568.82,19041.96,0.14145939871977564,2,February,2025Q1
O001547,2025-02-09,C0077,P0064,S002,4,0.0,137502.0,99008.56,38493.44,0.27994821893499733,2,February,2025Q1
O001682,2025-02-09,C0059,P0017,S015,3,0.05,26626.47,24776.94,1849.53,0.06946208040344815,2,February,2025Q1
O001685,2025-02-09,C0079,P0033,S018,4,0.1,107184.1,84780.92,22403.18,0.2090158894836081,2,February,2025Q1
O001941,2025-02-09,C0335,P0048,S002,3,0.15,23344.79,23545.23,-200.44,-0.00858606995393833,2,February,2025Q1
O003697,2025-02-09,C0382,P0096,S010,2,0.2,10353.06,8409.38,1943.68,0.18773966344249915,2,February,2025Q1
O004122,2025-02-09,C0601,P0091,S001,4,0.15,21078.37,17947.24,3131.13,0.1485470650719197,2,February,2025Q1
O004512,2025-02-09,C0264,P0077,S023,7,0.0,277076.59,189234.92,87841.67,0.3170302839370154,2,February,2025Q1
O004622,2025-02-09,C0319,P0009,S010,8,0.0,270109.84,218139.76,51970.08,0.19240350518144766,2,February,2025Q1
O005187,2025-02-09,C0903,P0097,S022,7,0.15,63610.56,57601.04,6009.52,0.094473621989808,2,February,2025Q1
O005238,2025-02-09,C0505,P0028,S021,6,0.1,46759.09,42793.08,3966.01,0.08481794662813157,2,February,2025Q1
O005375,2025-02-09,C0081,P0077,S023,7,0.05,263222.76,189234.92,73987.84,0.28108450804178176,2,February,2025Q1
O005378,2025-02-09,C0320,P0094,S010,8,0.1,108035.42,82147.28,25888.14,0.2396264114121091,2,February,2025Q1
O005723,2025-02-09,C0440,P0108,S007,8,0.0,255132.72,180152.32,74980.4,0.29388782434491345,2,February,2025Q1
O005798,2025-02-09,C0314,P0025,S022,4,0.2,4732.45,4162.24,570.21,0.12048938710393138,2,February,2025Q1
O005861,2025-02-09,C0308,P0047,S002,4,0.0,2611.96,2158.36,453.6,0.17366269008713764,2,February,2025Q1
O000039,2025-02-08,C0741,P0093,S004,5,0.2,135971.48,112116.7,23854.78,0.17543958483058356,2,February,2025Q1
O000547,2025-02-08,C0655,P0059,S009,7,0.2,12696.15,12571.72,124.43,0.009800608845988745,2,February,2025Q1
O001288,2025-02-08,C0376,P0108,S005,6,0.0,191349.54,135114.24,56235.3,0.2938878243449135,2,February,2025Q1
O001766,2025-02-08,C0335,P0021,S017,6,0.05,139158.66,118647.36,20511.3,0.14739506689702242,2,February,2025Q1
O002327,2025-02-08,C0182,P0048,S003,3,0.15,23344.79,23545.23,-200.44,-0.00858606995393833,2,February,2025Q1
O002512,2025-02-08,C0444,P0077,S001,7,0.0,277076.59,189234.92,87841.67,0.3170302839370154,2,February,2025Q1
O002673,2025-02-08,C0822,P0103,S009,7,0.0,70346.43,53443.67,16902.76,0.24027885992224482,2,February,2025Q1
O003300,2025-02-08,C0340,P0003,S023,1,0.1,10465.02,7912.86,2552.16,0.2438753103195216,2,February,2025Q1
O004079,2025-02-08,C0834,P0002,S011,4,0.0,106092.56,75931.48,30161.08,0.2842902461774888,2,February,2025Q1
O004174,2025-02-08,C0493,P0059,S010,6,0.05,12922.87,10775.76,2147.11,0.16614807701385217,2,February,2025Q1
O004219,2025-02-08,C0052,P0095,S025,2,0.15,64086.26,50633.66,13452.6,0.2099139503537888,2,February,2025Q1
O004317,2025-02-08,C0430,P0070,S001,7,0.15,70879.79,56345.38,14534.41,0.20505718202607542,2,February,2025Q1
O005166,2025-02-08,C0806,P0042,S015,4,0.2,22627.17,22504.16,123.01,0.005436384664984618,2,February,2025Q1
O005689,2025-02-08,C0940,P0062,S002,2,0.15,27458.64,23816.98,3641.66,0.13262346569240138,2,February,2025Q1
O005786,2025-02-08,C0601,P0012,S008,6,0.0,15011.52,12103.08,2908.44,0.19374720214874977,2,February,2025Q1
O000549,2025-02-07,C0284,P0100,S002,7,0.1,116455.25,108885.28,7569.97,0.06500325232224395,2,February,2025Q1
O001648,2025-02-07,C0453,P0098,S012,1,0.0,20215.45,13363.15,6852.3,0.33896351552896425,2,February,2025Q1
O002022,2025-02-07,C0202,P0062,S004,8,0.0,129217.12,95267.92,33949.2,0.2627298921381315,2,February,2025Q1
O003313,2025-02-07,C0373,P0004,S012,7,0.0,59616.06,42650.72,16965.34,0.28457667279588755,2,February,2025Q1
O003405,2025-02-07,C0506,P0028,S013,6,0.05,49356.81,42793.08,6563.73,0.13298529625395158,2,February,2025Q1
O003664,2025-02-07,C0466,P0110,S002,8,0.05,273575.68,205935.28,67640.4,0.24724566160266875,2,February,2025Q1
O005465,2025-02-07,C0604,P0092,S025,2,0.05,34137.98,23989.24,10148.74,0.297285896822249,2,February,2025Q1
O000119,2025-02-06,C0765,P0088,S005,1,0.1,30742.69,23430.43,7312.26,0.23785361658332438,2,February,2025Q1
O000355,2025-02-06,C0273,P0100,S014,6,0.2,88727.81,93330.24,-4602.43,-0.05187133549222054,2,February,2025Q1
O000469,2025-02-06,C0319,P0079,S011,8,0.0,342494.0,233364.08,109129.92,0.3186330855431044,2,February,2025Q1
O000503,2025-02-06,C0664,P0003,S005,8,0.2,74417.92,63302.88,11115.04,0.14935972410946183,2,February,2025Q1
O001431,2025-02-06,C0184,P0091,S025,8,0.05,47116.35,35894.48,11221.87,0.23817358517796902,2,February,2025Q1
O001670,2025-02-06,C0973,P0054,S020,2,0.15,15808.01,15963.22,-155.21,-0.00981844014521752,2,February,2025Q1
O002147,2025-02-06,C0902,P0097,S024,6,0.05,60937.84,49372.32,11565.52,0.18979208977541706,2,February,2025Q1
O003214,2025-02-06,C0486,P0011,S014,1,0.0,11666.8,8994.13,2672.67,0.22908338190420682,2,February,2025Q1
O003354,2025-02-06,C0037,P0034,S011,1,0.0,12876.1,10229.52,2646.58,0.20554205077624435,2,February,2025Q1
O003391,2025-02-06,C0556,P0039,S021,2,0.0,55034.4,44146.1,10888.3,0.19784534763711423,2,February,2025Q1
O004701,2025-02-06,C0382,P0034,S006,4,0.0,51504.4,40918.08,10586.32,0.20554205077624435,2,February,2025Q1
O004792,2025-02-06,C0245,P0071,S003,1,0.2,5341.45,4703.69,637.76,0.11939829072630091,2,February,2025Q1
O005860,2025-02-06,C0251,P0112,S015,4,0.1,137749.75,109452.64,28297.11,0.20542403888210323,2,February,2025Q1
O000281,2025-02-05,C0187,P0018,S010,2,0.2,2521.86,2146.48,375.38,0.14885045165076569,2,February,2025Q1
O000551,2025-02-05,C0504,P0119,S007,7,0.0,27482.14,23950.64,3531.5,0.1285016377909435,2,February,2025Q1
O001086,2025-02-05,C0934,P0050,S010,4,0.0,76426.04,59575.36,16850.68,0.2204834896587603,2,February,2025Q1
O001090,2025-02-05,C0399,P0116,S007,3,0.0,37106.73,27611.76,9494.97,0.2558826929777967,2,February,2025Q1
O001986,2025-02-05,C0008,P0096,S002,7,0.15,38500.43,29432.83,9067.6,0.23551944744513245,2,February,2025Q1
O002537,2025-02-05,C0285,P0014,S018,5,0.0,139142.8,94982.4,44160.4,0.3173746683263525,2,February,2025Q1
O003025,2025-02-05,C0214,P0001,S011,6,0.1,32600.99,24571.86,8029.13,0.24628485208578021,2,February,2025Q1
O003267,2025-02-05,C0733,P0112,S013,8,0.1,275499.5,218905.28,56594.22,0.20542403888210323,2,February,2025Q1
O003864,2025-02-05,C0928,P0044,S023,8,0.0,92911.6,80550.56,12361.04,0.1330408689550067,2,February,2025Q1
O003878,2025-02-05,C0837,P0091,S022,7,0.0,43396.64,31407.67,11988.97,0.27626493664025603,2,February,2025Q1
O004239,2025-02-05,C0485,P0042,S011,2,0.15,12020.68,11252.08,768.6,0.063939810393422,2,February,2025Q1
O004545,2025-02-05,C0789,P0066,S019,8,0.05,127229.93,114499.28,12730.65,0.10006018238004219,2,February,2025Q1
O005016,2025-02-05,C0407,P0091,S005,7,0.0,43396.64,31407.67,11988.97,0.27626493664025603,2,February,2025Q1
O005074,2025-02-05,C0977,P0106,S005,6,0.1,83925.61,67797.06,16128.55,0.1921767384234681,2,February,2025Q1
O005522,2025-02-05,C0157,P0074,S022,5,0.05,81296.3,63376.2,17920.1,0.22042946603965985,2,February,2025Q1
O005617,2025-02-05,C0756,P0111,S012,2,0.0,52602.26,39234.6,13367.66,0.25412710404457906,2,February,2025Q1
O005729,2025-02-05,C0183,P0039,S021,8,0.2,176110.08,176584.4,-474.32,-0.0026933154536071986,2,February,2025Q1
O000138,2025-02-04,C0257,P0013,S007,8,0.05,70058.47,49150.72,20907.75,0.29843286614737663,2,February,2025Q1
O000387,2025-02-04,C0571,P0069,S024,2,0.0,13123.8,11520.34,1603.46,0.12217955165424649,2,February,2025Q1
O001128,2025-02-04,C0907,P0028,S014,5,0.15,36801.13,35660.9,1140.23,0.03098355947222273,2,February,2025Q1
O001430,2025-02-04,C0287,P0074,S012,6,0.0,102690.06,76051.44,26638.62,0.25940796996320775,2,February,2025Q1
O001640,2025-02-04,C0939,P0108,S021,8,0.1,229619.45,180152.32,49467.13,0.21543092277243933,2,February,2025Q1
O002059,2025-02-04,C0892,P0101,S023,6,0.05,102778.92,91815.0,10963.92,0.10667479284662652,2,February,2025Q1
O002532,2025-02-04,C0194,P0104,S009,8,0.1,56454.98,49067.76,7387.22,0.13085152098185138,2,February,2025Q1
O003154,2025-02-04,C0729,P0106,S009,3,0.1,41962.81,33898.53,8064.28,0.19217683467813523,2,February,2025Q1
O003548,2025-02-04,C0876,P0083,S004,1,0.05,14428.08,11765.35,2662.73,0.18455192929343336,2,February,2025Q1
O003648,2025-02-04,C0970,P0103,S019,1,0.0,10049.49,7634.81,2414.68,0.2402788599222448,2,February,2025Q1
O003798,2025-02-04,C0952,P0092,S025,8,0.0,143738.88,95956.96,47781.92,0.33242168020232243,2,February,2025Q1
O003818,2025-02-04,C0362,P0102,S006,8,0.15,8692.17,8501.28,190.89,0.02196114434025105,2,February,2025Q1
O005048,2025-02-04,C0358,P0110,S025,5,0.1,161985.6,128709.55,33276.05,0.20542597613615038,2,February,2025Q1
O005761,2025-02-04,C0886,P0108,S021,5,0.05,151485.05,112595.2,38889.85,0.2567240133597342,2,February,2025Q1
O005980,2025-02-04,C0578,P0083,S005,5,0.2,60749.8,58826.75,1923.05,0.031655248247730854,2,February,2025Q1
O000117,2025-02-03,C0216,P0086,S021,4,0.2,47539.87,50201.52,-2661.65,-0.0559877424990855,2,February,2025Q1
O000398,2025-02-03,C0182,P0119,S015,8,0.2,25126.53,27372.16,-2245.63,-0.089372866050346,2,February,2025Q1
O000450,2025-02-03,C0993,P0020,S009,1,0.05,43838.95,29988.25,13850.7,0.3159450671149743,2,February,2025Q1
O000484,2025-02-03,C0349,P0027,S023,7,0.1,78897.17,65868.46,13028.71,0.16513532741415185,2,February,2025Q1
O000745,2025-02-03,C0890,P0040,S004,6,0.0,2163.36,1521.48,641.88,0.2967051253605502,2,February,2025Q1
O001047,2025-02-03,C0122,P0019,S005,4,0.0,128567.36,97191.56,31375.8,0.2440417225647318,2,February,2025Q1
O001565,2025-02-03,C0545,P0013,S009,4,0.15,31341.95,24575.36,6766.59,0.2158956287021069,2,February,2025Q1
O002106,2025-02-03,C0116,P0061,S015,7,0.15,147650.2,139200.74,8449.46,0.057226200844970064,2,February,2025Q1
O002270,2025-02-03,C0420,P0067,S018,1,0.15,17635.7,14775.09,2860.61,0.16220563969675147,2,February,2025Q1
O002435,2025-02-03,C0408,P0087,S013,1,0.0,34747.8,22799.65,11948.15,0.3438534238138817,2,February,2025Q1
O002640,2025-02-03,C0474,P0078,S009,3,0.2,13129.68,11353.2,1776.48,0.1353026120971722,2,February,2025Q1
O002822,2025-02-03,C0063,P0035,S002,2,0.1,74847.2,56942.14,17905.06,0.23922150728417366,2,February,2025Q1
O003147,2025-02-03,C0204,P0060,S019,8,0.2,192040.51,167811.68,24228.83,0.12616520337297585,2,February,2025Q1
O003827,2025-02-03,C0318,P0029,S007,7,0.0,2336.53,1542.59,793.94,0.33979448156026243,2,February,2025Q1
O003962,2025-02-03,C0171,P0026,S024,8,0.2,43361.6,35477.2,7884.4,0.18182908379764584,2,February,2025Q1
O004556,2025-02-03,C0844,P0078,S016,8,0.15,37200.76,30275.2,6925.56,0.18616716432675032,2,February,2025Q1
O004596,2025-02-03,C0329,P0064,S020,1,0.15,29219.18,24752.14,4467.04,0.15288040253011892,2,February,2025Q1
O004683,2025-02-03,C0259,P0119,S012,5,0.1,17667.09,17107.6,559.49,0.031668486434381665,2,February,2025Q1
O005296,2025-02-03,C0641,P0106,S018,4,0.15,52842.05,45198.04,7644.01,0.14465771104641095,2,February,2025Q1
O005751,2025-02-03,C0535,P0035,S005,4,0.0,166327.12,113884.28,52442.84,0.31529939314767186,2,February,2025Q1
O005889,2025-02-03,C0720,P0083,S018,1,0.05,14428.08,11765.35,2662.73,0.18455192929343336,2,February,2025Q1
O000568,2025-02-02,C0812,P0070,S021,5,0.1,53606.56,40246.7,13359.86,0.249220617775138,2,February,2025Q1
O000581,2025-02-02,C0124,P0036,S005,7,0.0,96247.55,67585.35,28662.2,0.29779667118799386,2,February,2025Q1
O000879,2025-02-02,C0275,P0115,S021,7,0.1,212276.67,179040.89,33235.78,0.15656821825968908,2,February,2025Q1
O001647,2025-02-02,C0064,P0079,S009,2,0.0,85623.5,58341.02,27282.48,0.3186330855431044,2,February,2025Q1
O001794,2025-02-02,C0671,P0007,S017,4,0.05,71304.19,52432.24,18871.95,0.2646681772838314,2,February,2025Q1
O001954,2025-02-02,C0627,P0037,S024,8,0.15,251354.93,213680.72,37674.21,0.14988450793465638,2,February,2025Q1
O002019,2025-02-02,C0928,P0116,S005,5,0.0,61844.55,46019.6,15824.95,0.25588269297779676,2,February,2025Q1
O002396,2025-02-02,C0950,P0009,S005,3,0.0,101291.19,81802.41,19488.78,0.19240350518144764,2,February,2025Q1
O002974,2025-02-02,C0737,P0081,S022,8,0.1,299362.46,239348.96,60013.5,0.20047102766325475,2,February,2025Q1
O003035,2025-02-02,C0130,P0026,S020,3,0.2,16260.6,13303.95,2956.65,0.18182908379764584,2,February,2025Q1
O004549,2025-02-02,C0464,P0003,S008,7,0.0,81394.6,55390.02,26004.58,0.31948777928756944,2,February,2025Q1
O005870,2025-02-02,C0993,P0006,S008,5,0.0,9704.45,7361.75,2342.7,0.24140471639299493,2,February,2025Q1
O000321,2025-02-01,C0370,P0072,S024,7,0.05,196259.26,140774.27,55484.99,0.282712723975419,2,February,2025Q1
O000878,2025-02-01,C0541,P0003,S014,6,0.15,59301.78,47477.16,11824.62,0.19939738739714055,2,February,2025Q1
O000909,2025-02-01,C0403,P0098,S002,3,0.15,51549.4,40089.45,11459.95,0.2223100559851327,2,February,2025Q1
O000966,2025-02-01,C0326,P0060,S018,7,0.0,210044.31,146835.22,63209.09,0.3009321699788011,2,February,2025Q1
O001320,2025-02-01,C0523,P0055,S021,1,0.05,30118.98,26660.35,3458.63,0.11483224199491485,2,February,2025Q1
O001669,2025-02-01,C0242,P0064,S003,1,0.05,32656.72,24752.14,7904.58,0.24205064072570667,2,February,2025Q1
O002097,2025-02-01,C0611,P0103,S007,5,0.05,47735.08,38174.05,9561.03,0.20029357864279268,2,February,2025Q1
O002382,2025-02-01,C0754,P0114,S007,5,0.0,202595.85,145086.65,57509.2,0.28386168818364244,2,February,2025Q1
O002954,2025-02-01,C0413,P0111,S016,4,0.1,94684.07,78469.2,16214.87,0.17125235533284533,2,February,2025Q1
O003124,2025-02-01,C0475,P0011,S007,1,0.1,10500.12,8994.13,1505.99,0.14342597989356312,2,February,2025Q1
O003513,2025-02-01,C0662,P0106,S002,6,0.0,93250.68,67797.06,25453.62,0.27295908190696305,2,February,2025Q1
O003607,2025-02-01,C0708,P0023,S004,8,0.0,347240.64,224553.12,122687.52,0.3533213163067549,2,February,2025Q1
O004381,2025-02-01,C0232,P0054,S003,3,0.0,27896.49,23944.83,3951.66,0.14165438017471013,2,February,2025Q1
O004771,2025-02-01,C0978,P0010,S014,8,0.15,11618.62,9860.4,1758.22,0.15132778247330578,2,February,2025Q1
O004997,2025-02-01,C0009,P0057,S003,3,0.0,133388.01,88683.69,44704.32,0.33514496542830197,2,February,2025Q1
O005894,2025-02-01,C0288,P0057,S010,7,0.1,280114.82,206928.61,73186.21,0.26127218117199225,2,February,2025Q1
O000301,2025-01-31,C0062,P0046,S021,3,0.2,69386.11,60500.19,8885.92,0.12806482450161855,1,January,2025Q1
O000921,2025-01-31,C0862,P0048,S009,6,0.0,54928.92,47090.46,7838.46,0.14270187726246938,1,January,2025Q1
O002345,2025-01-31,C0635,P0097,S014,2,0.2,17105.36,16457.44,647.92,0.037878185551195646,1,January,2025Q1
O002361,2025-01-31,C0362,P0014,S003,6,0.2,133577.09,113978.88,19598.21,0.14671834818380905,1,January,2025Q1
O003111,2025-01-31,C0128,P0003,S020,6,0.1,62790.12,47477.16,15312.96,0.2438753103195216,1,January,2025Q1
O003463,2025-01-31,C0311,P0075,S010,5,0.05,166590.2,132366.45,34223.75,0.20543675438291087,1,January,2025Q1
O003861,2025-01-31,C0707,P0068,S011,2,0.15,33472.54,32829.92,642.62,0.01919842354359723,1,January,2025Q1
O003925,2025-01-31,C0099,P0064,S008,3,0.05,97970.17,74256.42,23713.75,0.2420507180910271,1,January,2025Q1
O004020,2025-01-31,C0655,P0027,S012,1,0.0,12523.36,9409.78,3113.58,0.24862177562571067,1,January,2025Q1
O004437,2025-01-31,C0825,P0095,S008,1,0.0,37697.8,25316.83,12380.97,0.32842685780072045,1,January,2025Q1
O004534,2025-01-31,C0588,P0113,S005,7,0.0,66424.61,48078.45,18346.16,0.27619522342697983,1,January,2025Q1
O005110,2025-01-31,C0370,P0093,S002,3,0.15,86681.82,67270.02,19411.8,0.22394315209348395,1,January,2025Q1
O005374,2025-01-31,C0754,P0032,S010,6,0.1,204582.67,152550.78,52031.89,0.25433185518597445,1,January,2025Q1
O000910,2025-01-30,C0647,P0092,S022,5,0.1,80853.12,59973.1,20880.02,0.25824631133591386,1,January,2025Q1
O001163,2025-01-30,C0667,P0050,S014,4,0.0,76426.04,59575.36,16850.68,0.2204834896587603,1,January,2025Q1
O001351,2025-01-30,C0641,P0105,S001,6,0.0,109481.22,72173.28,37307.94,0.3407702252495908,1,January,2025Q1
O001711,2025-01-30,C0594,P0011,S009,6,0.0,70000.8,53964.78,16036.02,0.2290833819042068,1,January,2025Q1
O002152,2025-01-30,C0654,P0014,S025,5,0.2,111314.24,94982.4,16331.84,0.1467183354079406,1,January,2025Q1
O002625,2025-01-30,C0447,P0052,S014,3,0.1,74904.29,68386.98,6517.31,0.08700850111522318,1,January,2025Q1
O003015,2025-01-30,C0979,P0042,S025,7,0.1,44547.24,39382.28,5164.96,0.11594343443050568,1,January,2025Q1
O003479,2025-01-30,C0374,P0069,S008,4,0.0,26247.6,23040.68,3206.92,0.12217955165424649,1,January,2025Q1
O004042,2025-01-30,C0208,P0021,S002,4,0.0,97655.2,79098.24,18556.96,0.1900253135521713,1,January,2025Q1
O004129,2025-01-30,C0799,P0038,S006,6,0.0,176715.54,120197.04,56518.5,0.31982756015684866,1,January,2025Q1
O004883,2025-01-30,C0662,P0003,S006,6,0.1,62790.12,47477.16,15312.96,0.2438753103195216,1,January,2025Q1
O005038,2025-01-30,C0059,P0093,S002,1,0.15,28893.94,22423.34,6470.6,0.22394315209348398,1,January,2025Q1
O000090,2025-01-29,C0205,P0035,S025,3,0.05,118508.07,85413.21,33094.86,0.2792625008575365,1,January,2025Q1
O000842,2025-01-29,C0762,P0010,S018,7,0.0,11960.34,8627.85,3332.49,0.2786283667521157,1,January,2025Q1
O001015,2025-01-29,C0309,P0079,S021,7,0.0,299682.25,204193.57,95488.68,0.3186330855431044,1,January,2025Q1
O001624,2025-01-29,C0949,P0016,S010,7,0.1,89767.31,73165.54,16601.77,0.18494226907322944,1,January,2025Q1
O002395,2025-01-29,C0741,P0092,S023,3,0.1,48511.87,35983.86,12528.01,0.2582462807556171,1,January,2025Q1
O003061,2025-01-29,C0340,P0032,S022,8,0.15,257622.62,203401.04,54221.58,0.21046901859782344,1,January,2025Q1
O003218,2025-01-29,C0389,P0063,S001,1,0.0,2046.14,1824.24,221.9,0.10844810228039137,1,January,2025Q1
O004056,2025-01-29,C0733,P0030,S015,2,0.1,22297.16,20709.24,1587.92,0.07121624458002723,1,January,2025Q1
O004072,2025-01-29,C0754,P0015,S014,5,0.0,149751.1,117505.45,32245.65,0.2153283014281698,1,January,2025Q1
O004410,2025-01-29,C0955,P0025,S020,8,0.05,11239.56,8324.48,2915.08,0.25935890728818567,1,January,2025Q1
O005077,2025-01-29,C0894,P0084,S012,1,0.0,23755.63,15686.71,8068.92,0.33966348187776957,1,January,2025Q1
O005171,2025-01-29,C0261,P0036,S011,1,0.0,13749.65,9655.05,4094.6,0.29779667118799386,1,January,2025Q1
O005333,2025-01-29,C0883,P0088,S008,6,0.2,163960.99,140582.58,23378.41,0.14258519663732208,1,January,2025Q1
O005411,2025-01-29,C0201,P0069,S003,5,0.1,29528.55,28800.85,727.7,0.024643946282496096,1,January,2025Q1
O005937,2025-01-29,C0086,P0105,S011,7,0.0,127728.09,84202.16,43525.93,0.3407702252495908,1,January,2025Q1
O000362,2025-01-28,C0249,P0080,S005,5,0.0,99005.45,64082.85,34922.6,0.352734117162237,1,January,2025Q1
O000515,2025-01-28,C0926,P0044,S018,1,0.1,10452.56,10068.82,383.74,0.0367125374071041,1,January,2025Q1
O000593,2025-01-28,C0199,P0015,S005,8,0.1,215641.58,188008.72,27632.86,0.1281425409700671,1,January,2025Q1
O000632,2025-01-28,C0065,P0048,S012,8,0.1,65914.7,62787.28,3127.42,0.04744647248641047,1,January,2025Q1
O001564,2025-01-28,C0917,P0005,S019,5,0.0,200609.0,135856.6,64752.4,0.3227791375262326,1,January,2025Q1
O001926,2025-01-28,C0311,P0055,S009,2,0.15,53897.12,53320.7,576.42,0.010694820057175595,1,January,2025Q1
O002206,2025-01-28,C0730,P0097,S012,2,0.0,21381.7,16457.44,4924.26,0.23030254844095652,1,January,2025Q1
O002298,2025-01-28,C0340,P0110,S003,6,0.05,205181.76,154451.46,50730.3,0.24724566160266878,1,January,2025Q1
O002427,2025-01-28,C0377,P0028,S021,4,0.1,31172.72,28528.72,2644.0,0.08481775090527871,1,January,2025Q1
O003046,2025-01-28,C0563,P0112,S006,8,0.0,306110.56,218905.28,87205.28,0.28488164537675537,1,January,2025Q1
O003232,2025-01-28,C0010,P0089,S022,7,0.0,227630.55,184528.61,43101.94,0.1893504189134543,1,January,2025Q1
O003327,2025-01-28,C0831,P0091,S009,6,0.05,35337.26,26920.86,8416.4,0.23817353128114627,1,January,2025Q1
O003935,2025-01-28,C0149,P0106,S008,5,0.05,73823.46,56497.55,17325.91,0.2346938222619205,1,January,2025Q1
O004928,2025-01-28,C0888,P0054,S025,3,0.1,25106.84,23944.83,1162.01,0.04628260665221111,1,January,2025Q1
O001145,2025-01-27,C0650,P0019,S007,3,0.0,96425.52,72893.67,23531.85,0.2440417225647318,1,January,2025Q1
O001318,2025-01-27,C0390,P0053,S017,5,0.2,108971.88,120080.0,-11108.12,-0.10193565532686047,1,January,2025Q1
O001347,2025-01-27,C0658,P0032,S007,2,0.0,75771.36,50850.26,24921.1,0.3288986762280629,1,January,2025Q1
O001661,2025-01-27,C0616,P0070,S011,1,0.0,11912.57,8049.34,3863.23,0.324298619021756,1,January,2025Q1
O002390,2025-01-27,C0889,P0042,S018,8,0.05,53739.52,45008.32,8731.2,0.1624726086128049,1,January,2025Q1
O002716,2025-01-27,C0141,P0009,S004,1,0.0,33763.73,27267.47,6496.26,0.19240350518144766,1,January,2025Q1
O002981,2025-01-27,C0713,P0035,S001,6,0.1,224541.61,170826.42,53715.19,0.2392215411655773,1,January,2025Q1
O003650,2025-01-27,C0903,P0048,S002,8,0.2,58590.85,62787.28,-4196.43,-0.07162261684204957,1,January,2025Q1
O003806,2025-01-27,C0542,P0110,S021,1,0.05,34196.96,25741.91,8455.05,0.24724566160266875,1,January,2025Q1
O003840,2025-01-27,C0184,P0019,S003,8,0.2,205707.78,194383.12,11324.66,0.055052171580481785,1,January,2025Q1
O004112,2025-01-27,C0417,P0115,S022,1,0.05,32009.97,25577.27,6432.7,0.20095926362942546,1,January,2025Q1
O004797,2025-01-27,C0421,P0077,S022,7,0.2,221661.27,189234.92,32426.35,0.14628784721841573,1,January,2025Q1
O005576,2025-01-27,C0937,P0059,S022,4,0.05,8615.25,7183.84,1431.41,0.16614839964017297,1,January,2025Q1
O000348,2025-01-26,C0690,P0094,S013,8,0.15,102033.46,82147.28,19886.18,0.19489861463092598,1,January,2025Q1
O000895,2025-01-26,C0949,P0057,S015,2,0.0,88925.34,59122.46,29802.88,0.335144965428302,1,January,2025Q1
O001560,2025-01-26,C0665,P0049,S024,7,0.0,117536.79,81906.51,35630.28,0.3031415099901912,1,January,2025Q1
O001563,2025-01-26,C0662,P0032,S004,4,0.0,151542.72,101700.52,49842.2,0.3288986762280629,1,January,2025Q1
O001947,2025-01-26,C0384,P0074,S016,4,0.1,61614.04,50700.96,10913.08,0.1771200200473788,1,January,2025Q1
O002085,2025-01-26,C0458,P0057,S013,4,0.0,177850.68,118244.92,59605.76,0.335144965428302,1,January,2025Q1
O002135,2025-01-26,C0983,P0052,S010,7,0.15,165066.86,159569.62,5497.24,0.03330311123625906,1,January,2025Q1
O002712,2025-01-26,C0284,P0040,S025,2,0.2,576.9,507.16,69.74,0.12088750216675333,1,January,2025Q1
O002794,2025-01-26,C0521,P0110,S020,2,0.0,71993.6,51483.82,20509.78,0.2848833785225353,1,January,2025Q1
O003139,2025-01-26,C0458,P0076,S016,8,0.0,309437.92,216822.08,92615.84,0.29930345964062843,1,January,2025Q1
O003223,2025-01-26,C0335,P0102,S014,5,0.0,6391.3,5313.3,1078.0,0.16866678140597374,1,January,2025Q1
O003332,2025-01-26,C0065,P0081,S013,4,0.2,133049.98,119674.48,13375.5,0.10052989109806705,1,January,2025Q1
O003532,2025-01-26,C0565,P0059,S002,3,0.1,6121.36,5387.88,733.48,0.11982304585909015,1,January,2025Q1
O003591,2025-01-26,C0712,P0048,S019,8,0.2,58590.85,62787.28,-4196.43,-0.07162261684204957,1,January,2025Q1
O003654,2025-01-26,C0396,P0047,S021,4,0.15,2220.17,2158.36,61.81,0.02784021043433611,1,January,2025Q1
O003956,2025-01-26,C0414,P0074,S024,4,0.1,61614.04,50700.96,10913.08,0.1771200200473788,1,January,2025Q1
O004344,2025-01-26,C0975,P0033,S006,7,0.0,208413.52,148366.61,60046.91,0.28811427396840666,1,January,2025Q1
O004442,2025-01-26,C0639,P0092,S018,7,0.0,125771.52,83962.34,41809.18,0.33242168020232243,1,January,2025Q1
O004946,2025-01-26,C0913,P0114,S024,5,0.15,172206.47,145086.65,27119.82,0.15748432680839458,1,January,2025Q1
O005227,2025-01-26,C0387,P0096,S022,3,0.15,16500.18,12614.07,3886.11,0.2355192488809213,1,January,2025Q1
O005608,2025-01-26,C0673,P0039,S004,7,0.15,163727.34,154511.35,9215.99,0.05628864427895793,1,January,2025Q1
O000027,2025-01-25,C0678,P0014,S021,1,0.0,27828.56,18996.48,8832.08,0.31737466832635247,1,January,2025Q1
O000922,2025-01-25,C0775,P0084,S004,8,0.05,180542.79,125493.68,55049.11,0.30490893599240376,1,January,2025Q1
O001932,2025-01-25,C0476,P0037,S002,2,0.1,66535.13,53420.18,13114.95,0.1971131641284837,1,January,2025Q1
O002442,2025-01-25,C0294,P0047,S003,6,0.1,3526.15,3237.54,288.61,0.08184847496561405,1,January,2025Q1
O002578,2025-01-25,C0481,P0020,S005,4,0.15,156897.28,119953.0,36944.28,0.23546794437736587,1,January,2025Q1
O002916,2025-01-25,C0969,P0009,S013,1,0.15,28699.17,27267.47,1431.7,0.04988646013107697,1,January,2025Q1
O003247,2025-01-25,C0473,P0071,S012,3,0.05,19028.91,14111.07,4917.84,0.2584404466677282,1,January,2025Q1
O003831,2025-01-25,C0546,P0077,S018,6,0.1,213744.8,162201.36,51543.44,0.24114476703058976,1,January,2025Q1
O004398,2025-01-25,C0663,P0063,S016,1,0.0,2046.14,1824.24,221.9,0.10844810228039137,1,January,2025Q1
O004774,2025-01-25,C0869,P0040,S021,3,0.0,1081.68,760.74,320.94,0.2967051253605502,1,January,2025Q1
O004958,2025-01-25,C0222,P0068,S024,1,0.05,18705.24,16414.96,2290.28,0.12244055676377315,1,January,2025Q1
O004998,2025-01-25,C0848,P0019,S023,5,0.0,160709.2,121489.45,39219.75,0.2440417225647318,1,January,2025Q1
O005571,2025-01-25,C0619,P0060,S010,3,0.1,81017.09,62929.38,18087.71,0.22325795705572737,1,January,2025Q1
O005631,2025-01-25,C0930,P0104,S025,2,0.0,15681.94,12266.94,3415.0,0.21776642430719667,1,January,2025Q1
O005824,2025-01-25,C0939,P0081,S021,8,0.0,332624.96,239348.96,93276.0,0.2804239345117095,1,January,2025Q1
O000021,2025-01-24,C0306,P0038,S015,6,0.1,159043.99,120197.04,38846.95,0.24425286362596915,1,January,2025Q1
O000043,2025-01-24,C0010,P0110,S005,3,0.05,102590.88,77225.73,25365.15,0.24724566160266878,1,January,2025Q1
O001526,2025-01-24,C0282,P0054,S004,2,0.1,16737.89,15963.22,774.67,0.0462824167203871,1,January,2025Q1
O001577,2025-01-24,C0839,P0003,S019,5,0.0,58139.0,39564.3,18574.7,0.31948777928756944,1,January,2025Q1
O001745,2025-01-24,C0076,P0095,S012,8,0.1,271424.16,202534.64,68889.52,0.25380761977857835,1,January,2025Q1
O002731,2025-01-24,C0749,P0010,S022,7,0.0,11960.34,8627.85,3332.49,0.2786283667521157,1,January,2025Q1
O002759,2025-01-24,C0879,P0044,S012,8,0.0,92911.6,80550.56,12361.04,0.1330408689550067,1,January,2025Q1
O002880,2025-01-24,C0218,P0030,S021,6,0.15,63175.28,62127.72,1047.56,0.016581802249234192,1,January,2025Q1
O003008,2025-01-24,C0017,P0080,S009,3,0.2,47522.62,38449.71,9072.91,0.19091771455361678,1,January,2025Q1
O003166,2025-01-24,C0429,P0061,S011,8,0.2,158817.02,159086.56,-269.54,-0.0016971732626641655,1,January,2025Q1
O003390,2025-01-24,C0519,P0079,S023,5,0.0,214058.75,145852.55,68206.2,0.3186330855431044,1,January,2025Q1
O003411,2025-01-24,C0365,P0032,S001,7,0.15,225419.8,177975.91,47443.89,0.2104690448665113,1,January,2025Q1
O003418,2025-01-24,C0237,P0108,S008,7,0.2,178592.9,157633.28,20959.62,0.11735976066237795,1,January,2025Q1
O003556,2025-01-24,C0371,P0041,S009,2,0.0,74176.88,51105.12,23071.76,0.3110370778603791,1,January,2025Q1
O004308,2025-01-24,C0118,P0061,S002,3,0.1,67000.93,59657.46,7343.47,0.10960250850249394,1,January,2025Q1
O004550,2025-01-24,C0904,P0080,S010,5,0.0,99005.45,64082.85,34922.6,0.352734117162237,1,January,2025Q1
O004552,2025-01-24,C0817,P0089,S011,1,0.15,27640.85,26361.23,1279.62,0.04629452422772816,1,January,2025Q1
O004697,2025-01-24,C0630,P0086,S013,6,0.1,80223.53,75302.28,4921.25,0.06134422157688648,1,January,2025Q1
O004878,2025-01-24,C0310,P0069,S025,6,0.0,39371.4,34561.02,4810.38,0.12217955165424649,1,January,2025Q1
O005113,2025-01-24,C0714,P0060,S015,4,0.2,96020.26,83905.84,12114.42,0.12616524887560188,1,January,2025Q1
O005266,2025-01-24,C0667,P0076,S014,5,0.05,183728.76,135513.8,48214.96,0.2624246742861596,1,January,2025Q1
O005330,2025-01-24,C0139,P0106,S023,5,0.0,77708.9,56497.55,21211.35,0.27295908190696305,1,January,2025Q1
O005807,2025-01-24,C0359,P0081,S002,7,0.05,276494.5,209430.34,67064.16,0.24255151549126658,1,January,2025Q1
O000115,2025-01-23,C0304,P0115,S021,4,0.05,128039.9,102309.08,25730.82,0.20095938844063452,1,January,2025Q1
O000360,2025-01-23,C0947,P0105,S008,4,0.2,58389.98,48115.52,10274.46,0.17596272511139752,1,January,2025Q1
O000840,2025-01-23,C0672,P0080,S015,6,0.2,95045.23,76899.42,18145.81,0.19091762942758939,1,January,2025Q1
O001254,2025-01-23,C0243,P0005,S007,3,0.05,114347.13,81513.96,32833.17,0.2871359342381396,1,January,2025Q1
O001370,2025-01-23,C0106,P0070,S010,2,0.15,20251.37,16098.68,4152.69,0.20505723810290363,1,January,2025Q1
O001376,2025-01-23,C0620,P0020,S006,7,0.15,274570.25,209917.75,64652.5,0.23546797222204519,1,January,2025Q1
O001683,2025-01-23,C0322,P0045,S020,4,0.05,29670.97,20812.2,8858.77,0.2985669157428962,1,January,2025Q1
O001718,2025-01-23,C0615,P0031,S012,2,0.0,2341.04,1706.0,635.04,0.2712640535830229,1,January,2025Q1
O002485,2025-01-23,C0310,P0024,S008,6,0.2,43729.92,43495.32,234.6,0.0053647479803301725,1,January,2025Q1
O002610,2025-01-23,C0311,P0002,S005,4,0.1,95483.3,75931.48,19551.82,0.20476690688319318,1,January,2025Q1
O002940,2025-01-23,C0997,P0105,S004,7,0.05,121341.69,84202.16,37139.53,0.30607394704985563,1,January,2025Q1
O003173,2025-01-23,C0603,P0046,S008,2,0.05,54930.67,40333.46,14597.21,0.26573879401070477,1,January,2025Q1
O003195,2025-01-23,C0941,P0033,S011,2,0.1,53592.05,42390.46,11201.59,0.2090158894836081,1,January,2025Q1
O003345,2025-01-23,C0034,P0060,S003,7,0.15,178537.66,146835.22,31702.44,0.17756724267585897,1,January,2025Q1
O003399,2025-01-23,C0797,P0090,S008,8,0.15,141741.17,146776.56,-5035.39,-0.03552524647567111,1,January,2025Q1
O005777,2025-01-23,C0332,P0118,S003,7,0.0,188539.19,136435.6,52103.59,0.276354162760538,1,January,2025Q1
O005853,2025-01-23,C0727,P0070,S004,3,0.0,35737.71,24148.02,11589.69,0.32429861902175605,1,January,2025Q1
O000294,2025-01-22,C0763,P0120,S018,2,0.05,23281.02,19778.16,3502.86,0.1504599025300438,1,January,2025Q1
O000400,2025-01-22,C0623,P0095,S013,6,0.1,203568.12,151900.98,51667.14,0.2538076197785783,1,January,2025Q1
O000699,2025-01-22,C0202,P0014,S002,1,0.1,25045.7,18996.48,6049.22,0.24152728811732155,1,January,2025Q1
O001035,2025-01-22,C0508,P0029,S001,4,0.2,1068.13,881.48,186.65,0.17474464718714014,1,January,2025Q1
O001590,2025-01-22,C0594,P0067,S023,6,0.15,105814.19,88650.54,17163.65,0.16220556052075813,1,January,2025Q1
O001753,2025-01-22,C0834,P0095,S024,4,0.1,135712.08,101267.32,34444.76,0.25380761977857835,1,January,2025Q1
O002229,2025-01-22,C0367,P0008,S016,2,0.15,25716.17,23210.68,2505.49,0.0974285828721773,1,January,2025Q1
O002236,2025-01-22,C0193,P0012,S010,3,0.2,6004.61,6051.54,-46.93,-0.00781566163331174,1,January,2025Q1
O002262,2025-01-22,C0679,P0120,S017,4,0.0,49012.68,39556.32,9456.36,0.1929370114019474,1,January,2025Q1
O002404,2025-01-22,C0225,P0098,S008,3,0.0,60646.35,40089.45,20556.9,0.33896351552896425,1,January,2025Q1
O002697,2025-01-22,C0038,P0058,S007,1,0.15,28632.86,28284.78,348.08,0.0121566619611174,1,January,2025Q1
O003086,2025-01-22,C0124,P0080,S024,1,0.1,17820.98,12816.57,5004.41,0.2808156453797715,1,January,2025Q1
O003188,2025-01-22,C0902,P0056,S005,5,0.1,195958.94,141333.3,54625.64,0.2787606424080473,1,January,2025Q1
O003768,2025-01-22,C0338,P0062,S010,4,0.15,54917.28,47633.96,7283.32,0.13262346569240138,1,January,2025Q1
O004196,2025-01-22,C0442,P0064,S021,7,0.15,204534.22,173264.98,31269.24,0.1528802368620762,1,January,2025Q1
O004560,2025-01-22,C0476,P0027,S012,7,0.2,70130.82,65868.46,4262.36,0.060777273101897275,1,January,2025Q1
O004617,2025-01-22,C0698,P0109,S025,6,0.1,75313.69,70317.96,4995.73,0.06633229629301127,1,January,2025Q1
O005477,2025-01-22,C0448,P0115,S017,6,0.1,181951.43,153463.62,28487.81,0.15656821163757825,1,January,2025Q1
O005513,2025-01-22,C0175,P0011,S012,6,0.2,56000.64,53964.78,2035.86,0.03635422738025851,1,January,2025Q1
O005987,2025-01-22,C0371,P0051,S008,1,0.2,3418.97,3222.57,196.4,0.05744420103130476,1,January,2025Q1
O000036,2025-01-21,C0562,P0064,S007,8,0.05,261253.8,198017.12,63236.68,0.2420507567736814,1,January,2025Q1
O000323,2025-01-21,C0752,P0010,S010,2,0.0,3417.24,2465.1,952.14,0.2786283667521158,1,January,2025Q1
O000851,2025-01-21,C0526,P0044,S015,4,0.2,37164.64,40275.28,-3110.64,-0.08369891380624163,1,January,2025Q1
O001595,2025-01-21,C0223,P0037,S019,2,0.0,73927.92,53420.18,20507.74,0.27740182599483393,1,January,2025Q1
O001899,2025-01-21,C0995,P0119,S008,2,0.1,7066.84,6843.04,223.8,0.031669034533115224,1,January,2025Q1
O001990,2025-01-21,C0373,P0052,S023,8,0.1,199744.78,182365.28,17379.5,0.08700853158715838,1,January,2025Q1
O002148,2025-01-21,C0391,P0108,S009,2,0.2,51026.54,45038.08,5988.46,0.11735971124046428,1,January,2025Q1
O002162,2025-01-21,C0356,P0083,S015,8,0.15,103274.66,94122.8,9151.86,0.08861670423315846,1,January,2025Q1
O002183,2025-01-21,C0252,P0071,S005,5,0.0,33384.05,23518.45,9865.6,0.29551836880186794,1,January,2025Q1
O002482,2025-01-21,C0298,P0077,S011,7,0.0,277076.59,189234.92,87841.67,0.3170302839370154,1,January,2025Q1
O002514,2025-01-21,C0379,P0036,S013,5,0.1,61873.42,48275.25,13598.17,0.21977401604760172,1,January,2025Q1
O002539,2025-01-21,C0913,P0085,S019,1,0.0,25236.19,18767.13,6469.06,0.25634059657975317,1,January,2025Q1
O002665,2025-01-21,C0466,P0093,S019,5,0.15,144469.7,112116.7,32353.0,0.22394315209348395,1,January,2025Q1
O002833,2025-01-21,C0842,P0050,S010,7,0.0,133745.57,104256.88,29488.69,0.22048348965876027,1,January,2025Q1
O002849,2025-01-21,C0904,P0053,S002,2,0.0,54485.94,48032.0,6453.94,0.11845147573851161,1,January,2025Q1
O002911,2025-01-21,C0876,P0004,S006,8,0.0,68132.64,48743.68,19388.96,0.28457667279588755,1,January,2025Q1
O003022,2025-01-21,C0044,P0020,S010,6,0.2,221502.05,179929.5,41572.55,0.18768471894503913,1,January,2025Q1
O003071,2025-01-21,C0207,P0003,S009,5,0.0,58139.0,39564.3,18574.7,0.31948777928756944,1,January,2025Q1
O003461,2025-01-21,C0393,P0030,S023,7,0.0,86711.17,72482.34,14228.83,0.16409454514337657,1,January,2025Q1
O004267,2025-01-21,C0715,P0059,S021,7,0.0,15870.19,12571.72,3298.47,0.20784061186413016,1,January,2025Q1
O004384,2025-01-21,C0195,P0039,S024,3,0.05,78424.02,66219.15,12204.87,0.15562668172327815,1,January,2025Q1
O004478,2025-01-21,C0191,P0112,S018,3,0.05,109051.89,82089.48,26962.41,0.24724385794689116,1,January,2025Q1
O005005,2025-01-21,C0622,P0079,S024,7,0.15,254729.91,204193.57,50536.34,0.1983918574775926,1,January,2025Q1
O005559,2025-01-21,C0777,P0014,S015,1,0.1,25045.7,18996.48,6049.22,0.24152728811732155,1,January,2025Q1
O000338,2025-01-20,C0472,P0046,S005,3,0.05,82396.01,60500.19,21895.82,0.26573883856754715,1,January,2025Q1
O000456,2025-01-20,C0797,P0026,S003,8,0.15,46071.7,35477.2,10594.5,0.2299567847507255,1,January,2025Q1
O001160,2025-01-20,C0944,P0016,S013,3,0.0,42746.34,31356.66,11389.68,0.26644807485272426,1,January,2025Q1
O001715,2025-01-20,C0189,P0088,S017,8,0.15,232278.07,187443.44,44834.63,0.1930213644361691,1,January,2025Q1
O002223,2025-01-20,C0958,P0069,S004,5,0.05,31169.02,28800.85,2368.17,0.07597832719796772,1,January,2025Q1
O002660,2025-01-20,C0790,P0002,S021,6,0.2,127311.07,113897.22,13413.85,0.10536279366751061,1,January,2025Q1
O002670,2025-01-20,C0837,P0030,S022,5,0.1,55742.9,51773.1,3969.8,0.07121624458002723,1,January,2025Q1
O002983,2025-01-20,C0032,P0087,S004,3,0.05,99031.23,68398.95,30632.28,0.30931939348829657,1,January,2025Q1
O003785,2025-01-20,C0387,P0019,S025,3,0.0,96425.52,72893.67,23531.85,0.2440417225647318,1,January,2025Q1
O003817,2025-01-20,C0526,P0061,S017,3,0.15,63278.66,59657.46,3621.2,0.057226243412866196,1,January,2025Q1
O004711,2025-01-20,C0033,P0041,S008,3,0.0,111265.32,76657.68,34607.64,0.3110370778603791,1,January,2025Q1
O004968,2025-01-20,C0159,P0114,S015,2,0.1,72934.51,58034.66,14899.85,0.20429080828814783,1,January,2025Q1
O005304,2025-01-20,C0520,P0056,S025,6,0.05,248214.65,169599.96,78614.69,0.3167205884100717,1,January,2025Q1
O005420,2025-01-20,C0195,P0008,S010,5,0.0,75635.8,58026.7,17609.1,0.23281435510697313,1,January,2025Q1
O005848,2025-01-20,C0133,P0029,S010,1,0.05,317.1,220.37,96.73,0.3050457269000315,1,January,2025Q1
O000460,2025-01-19,C0471,P0050,S023,2,0.0,38213.02,29787.68,8425.34,0.2204834896587603,1,January,2025Q1
O000518,2025-01-19,C0712,P0119,S020,5,0.2,15704.08,17107.6,-1403.52,-0.08937295276132062,1,January,2025Q1
O000573,2025-01-19,C0754,P0019,S016,1,0.1,28927.66,24297.89,4629.77,0.160046474550655,1,January,2025Q1
O001672,2025-01-19,C0509,P0065,S008,6,0.1,20174.56,18541.26,1633.3,0.08095839512732866,1,January,2025Q1
O001798,2025-01-19,C0866,P0003,S025,2,0.15,19767.26,15825.72,3941.54,0.19939738739714055,1,January,2025Q1
O001817,2025-01-19,C0330,P0089,S019,7,0.0,227630.55,184528.61,43101.94,0.1893504189134543,1,January,2025Q1
O002587,2025-01-19,C0212,P0010,S020,6,0.05,9739.13,7395.3,2343.83,0.2406611268152289,1,January,2025Q1
O003266,2025-01-19,C0879,P0118,S023,2,0.15,45788.09,38981.6,6806.49,0.14865197478208853,1,January,2025Q1
O003280,2025-01-19,C0830,P0012,S024,7,0.2,14010.75,14120.26,-109.51,-0.00781614117731028,1,January,2025Q1
O003443,2025-01-19,C0650,P0027,S002,5,0.2,50093.44,47048.9,3044.54,0.060777219532138334,1,January,2025Q1
O003568,2025-01-19,C0580,P0067,S016,4,0.0,82991.52,59100.36,23891.16,0.287874712982724,1,January,2025Q1
O005250,2025-01-19,C0773,P0109,S002,5,0.2,55787.92,58598.3,-2810.38,-0.050376138776996884,1,January,2025Q1
O005612,2025-01-19,C0331,P0092,S022,4,0.15,61089.02,47978.48,13110.54,0.21461368998880653,1,January,2025Q1
O005891,2025-01-19,C0084,P0004,S018,7,0.2,47692.85,42650.72,5042.13,0.10572087849646226,1,January,2025Q1
O005902,2025-01-19,C0455,P0068,S004,2,0.0,39379.46,32829.92,6549.54,0.1663186849184829,1,January,2025Q1
O005904,2025-01-19,C0285,P0079,S001,3,0.0,128435.25,87511.53,40923.72,0.31863308554310443,1,January,2025Q1
O000206,2025-01-18,C0803,P0077,S017,4,0.15,134580.06,108134.24,26445.82,0.19650622833724402,1,January,2025Q1
O000554,2025-01-18,C0075,P0010,S019,5,0.1,7688.79,6162.75,1526.04,0.19847596305790638,1,January,2025Q1
O001115,2025-01-18,C0915,P0087,S018,4,0.1,125092.08,91198.6,33893.48,0.27094824868209083,1,January,2025Q1
O001233,2025-01-18,C0122,P0031,S013,8,0.05,8895.95,6824.0,2071.95,0.2329093576290334,1,January,2025Q1
O001654,2025-01-18,C0830,P0018,S001,6,0.1,8511.26,6439.44,2071.82,0.24342106809097597,1,January,2025Q1
O001741,2025-01-18,C0854,P0056,S001,3,0.0,130639.29,84799.98,45839.31,0.3508845616047056,1,January,2025Q1
O002117,2025-01-18,C0766,P0116,S013,1,0.0,12368.91,9203.92,3164.99,0.25588269297779676,1,January,2025Q1
O002429,2025-01-18,C0921,P0016,S010,3,0.05,40609.02,31356.66,9252.36,0.22784002174886273,1,January,2025Q1
O002965,2025-01-18,C0975,P0078,S023,4,0.2,17506.24,15137.6,2368.64,0.13530261209717218,1,January,2025Q1
O003026,2025-01-18,C0535,P0027,S021,7,0.15,74513.99,65868.46,8645.53,0.1160255946567886,1,January,2025Q1
O003879,2025-01-18,C0915,P0014,S020,8,0.05,211497.06,151971.84,59525.22,0.28144703288074074,1,January,2025Q1
O003895,2025-01-18,C0208,P0040,S007,2,0.15,612.95,507.16,105.79,0.17259156538053674,1,January,2025Q1
O003905,2025-01-18,C0742,P0084,S012,8,0.1,171040.54,125493.68,45546.86,0.26629277480064084,1,January,2025Q1
O004269,2025-01-18,C0346,P0116,S002,4,0.2,39580.51,36815.68,2764.83,0.06985331922201103,1,January,2025Q1
O005030,2025-01-18,C0706,P0113,S024,3,0.0,28467.69,20605.05,7862.64,0.2761952234269799,1,January,2025Q1
O005367,2025-01-18,C0816,P0053,S012,7,0.05,181165.75,168112.0,13053.75,0.07205418242686601,1,January,2025Q1
O005561,2025-01-18,C0501,P0070,S014,3,0.15,30377.05,24148.02,6229.03,0.20505710725695878,1,January,2025Q1
O000734,2025-01-17,C0182,P0072,S022,5,0.2,118050.68,100553.05,17497.63,0.14822134019050126,1,January,2025Q1
O000891,2025-01-17,C0827,P0009,S011,7,0.0,236346.11,190872.29,45473.82,0.19240350518144766,1,January,2025Q1
O002319,2025-01-17,C0134,P0112,S020,1,0.2,30611.06,27363.16,3247.9,0.10610217352813003,1,January,2025Q1
O002653,2025-01-17,C0862,P0110,S009,7,0.0,251977.6,180193.37,71784.23,0.2848833785225353,1,January,2025Q1
O003251,2025-01-17,C0693,P0055,S009,5,0.2,126816.76,133301.75,-6484.99,-0.05113669518129938,1,January,2025Q1
O003410,2025-01-17,C0586,P0006,S021,7,0.2,10868.98,10306.45,562.53,0.05175554651862456,1,January,2025Q1
O004364,2025-01-17,C0606,P0079,S018,7,0.2,239745.8,204193.57,35552.23,0.1482913569288805,1,January,2025Q1
O005109,2025-01-17,C0365,P0004,S025,5,0.05,40453.75,30464.8,9988.95,0.2469227203905695,1,January,2025Q1
O005134,2025-01-17,C0946,P0098,S014,3,0.1,54581.72,40089.45,14492.27,0.26551508453746053,1,January,2025Q1
O005145,2025-01-17,C0730,P0043,S024,3,0.0,67305.39,57784.41,9520.98,0.14145939871977564,1,January,2025Q1
O005268,2025-01-17,C0576,P0096,S020,3,0.2,15529.58,12614.07,2915.51,0.18773914040173656,1,January,2025Q1
O005372,2025-01-17,C0647,P0088,S022,1,0.0,34158.54,23430.43,10728.11,0.3140681656768703,1,January,2025Q1
O005391,2025-01-17,C0316,P0063,S010,8,0.0,16369.12,14593.92,1775.2,0.10844810228039137,1,January,2025Q1
O000379,2025-01-16,C0967,P0072,S009,4,0.0,118050.68,80442.44,37608.24,0.318577072152401,1,January,2025Q1
O000498,2025-01-16,C0241,P0056,S023,7,0.2,243860.01,197866.62,45993.39,0.18860570866047285,1,January,2025Q1
O000986,2025-01-16,C0914,P0107,S022,8,0.2,143821.38,141512.24,2309.14,0.016055610090794568,1,January,2025Q1
O001041,2025-01-16,C0204,P0026,S010,3,0.0,20325.75,13303.95,7021.8,0.3454632670381167,1,January,2025Q1
O001503,2025-01-16,C0549,P0003,S017,3,0.0,34883.4,23738.58,11144.82,0.31948777928756944,1,January,2025Q1
O001517,2025-01-16,C0118,P0024,S011,7,0.0,63772.8,50744.54,13028.26,0.20429179838426414,1,January,2025Q1
O002209,2025-01-16,C0665,P0119,S016,2,0.05,7459.44,6843.04,616.4,0.08263354889911308,1,January,2025Q1
O002801,2025-01-16,C0034,P0098,S001,1,0.2,16172.36,13363.15,2809.21,0.17370439441120528,1,January,2025Q1
O003123,2025-01-16,C0890,P0093,S004,6,0.2,163165.78,134540.04,28625.74,0.1754396050446362,1,January,2025Q1
O003259,2025-01-16,C0197,P0112,S018,7,0.2,214277.39,191542.12,22735.27,0.10610204837757263,1,January,2025Q1
O003790,2025-01-16,C0265,P0064,S010,8,0.1,247503.6,198017.12,49486.48,0.19994246548333036,1,January,2025Q1
O003847,2025-01-16,C0215,P0068,S017,6,0.1,106324.54,98489.76,7834.78,0.07368741026295529,1,January,2025Q1
O004039,2025-01-16,C0122,P0091,S013,1,0.05,5889.54,4486.81,1402.73,0.23817310010629014,1,January,2025Q1
O004310,2025-01-16,C0526,P0081,S018,1,0.15,35341.4,29918.62,5422.78,0.1534398750473948,1,January,2025Q1
O004577,2025-01-16,C0755,P0083,S012,7,0.2,85049.72,82357.45,2692.27,0.031655248247730854,1,January,2025Q1
O004657,2025-01-16,C0589,P0093,S021,7,0.2,190360.07,156963.38,33396.69,0.1754395761674179,1,January,2025Q1
O004805,2025-01-16,C0379,P0014,S019,6,0.1,150274.22,113978.88,36295.34,0.24152738906247523,1,January,2025Q1
O004827,2025-01-16,C0846,P0110,S025,6,0.0,215980.8,154451.46,61529.34,0.2848833785225353,1,January,2025Q1
O004916,2025-01-16,C0835,P0050,S012,3,0.2,45855.62,44681.52,1174.1,0.025604277076615688,1,January,2025Q1
O005017,2025-01-16,C0517,P0005,S005,7,0.05,266809.97,190199.24,76610.73,0.2871359342381396,1,January,2025Q1
O005436,2025-01-16,C0542,P0025,S021,5,0.1,6655.01,5202.8,1452.21,0.21821304551007437,1,January,2025Q1
O005740,2025-01-16,C0739,P0007,S019,5,0.0,93821.3,65540.3,28281.0,0.3014347488256931,1,January,2025Q1
O005840,2025-01-16,C0595,P0011,S010,4,0.05,44333.84,35976.52,8357.32,0.18850882305705982,1,January,2025Q1
O000218,2025-01-15,C0494,P0015,S009,2,0.1,53910.4,47002.18,6908.22,0.12814262183178013,1,January,2025Q1
O000598,2025-01-15,C0497,P0066,S004,2,0.0,33481.56,28624.82,4856.74,0.14505715982170483,1,January,2025Q1
O000838,2025-01-15,C0084,P0059,S023,8,0.1,16323.62,14367.68,1955.94,0.11982268638941607,1,January,2025Q1
O001556,2025-01-15,C0488,P0085,S017,8,0.05,191795.04,150137.04,41658.0,0.2172006116529395,1,January,2025Q1
O001610,2025-01-15,C0935,P0072,S001,7,0.0,206588.69,140774.27,65814.42,0.318577072152401,1,January,2025Q1
O001863,2025-01-15,C0628,P0115,S023,3,0.2,80867.3,76731.81,4135.49,0.051139212017712966,1,January,2025Q1
O001901,2025-01-15,C0168,P0066,S006,5,0.15,71148.31,71562.05,-413.74,-0.005815176776510925,1,January,2025Q1
O001976,2025-01-15,C0634,P0029,S005,2,0.15,567.44,440.74,126.7,0.22328351896235724,1,January,2025Q1
O002201,2025-01-15,C0731,P0077,S016,7,0.2,221661.27,189234.92,32426.35,0.14628784721841573,1,January,2025Q1
O003200,2025-01-15,C0807,P0073,S014,7,0.0,56003.5,48859.16,7144.34,0.12756952690456846,1,January,2025Q1
O003226,2025-01-15,C0585,P0058,S010,6,0.0,202114.32,169708.68,32405.64,0.1603332213175197,1,January,2025Q1
O003236,2025-01-15,C0107,P0011,S006,5,0.2,46667.2,44970.65,1696.55,0.036354227380258515,1,January,2025Q1
O003386,2025-01-15,C0936,P0030,S022,2,0.0,24774.62,20709.24,4065.38,0.16409454514337657,1,January,2025Q1
O003482,2025-01-15,C0383,P0093,S009,6,0.1,183561.5,134540.04,49021.46,0.26705741672409516,1,January,2025Q1
O003628,2025-01-15,C0034,P0071,S021,6,0.2,32048.69,28222.14,3826.55,0.11939801595634643,1,January,2025Q1
O004656,2025-01-15,C0832,P0020,S014,6,0.2,221502.05,179929.5,41572.55,0.18768471894503913,1,January,2025Q1
O004864,2025-01-15,C0394,P0023,S016,7,0.0,303835.56,196483.98,107351.58,0.3533213163067549,1,January,2025Q1
O005221,2025-01-15,C0285,P0070,S008,8,0.2,76240.45,64394.72,11845.73,0.15537329593411373,1,January,2025Q1
O005597,2025-01-15,C0969,P0010,S009,4,0.0,6834.48,4930.2,1904.28,0.2786283667521158,1,January,2025Q1
O005779,2025-01-15,C0500,P0091,S003,6,0.05,35337.26,26920.86,8416.4,0.23817353128114627,1,January,2025Q1
O000836,2025-01-14,C0292,P0088,S022,2,0.1,61485.37,46860.86,14624.51,0.23785349262759578,1,January,2025Q1
O000962,2025-01-14,C0731,P0008,S010,7,0.0,105890.12,81237.38,24652.74,0.23281435510697318,1,January,2025Q1
O001106,2025-01-14,C0075,P0082,S023,8,0.1,100350.86,77828.24,22522.62,0.22443873425698593,1,January,2025Q1
O001488,2025-01-14,C0448,P0002,S021,3,0.0,79569.42,56948.61,22620.81,0.2842902461774888,1,January,2025Q1
O001674,2025-01-14,C0793,P0101,S007,7,0.2,100975.78,107117.5,-6141.72,-0.06082369455328793,1,January,2025Q1
O002084,2025-01-14,C0455,P0112,S024,4,0.1,137749.75,109452.64,28297.11,0.20542403888210323,1,January,2025Q1
O002164,2025-01-14,C0222,P0073,S006,1,0.2,6400.4,6979.88,-579.48,-0.09053809136928943,1,January,2025Q1
O002392,2025-01-14,C0644,P0056,S021,6,0.1,235150.72,169599.96,65550.76,0.27876061787095524,1,January,2025Q1
O002812,2025-01-14,C0046,P0077,S002,1,0.2,31665.9,27033.56,4632.34,0.14628796276120368,1,January,2025Q1
O004271,2025-01-14,C0406,P0062,S021,8,0.2,103373.7,95267.92,8105.78,0.0784124008330939,1,January,2025Q1
O004297,2025-01-14,C0390,P0077,S006,2,0.15,67290.03,54067.12,13222.91,0.19650622833724402,1,January,2025Q1
O004387,2025-01-14,C0455,P0096,S018,7,0.0,45294.62,29432.83,15861.79,0.35019147969449793,1,January,2025Q1
O004762,2025-01-14,C0422,P0088,S018,4,0.0,136634.16,93721.72,42912.44,0.3140681656768703,1,January,2025Q1
O005218,2025-01-14,C0862,P0033,S013,6,0.1,160776.14,127171.38,33604.76,0.20901584028575385,1,January,2025Q1
O005630,2025-01-14,C0898,P0021,S024,2,0.05,46386.22,39549.12,6837.1,0.14739506689702245,1,January,2025Q1
O005910,2025-01-14,C0839,P0028,S024,4,0.05,32904.54,28528.72,4375.82,0.13298529625395156,1,January,2025Q1
O000457,2025-01-13,C0819,P0062,S017,3,0.0,48456.42,35725.47,12730.95,0.2627298921381316,1,January,2025Q1
O000567,2025-01-13,C0738,P0076,S008,8,0.1,278494.13,216822.08,61672.05,0.2214482940807406,1,January,2025Q1
O001006,2025-01-13,C0756,P0029,S023,7,0.0,2336.53,1542.59,793.94,0.33979448156026243,1,January,2025Q1
O001009,2025-01-13,C0607,P0103,S021,6,0.05,57282.09,45808.86,11473.23,0.20029349487771833,1,January,2025Q1
O001853,2025-01-13,C0887,P0047,S015,6,0.2,3134.35,3237.54,-103.19,-0.0329222964889052,1,January,2025Q1
O002439,2025-01-13,C0688,P0035,S007,4,0.2,133061.7,113884.28,19177.42,0.14412426716327836,1,January,2025Q1
O002463,2025-01-13,C0017,P0004,S010,2,0.0,17033.16,12185.92,4847.24,0.28457667279588755,1,January,2025Q1
O002494,2025-01-13,C0166,P0012,S019,3,0.2,6004.61,6051.54,-46.93,-0.00781566163331174,1,January,2025Q1
O003039,2025-01-13,C0546,P0022,S025,8,0.1,192757.25,138844.96,53912.29,0.2796900765081469,1,January,2025Q1
O003076,2025-01-13,C0095,P0039,S007,8,0.05,209130.72,176584.4,32546.32,0.15562668172327815,1,January,2025Q1
O003516,2025-01-13,C0943,P0020,S016,3,0.2,110751.02,89964.75,20786.27,0.18768468227200075,1,January,2025Q1
O004009,2025-01-13,C0110,P0080,S003,6,0.0,118806.54,76899.42,41907.12,0.35273411716223707,1,January,2025Q1
O004078,2025-01-13,C0011,P0039,S004,7,0.15,163727.34,154511.35,9215.99,0.05628864427895793,1,January,2025Q1
O004280,2025-01-13,C0760,P0109,S011,6,0.0,83681.88,70317.96,13363.92,0.1596990889784025,1,January,2025Q1
O004530,2025-01-13,C0772,P0087,S011,7,0.2,194587.68,159597.55,34990.13,0.17981677976735216,1,January,2025Q1
O004833,2025-01-13,C0917,P0039,S004,5,0.2,110068.8,110365.25,-296.45,-0.002693315453607198,1,January,2025Q1
O005361,2025-01-13,C0272,P0112,S005,1,0.1,34437.44,27363.16,7074.28,0.20542409656466912,1,January,2025Q1
O005578,2025-01-13,C0526,P0023,S011,3,0.2,104172.19,84207.42,19964.77,0.1916516298639781,1,January,2025Q1
O005623,2025-01-13,C0564,P0091,S017,8,0.05,47116.35,35894.48,11221.87,0.23817358517796902,1,January,2025Q1
O005935,2025-01-13,C0637,P0119,S006,7,0.0,27482.14,23950.64,3531.5,0.1285016377909435,1,January,2025Q1
O000660,2025-01-12,C0086,P0069,S015,2,0.15,11155.23,11520.34,-365.11,-0.03272993923029826,1,January,2025Q1
O000803,2025-01-12,C0946,P0072,S021,4,0.0,118050.68,80442.44,37608.24,0.318577072152401,1,January,2025Q1
O000957,2025-01-12,C0349,P0056,S006,7,0.0,304825.01,197866.62,106958.39,0.3508845616047056,1,January,2025Q1
O001494,2025-01-12,C0654,P0075,S004,2,0.1,63128.92,52946.58,10182.34,0.16129437981831465,1,January,2025Q1
O002063,2025-01-12,C0144,P0016,S021,7,0.1,89767.31,73165.54,16601.77,0.18494226907322944,1,January,2025Q1
O002198,2025-01-12,C0574,P0058,S018,1,0.05,32001.43,28284.78,3716.65,0.1161401224882763,1,January,2025Q1
O002358,2025-01-12,C0510,P0051,S006,5,0.15,18163.27,16112.85,2050.42,0.11288826296146014,1,January,2025Q1
O002560,2025-01-12,C0399,P0074,S012,6,0.1,92421.05,76051.44,16369.61,0.17711993101138757,1,January,2025Q1
O002837,2025-01-12,C0685,P0011,S016,7,0.05,77584.22,62958.91,14625.31,0.1885088230570598,1,January,2025Q1
O002928,2025-01-12,C0407,P0120,S017,5,0.0,61265.85,49445.4,11820.45,0.19293701140194744,1,January,2025Q1
O003315,2025-01-12,C0710,P0077,S008,3,0.0,118747.11,81100.68,37646.43,0.3170302839370154,1,January,2025Q1
O003452,2025-01-12,C0668,P0021,S020,2,0.1,43944.84,39549.12,4395.72,0.10002812616907925,1,January,2025Q1
O003586,2025-01-12,C0417,P0032,S012,6,0.2,181851.26,152550.78,29300.48,0.16112332683314923,1,January,2025Q1
O003887,2025-01-12,C0590,P0053,S019,1,0.1,24518.67,24016.0,502.67,0.020501519862211125,1,January,2025Q1
O004156,2025-01-12,C0174,P0006,S018,1,0.2,1552.71,1472.35,80.36,0.05175467408595295,1,January,2025Q1
O004811,2025-01-12,C0680,P0006,S003,5,0.2,7763.56,7361.75,401.81,0.05175589549124371,1,January,2025Q1
O004908,2025-01-12,C0042,P0004,S024,4,0.1,30659.69,24371.84,6287.85,0.20508524384949753,1,January,2025Q1
O005025,2025-01-12,C0898,P0027,S003,8,0.2,80149.5,75278.24,4871.26,0.06077717265859425,1,January,2025Q1
O005193,2025-01-12,C0363,P0017,S003,5,0.2,37370.48,41294.9,-3924.42,-0.10501390402264033,1,January,2025Q1
O005975,2025-01-12,C0222,P0019,S007,6,0.15,163923.38,145787.34,18136.04,0.11063729896247869,1,January,2025Q1
O000249,2025-01-11,C0422,P0016,S012,4,0.15,48445.85,41808.88,6636.97,0.13699769949335186,1,January,2025Q1
O000746,2025-01-11,C0552,P0042,S002,8,0.2,45254.34,45008.32,246.02,0.005436384664984618,1,January,2025Q1
O000844,2025-01-11,C0873,P0027,S006,7,0.1,78897.17,65868.46,13028.71,0.16513532741415185,1,January,2025Q1
O001134,2025-01-11,C0632,P0098,S004,5,0.0,101077.25,66815.75,34261.5,0.33896351552896425,1,January,2025Q1
O001694,2025-01-11,C0511,P0108,S002,5,0.05,151485.05,112595.2,38889.85,0.2567240133597342,1,January,2025Q1
O002309,2025-01-11,C0994,P0063,S022,6,0.05,11663.0,10945.44,717.56,0.06152447912200977,1,January,2025Q1
O002554,2025-01-11,C0512,P0065,S020,7,0.1,23536.99,21631.47,1905.52,0.08095852528296948,1,January,2025Q1
O002561,2025-01-11,C0503,P0056,S024,8,0.1,313534.3,226133.28,87401.02,0.278760633206638,1,January,2025Q1
O003907,2025-01-11,C0058,P0091,S023,8,0.2,39676.93,35894.48,3782.45,0.09533121640207545,1,January,2025Q1
O004855,2025-01-11,C0525,P0036,S007,8,0.2,87997.76,77240.4,10757.36,0.12224583898499236,1,January,2025Q1
O005143,2025-01-11,C0810,P0109,S008,6,0.0,83681.88,70317.96,13363.92,0.1596990889784025,1,January,2025Q1
O005307,2025-01-11,C0461,P0035,S007,6,0.0,249490.68,170826.42,78664.26,0.31529939314767186,1,January,2025Q1
O005700,2025-01-11,C0151,P0088,S006,1,0.0,34158.54,23430.43,10728.11,0.3140681656768703,1,January,2025Q1
O000371,2025-01-10,C0300,P0112,S021,7,0.0,267846.74,191542.12,76304.62,0.28488164537675537,1,January,2025Q1
O000555,2025-01-10,C0919,P0064,S005,1,0.0,34375.5,24752.14,9623.36,0.27994821893499733,1,January,2025Q1
O001951,2025-01-10,C0801,P0054,S022,3,0.05,26501.67,23944.83,2556.84,0.09647844833929335,1,January,2025Q1
O002870,2025-01-10,C0962,P0006,S007,1,0.15,1649.76,1472.35,177.41,0.10753685384540781,1,January,2025Q1
O003778,2025-01-10,C0670,P0016,S017,8,0.0,113990.24,83617.76,30372.48,0.2664480748527242,1,January,2025Q1
O003965,2025-01-10,C0562,P0067,S013,4,0.05,78841.94,59100.36,19741.58,0.25039439668785424,1,January,2025Q1
O003980,2025-01-10,C0194,P0082,S009,1,0.0,13937.62,9728.53,4209.09,0.3019948886538735,1,January,2025Q1
O004137,2025-01-10,C0944,P0028,S003,7,0.0,60613.63,49925.26,10688.37,0.17633608150510044,1,January,2025Q1
O004563,2025-01-10,C0910,P0044,S019,1,0.0,11613.95,10068.82,1545.13,0.1330408689550067,1,January,2025Q1
O005558,2025-01-10,C0080,P0059,S012,1,0.2,1813.74,1795.96,17.78,0.0098029486034382,1,January,2025Q1
O005592,2025-01-10,C0704,P0044,S005,1,0.0,11613.95,10068.82,1545.13,0.1330408689550067,1,January,2025Q1
O005768,2025-01-10,C0284,P0041,S007,3,0.2,89012.26,76657.68,12354.58,0.13879638602592498,1,January,2025Q1
O000584,2025-01-09,C0901,P0063,S003,1,0.0,2046.14,1824.24,221.9,0.10844810228039137,1,January,2025Q1
O000869,2025-01-09,C0713,P0025,S001,4,0.1,5324.0,4162.24,1161.76,0.21821187077385423,1,January,2025Q1
O001810,2025-01-09,C0509,P0094,S013,6,0.15,76525.09,61610.46,14914.63,0.19489856202717304,1,January,2025Q1
O002091,2025-01-09,C0008,P0049,S014,7,0.0,117536.79,81906.51,35630.28,0.3031415099901912,1,January,2025Q1
O002094,2025-01-09,C0975,P0036,S024,6,0.0,82497.9,57930.3,24567.6,0.29779667118799386,1,January,2025Q1
O002590,2025-01-09,C0221,P0056,S025,3,0.1,117575.36,84799.98,32775.38,0.27876061787095524,1,January,2025Q1
O002720,2025-01-09,C0482,P0028,S024,3,0.0,25977.27,21396.54,4580.73,0.1763360815051004,1,January,2025Q1
O002747,2025-01-09,C0800,P0031,S021,8,0.1,8427.74,6824.0,1603.74,0.19029300856457365,1,January,2025Q1
O002761,2025-01-09,C0707,P0010,S004,3,0.0,5125.86,3697.65,1428.21,0.2786283667521158,1,January,2025Q1
O002964,2025-01-09,C0976,P0021,S005,1,0.05,23193.11,19774.56,3418.55,0.14739506689702245,1,January,2025Q1
O003129,2025-01-09,C0579,P0056,S006,6,0.15,222086.79,169599.96,52486.83,0.23633476804270978,1,January,2025Q1
O004101,2025-01-09,C0795,P0024,S015,5,0.0,45552.0,36246.1,9305.9,0.20429179838426412,1,January,2025Q1
O004600,2025-01-09,C0702,P0062,S013,2,0.0,32304.28,23816.98,8487.3,0.2627298921381315,1,January,2025Q1
O005007,2025-01-09,C0630,P0092,S012,3,0.0,53902.08,35983.86,17918.22,0.33242168020232243,1,January,2025Q1
O005160,2025-01-09,C0418,P0019,S022,2,0.2,51426.94,48595.78,2831.16,0.05505207970763961,1,January,2025Q1
O000210,2025-01-08,C0755,P0091,S003,2,0.15,10539.18,8973.62,1565.56,0.1485466611254386,1,January,2025Q1
O000297,2025-01-08,C0172,P0102,S009,2,0.1,2300.87,2125.32,175.55,0.07629722670120434,1,January,2025Q1
O001284,2025-01-08,C0632,P0025,S024,1,0.2,1183.11,1040.56,142.55,0.1204875286321644,1,January,2025Q1
O001428,2025-01-08,C0147,P0099,S010,2,0.1,35359.47,29273.84,6085.63,0.1721075004800694,1,January,2025Q1
O001836,2025-01-08,C0951,P0025,S009,5,0.1,6655.01,5202.8,1452.21,0.21821304551007437,1,January,2025Q1
O001869,2025-01-08,C0964,P0086,S013,7,0.2,83194.78,87852.66,-4657.88,-0.05598764730191005,1,January,2025Q1
O002743,2025-01-08,C0485,P0101,S025,2,0.15,30653.36,30605.0,48.36,0.0015776410807820088,1,January,2025Q1
O002906,2025-01-08,C0576,P0062,S014,2,0.2,25843.42,23816.98,2026.44,0.07841222253091891,1,January,2025Q1
O003224,2025-01-08,C0840,P0102,S010,6,0.1,6902.6,6375.96,526.64,0.07629588850578042,1,January,2025Q1
O003239,2025-01-08,C0111,P0061,S019,7,0.1,156335.51,139200.74,17134.77,0.10960254647200754,1,January,2025Q1
O003318,2025-01-08,C0310,P0011,S018,1,0.15,9916.78,8994.13,922.65,0.09303927282847858,1,January,2025Q1
O004228,2025-01-08,C0587,P0042,S008,8,0.0,56567.92,45008.32,11559.6,0.20434903740494614,1,January,2025Q1
O004320,2025-01-08,C0571,P0005,S017,3,0.0,120365.4,81513.96,38851.44,0.32277913752623266,1,January,2025Q1
O004506,2025-01-08,C0863,P0006,S008,7,0.0,13586.23,10306.45,3279.78,0.241404716392995,1,January,2025Q1
O000290,2025-01-07,C0125,P0099,S023,4,0.1,70718.94,58547.68,12171.26,0.1721075004800694,1,January,2025Q1
O001398,2025-01-07,C0583,P0107,S014,3,0.0,67416.27,53067.09,14349.18,0.2128444661800482,1,January,2025Q1
O001858,2025-01-07,C0622,P0035,S002,5,0.2,166327.12,142355.35,23971.77,0.14412424143458988,1,January,2025Q1
O002329,2025-01-07,C0755,P0104,S011,2,0.0,15681.94,12266.94,3415.0,0.21776642430719667,1,January,2025Q1
O002437,2025-01-07,C0591,P0115,S002,2,0.05,64019.95,51154.54,12865.41,0.20095938844063452,1,January,2025Q1
O003261,2025-01-07,C0671,P0070,S002,2,0.15,20251.37,16098.68,4152.69,0.20505723810290363,1,January,2025Q1
O003388,2025-01-07,C0209,P0089,S019,2,0.0,65037.3,52722.46,12314.84,0.18935041891345428,1,January,2025Q1
O003494,2025-01-07,C0465,P0112,S009,3,0.0,114791.46,82089.48,32701.98,0.28488164537675537,1,January,2025Q1
O003900,2025-01-07,C0638,P0117,S004,6,0.0,118725.06,105706.32,13018.74,0.10965452449550246,1,January,2025Q1
O004892,2025-01-07,C0802,P0095,S004,5,0.05,179064.55,126584.15,52480.4,0.29308090294812683,1,January,2025Q1
O005191,2025-01-07,C0478,P0096,S017,5,0.2,25882.64,21023.45,4859.19,0.18773934961812241,1,January,2025Q1
O005852,2025-01-07,C0345,P0009,S014,7,0.1,212711.5,190872.29,21839.21,0.10267056553124772,1,January,2025Q1
O000205,2025-01-06,C0207,P0109,S022,5,0.0,69734.9,58598.3,11136.6,0.15969908897840251,1,January,2025Q1
O001108,2025-01-06,C0257,P0015,S023,3,0.05,85358.13,70503.27,14854.86,0.17402982000660042,1,January,2025Q1
O001237,2025-01-06,C0123,P0015,S003,2,0.1,53910.4,47002.18,6908.22,0.12814262183178013,1,January,2025Q1
O002249,2025-01-06,C0426,P0106,S014,7,0.05,103352.84,79096.57,24256.27,0.2346937926427566,1,January,2025Q1
O002251,2025-01-06,C0642,P0089,S013,1,0.2,26014.92,26361.23,-346.31,-0.013311976358182152,1,January,2025Q1
O003442,2025-01-06,C0690,P0017,S024,1,0.0,9342.62,8258.98,1083.64,0.11598887678188774,1,January,2025Q1
O004139,2025-01-06,C0964,P0005,S010,4,0.0,160487.2,108685.28,51801.92,0.3227791375262326,1,January,2025Q1
O005600,2025-01-06,C0201,P0001,S017,8,0.1,43467.98,32762.48,10705.5,0.24628473648879012,1,January,2025Q1
O005619,2025-01-06,C0474,P0036,S006,2,0.05,26124.34,19310.1,6814.24,0.26083874272039026,1,January,2025Q1
O000243,2025-01-05,C0181,P0054,S016,3,0.2,22317.19,23944.83,-1627.64,-0.07293212093458003,1,January,2025Q1
O000285,2025-01-05,C0239,P0012,S005,1,0.1,2251.73,2017.18,234.55,0.1041643536303198,1,January,2025Q1
O000540,2025-01-05,C0852,P0009,S001,7,0.0,236346.11,190872.29,45473.82,0.19240350518144766,1,January,2025Q1
O000788,2025-01-05,C0932,P0051,S009,5,0.0,21368.55,16112.85,5255.7,0.2459549197301642,1,January,2025Q1
O001029,2025-01-05,C0531,P0076,S022,3,0.0,116039.22,81308.28,34730.94,0.29930345964062843,1,January,2025Q1
O001214,2025-01-05,C0552,P0110,S015,6,0.0,215980.8,154451.46,61529.34,0.2848833785225353,1,January,2025Q1
O001416,2025-01-05,C0366,P0097,S010,7,0.15,63610.56,57601.04,6009.52,0.094473621989808,1,January,2025Q1
O001636,2025-01-05,C0163,P0046,S017,4,0.05,109861.34,80666.92,29194.42,0.26573879401070477,1,January,2025Q1
O002075,2025-01-05,C0231,P0042,S014,3,0.05,20152.32,16878.12,3274.2,0.16247260861280488,1,January,2025Q1
O003094,2025-01-05,C0591,P0086,S011,3,0.0,44568.63,37651.14,6917.49,0.15520984154101214,1,January,2025Q1
O003387,2025-01-05,C0403,P0037,S022,4,0.05,140463.05,106840.36,33622.69,0.23937035398277345,1,January,2025Q1
O003592,2025-01-05,C0184,P0048,S012,2,0.0,18309.64,15696.82,2612.82,0.1427018772624694,1,January,2025Q1
O004434,2025-01-05,C0380,P0006,S005,2,0.2,3105.42,2944.7,160.72,0.05175467408595295,1,January,2025Q1
O004488,2025-01-05,C0819,P0087,S016,6,0.05,198062.46,136797.9,61264.56,0.30931939348829657,1,January,2025Q1
O004992,2025-01-05,C0655,P0059,S025,4,0.15,7708.38,7183.84,524.54,0.06804802046603825,1,January,2025Q1
O005471,2025-01-05,C0828,P0072,S009,7,0.2,165270.95,140774.27,24496.68,0.14822132988283784,1,January,2025Q1
O005493,2025-01-05,C0936,P0104,S002,4,0.05,29795.69,24533.88,5261.81,0.17659634665282128,1,January,2025Q1
O005501,2025-01-05,C0813,P0027,S007,5,0.15,53224.28,47048.9,6175.38,0.11602561838318903,1,January,2025Q1
O005873,2025-01-05,C0972,P0044,S003,4,0.0,46455.8,40275.28,6180.52,0.1330408689550067,1,January,2025Q1
O000124,2025-01-04,C0657,P0093,S020,2,0.2,54388.59,44846.68,9541.91,0.17543955450950283,1,January,2025Q1
O000228,2025-01-04,C0783,P0110,S018,1,0.1,32397.12,25741.91,6655.21,0.20542597613615038,1,January,2025Q1
O000669,2025-01-04,C0420,P0082,S009,7,0.0,97563.34,68099.71,29463.63,0.3019948886538735,1,January,2025Q1
O001144,2025-01-04,C0067,P0112,S016,2,0.0,76527.64,54726.32,21801.32,0.28488164537675537,1,January,2025Q1
O001748,2025-01-04,C0608,P0076,S012,8,0.1,278494.13,216822.08,61672.05,0.2214482940807406,1,January,2025Q1
O001930,2025-01-04,C0346,P0120,S023,5,0.0,61265.85,49445.4,11820.45,0.19293701140194744,1,January,2025Q1
O002343,2025-01-04,C0671,P0114,S022,5,0.05,192466.06,145086.65,47379.41,0.24617020787976854,1,January,2025Q1
O002699,2025-01-04,C0993,P0041,S015,2,0.0,74176.88,51105.12,23071.76,0.3110370778603791,1,January,2025Q1
O003036,2025-01-04,C0642,P0040,S020,2,0.0,721.12,507.16,213.96,0.29670512536055027,1,January,2025Q1
O003414,2025-01-04,C0289,P0115,S022,6,0.1,181951.43,153463.62,28487.81,0.15656821163757825,1,January,2025Q1
O003794,2025-01-04,C0501,P0107,S003,3,0.05,64045.46,53067.09,10978.37,0.17141527283901156,1,January,2025Q1
O003868,2025-01-04,C0642,P0043,S018,6,0.1,121149.7,115568.82,5580.88,0.04606598282950763,1,January,2025Q1
O003934,2025-01-04,C0466,P0033,S010,4,0.1,107184.1,84780.92,22403.18,0.2090158894836081,1,January,2025Q1
O004010,2025-01-04,C0375,P0064,S024,4,0.2,110001.6,99008.56,10993.04,0.09993527366874663,1,January,2025Q1
O004195,2025-01-04,C0310,P0099,S018,8,0.1,141437.88,117095.36,24342.52,0.1721075004800694,1,January,2025Q1
O004991,2025-01-04,C0549,P0118,S019,8,0.0,215473.36,155926.4,59546.96,0.27635416276053804,1,January,2025Q1
O005684,2025-01-04,C0332,P0032,S015,7,0.05,251939.77,177975.91,73963.86,0.29357754831640914,1,January,2025Q1
O005936,2025-01-04,C0050,P0086,S003,2,0.2,23769.94,25100.76,-1330.82,-0.055987520372369474,1,January,2025Q1
O000076,2025-01-03,C0544,P0095,S002,7,0.15,224301.91,177217.81,47084.1,0.20991395035378876,1,January,2025Q1
O000132,2025-01-03,C0587,P0077,S013,2,0.05,75206.5,54067.12,21139.38,0.2810844807297242,1,January,2025Q1
O000614,2025-01-03,C0428,P0006,S002,8,0.2,12421.7,11778.8,642.9,0.05175620084207475,1,January,2025Q1
O000653,2025-01-03,C0994,P0095,S018,6,0.2,180949.44,151900.98,29048.46,0.16053357225090056,1,January,2025Q1
O000707,2025-01-03,C0997,P0093,S004,4,0.15,115575.76,89693.36,25882.4,0.22394315209348398,1,January,2025Q1
O000834,2025-01-03,C0539,P0099,S019,3,0.1,53039.2,43910.76,9128.44,0.17210742243472754,1,January,2025Q1
O001005,2025-01-03,C0402,P0025,S011,2,0.15,2514.11,2081.12,432.99,0.1722239679250311,1,January,2025Q1
O001538,2025-01-03,C0957,P0089,S002,5,0.0,162593.25,131806.15,30787.1,0.18935041891345428,1,January,2025Q1
O001832,2025-01-03,C0320,P0090,S007,4,0.2,66701.73,73388.28,-6686.55,-0.10024552586567095,1,January,2025Q1
O002043,2025-01-03,C0781,P0052,S002,7,0.05,184486.49,159569.62,24916.87,0.13506067571668798,1,January,2025Q1
O002244,2025-01-03,C0927,P0031,S022,6,0.0,7023.12,5118.0,1905.12,0.2712640535830229,1,January,2025Q1
O003718,2025-01-03,C0357,P0120,S007,3,0.15,31245.58,29667.24,1578.34,0.05051402470365408,1,January,2025Q1
O003967,2025-01-03,C0004,P0067,S017,2,0.0,41495.76,29550.18,11945.58,0.287874712982724,1,January,2025Q1
O004184,2025-01-03,C0585,P0076,S006,5,0.05,183728.76,135513.8,48214.96,0.2624246742861596,1,January,2025Q1
O004357,2025-01-03,C0919,P0009,S010,5,0.0,168818.65,136337.35,32481.3,0.19240350518144766,1,January,2025Q1
O004458,2025-01-03,C0070,P0057,S008,2,0.1,80032.81,59122.46,20910.35,0.2612722207304729,1,January,2025Q1
O004546,2025-01-03,C0148,P0103,S007,4,0.15,34168.27,30539.24,3629.03,0.10621052807180464,1,January,2025Q1
O004945,2025-01-03,C0116,P0009,S005,3,0.0,101291.19,81802.41,19488.78,0.19240350518144764,1,January,2025Q1
O005502,2025-01-03,C0074,P0108,S011,4,0.1,114809.72,90076.16,24733.56,0.21543088860420528,1,January,2025Q1
O005887,2025-01-03,C0854,P0050,S001,4,0.0,76426.04,59575.36,16850.68,0.2204834896587603,1,January,2025Q1
O000983,2025-01-02,C0624,P0061,S001,1,0.2,19852.13,19885.82,-33.69,-0.0016970471178659415,1,January,2025Q1
O002633,2025-01-02,C0483,P0023,S002,3,0.05,123704.48,84207.42,39497.06,0.3192856071178667,1,January,2025Q1
O002740,2025-01-02,C0444,P0060,S006,1,0.0,30006.33,20976.46,9029.87,0.3009321699788011,1,January,2025Q1
O002900,2025-01-02,C0919,P0045,S014,2,0.0,15616.3,10406.1,5210.2,0.33363856995575136,1,January,2025Q1
O002956,2025-01-02,C0386,P0070,S005,2,0.2,19060.11,16098.68,2961.43,0.15537318514950857,1,January,2025Q1
O003143,2025-01-02,C0323,P0032,S022,2,0.05,71982.79,50850.26,21132.53,0.29357753429673955,1,January,2025Q1
O003720,2025-01-02,C0330,P0081,S002,6,0.0,249468.72,179511.72,69957.0,0.28042393451170955,1,January,2025Q1
O004055,2025-01-02,C0483,P0018,S025,8,0.15,10717.89,8585.92,2131.97,0.1989169510043488,1,January,2025Q1
O004155,2025-01-02,C0429,P0096,S016,6,0.1,34941.56,25228.14,9713.42,0.27799045034051145,1,January,2025Q1
O004573,2025-01-02,C0513,P0067,S025,3,0.15,52907.09,44325.27,8581.82,0.16220548134474982,1,January,2025Q1
O004815,2025-01-02,C0992,P0082,S014,7,0.15,82928.84,68099.71,14829.13,0.1788175259656351,1,January,2025Q1
O005299,2025-01-02,C0388,P0055,S022,3,0.15,80845.68,79981.05,864.63,0.010694820057175598,1,January,2025Q1
O005438,2025-01-02,C0012,P0045,S019,4,0.0,31232.6,20812.2,10420.4,0.33363856995575136,1,January,2025Q1
O005533,2025-01-02,C0850,P0075,S009,1,0.1,31564.46,26473.29,5091.17,0.16129437981831465,1,January,2025Q1
O005622,2025-01-02,C0144,P0023,S004,7,0.15,258260.23,196483.98,61776.25,0.23920156037962173,1,January,2025Q1
O005676,2025-01-02,C0409,P0079,S012,3,0.0,128435.25,87511.53,40923.72,0.31863308554310443,1,January,2025Q1
O000208,2025-01-01,C1000,P0021,S003,5,0.1,109862.1,98872.8,10989.3,0.10002812616907922,1,January,2025Q1
O000272,2025-01-01,C0536,P0105,S025,3,0.05,52003.58,36086.64,15916.94,0.3060739279872655,1,January,2025Q1
O000438,2025-01-01,C0122,P0004,S015,2,0.2,13626.53,12185.92,1440.61,0.10572097225045553,1,January,2025Q1
O001211,2025-01-01,C0319,P0008,S019,4,0.1,54457.78,46421.36,8036.42,0.14757156828647808,1,January,2025Q1
O001323,2025-01-01,C0054,P0085,S024,6,0.0,151417.14,112602.78,38814.36,0.2563405965797531,1,January,2025Q1
O001597,2025-01-01,C0052,P0033,S005,6,0.05,169708.15,127171.38,42536.77,0.25064659534618694,1,January,2025Q1
O002460,2025-01-01,C0915,P0102,S017,2,0.1,2300.87,2125.32,175.55,0.07629722670120434,1,January,2025Q1
O002637,2025-01-01,C0842,P0119,S007,3,0.1,10600.25,10264.56,335.69,0.03166812103488125,1,January,2025Q1
O002912,2025-01-01,C0007,P0086,S017,7,0.15,88394.45,87852.66,541.79,0.006129230964161211,1,January,2025Q1
O003436,2025-01-01,C0056,P0023,S018,4,0.15,147577.27,112276.56,35300.71,0.2392015382856723,1,January,2025Q1
O003562,2025-01-01,C0831,P0018,S001,5,0.0,7880.8,5366.2,2514.6,0.31907928129123947,1,January,2025Q1
O004216,2025-01-01,C0269,P0118,S011,1,0.15,22894.04,19490.8,3403.24,0.14865178884984911,1,January,2025Q1
O004682,2025-01-01,C0308,P0061,S025,4,0.0,99260.64,79543.28,19717.36,0.19864228157303843,1,January,2025Q1
O005169,2025-01-01,C0453,P0083,S010,6,0.15,77456.0,70592.1,6863.9,0.08861676306548233,1,January,2025Q1
O005551,2025-01-01,C0308,P0003,S015,2,0.05,22092.82,15825.72,6267.1,0.2836713466184942,1,January,2025Q1
O005876,2025-01-01,C0587,P0096,S009,1,0.1,5823.59,4204.69,1618.9,0.2779900370733517,1,January,2025Q1
